csv-epoch,csv-train_loss_step,step,csv-val_loss_step,csv-val_loss_epoch,csv-accuracy/exact,csv-accuracy/validator,csv-train_loss_epoch
0,4.121776580810547,0,,,,,
0,3.4077460765838623,1,,,,,
0,3.1416103839874268,2,,,,,
0,3.0644381046295166,3,,,,,
0,2.7384822368621826,4,,,,,
0,2.872154712677002,5,,,,,
0,2.655724287033081,6,,,,,
0,2.397970676422119,7,,,,,
0,2.2905118465423584,8,,,,,
0,2.2718505859375,9,,,,,
0,2.2560956478118896,10,,,,,
0,2.078683376312256,11,,,,,
0,1.9969769716262817,12,,,,,
0,1.9695378541946411,13,,,,,
0,1.9077759981155396,14,,,,,
0,1.851646900177002,15,,,,,
0,1.8620351552963257,16,,,,,
0,1.7996577024459839,17,,,,,
0,1.7250847816467285,18,,,,,
0,1.7248934507369995,19,,,,,
0,1.6252309083938599,20,,,,,
0,1.6385881900787354,21,,,,,
0,1.6285147666931152,22,,,,,
0,1.5386492013931274,23,,,,,
0,1.464975118637085,24,,,,,
0,1.4729350805282593,25,,,,,
0,1.662695050239563,26,,,,,
,,0,1.161786437034607,,,,
,,1,1.018847942352295,,,,
,,2,0.9836105108261108,,,,
,,3,1.1190769672393799,,,,
0,,26,,1.0618959665298462,,,
0,,26,,,0.01388888992369175,0.01388888992369175,2.191342353820801
1,1.4156709909439087,27,,,,,
1,1.3731424808502197,28,,,,,
1,1.5197207927703857,29,,,,,
1,1.3754723072052002,30,,,,,
1,1.411088466644287,31,,,,,
1,1.384635329246521,32,,,,,
1,1.3393430709838867,33,,,,,
1,1.2774608135223389,34,,,,,
1,1.1974906921386719,35,,,,,
1,1.3079770803451538,36,,,,,
1,1.362955927848816,37,,,,,
1,1.2414387464523315,38,,,,,
1,1.2344127893447876,39,,,,,
1,1.2819125652313232,40,,,,,
1,1.1894327402114868,41,,,,,
1,1.285197138786316,42,,,,,
1,1.3062362670898438,43,,,,,
1,1.1995595693588257,44,,,,,
1,1.1784403324127197,45,,,,,
1,1.3313432931900024,46,,,,,
1,1.2665382623672485,47,,,,,
1,1.1379168033599854,48,,,,,
1,1.1343168020248413,49,,,,,
1,1.1432726383209229,50,,,,,
1,1.0131475925445557,51,,,,,
1,1.1313132047653198,52,,,,,
1,1.070310115814209,53,,,,,
,,4,0.8983067870140076,,,,
,,5,0.7695082426071167,,,,
,,6,0.7118532657623291,,,,
,,7,0.9068983793258667,,,,
1,,53,,0.8058533668518066,,,
1,,53,,,0.0,0.0190972238779068,1.2633240222930908
2,1.0500059127807617,54,,,,,
2,1.0833927392959595,55,,,,,
2,1.027328372001648,56,,,,,
2,0.973210871219635,57,,,,,
2,1.0799140930175781,58,,,,,
2,1.1272010803222656,59,,,,,
2,1.1398831605911255,60,,,,,
2,0.9427951574325562,61,,,,,
2,0.937309980392456,62,,,,,
2,0.9413629174232483,63,,,,,
2,1.0213361978530884,64,,,,,
2,1.087141752243042,65,,,,,
2,1.1045609712600708,66,,,,,
2,0.9545107483863831,67,,,,,
2,1.0699621438980103,68,,,,,
2,1.0034257173538208,69,,,,,
2,0.9255370497703552,70,,,,,
2,0.9989749193191528,71,,,,,
2,0.8981170058250427,72,,,,,
2,0.9081518054008484,73,,,,,
2,0.853911280632019,74,,,,,
2,0.8466905951499939,75,,,,,
2,0.9217459559440613,76,,,,,
2,0.862695574760437,77,,,,,
2,0.8099378943443298,78,,,,,
2,0.8499244451522827,79,,,,,
2,0.8751747012138367,80,,,,,
,,8,0.7295177578926086,,,,
,,9,0.6256820559501648,,,,
,,10,0.5621775984764099,,,,
,,11,0.7807732820510864,,,,
2,,80,,0.6548644304275513,,,
2,,80,,,0.0243055559694767,0.0260416679084301,0.973859429359436
3,0.8891873955726624,81,,,,,
3,0.8912970423698425,82,,,,,
3,0.7582759261131287,83,,,,,
3,0.9811511635780334,84,,,,,
3,0.7238194346427917,85,,,,,
3,0.9743199348449707,86,,,,,
3,0.8758537173271179,87,,,,,
3,0.6990848183631897,88,,,,,
3,0.6819628477096558,89,,,,,
3,0.8317339420318604,90,,,,,
3,0.8815564513206482,91,,,,,
3,0.8222877383232117,92,,,,,
3,0.7075081467628479,93,,,,,
3,0.7307470440864563,94,,,,,
3,0.6900312900543213,95,,,,,
3,0.7695490121841431,96,,,,,
3,0.6989067792892456,97,,,,,
3,0.7261748909950256,98,,,,,
3,0.6824048161506653,99,,,,,
3,0.8248785734176636,100,,,,,
3,0.6021119952201843,101,,,,,
3,0.6063796877861023,102,,,,,
3,0.7670045495033264,103,,,,,
3,0.6693353056907654,104,,,,,
3,0.5394756197929382,105,,,,,
3,0.8218560814857483,106,,,,,
3,0.5511698722839355,107,,,,,
,,12,0.48481643199920654,,,,
,,13,0.33986347913742065,,,,
,,14,0.2894968092441559,,,,
,,15,0.507085919380188,,,,
3,,107,,0.386469304561615,,,
3,,107,,,0.1996527761220932,0.5208333730697632,0.755483865737915
4,0.7080294489860535,108,,,,,
4,0.5912004709243774,109,,,,,
4,0.6519727110862732,110,,,,,
4,0.5110316872596741,111,,,,,
4,0.5454697608947754,112,,,,,
4,0.5583571791648865,113,,,,,
4,0.512039065361023,114,,,,,
4,0.579481303691864,115,,,,,
4,0.426273912191391,116,,,,,
4,0.5751420259475708,117,,,,,
4,0.5753788352012634,118,,,,,
4,0.5089802742004395,119,,,,,
4,0.4759574830532074,120,,,,,
4,0.6206102967262268,121,,,,,
4,0.38170140981674194,122,,,,,
4,0.5038563013076782,123,,,,,
4,0.5514823198318481,124,,,,,
4,0.5625857710838318,125,,,,,
4,0.5862518548965454,126,,,,,
4,0.4724994897842407,127,,,,,
4,0.5199161767959595,128,,,,,
4,0.38560280203819275,129,,,,,
4,0.48607420921325684,130,,,,,
4,0.4184156656265259,131,,,,,
4,0.5074841976165771,132,,,,,
4,0.45999082922935486,133,,,,,
4,0.29802554845809937,134,,,,,
,,16,0.35698410868644714,,,,
,,17,0.21774397790431976,,,,
,,18,0.1824432909488678,,,,
,,19,0.3704427182674408,,,,
4,,134,,0.26550737023353577,,,
4,,134,,,0.3958333730697632,0.7309028506278992,0.5175485014915466
5,0.4700878858566284,135,,,,,
5,0.3123073875904083,136,,,,,
5,0.41171425580978394,137,,,,,
5,0.39559313654899597,138,,,,,
5,0.487773597240448,139,,,,,
5,0.4682566225528717,140,,,,,
5,0.4158736765384674,141,,,,,
5,0.5248050093650818,142,,,,,
5,0.3412177264690399,143,,,,,
5,0.41740208864212036,144,,,,,
5,0.3769788146018982,145,,,,,
5,0.3251058757305145,146,,,,,
5,0.30625101923942566,147,,,,,
5,0.2639138400554657,148,,,,,
5,0.5107016563415527,149,,,,,
5,0.2931782901287079,150,,,,,
5,0.39241844415664673,151,,,,,
5,0.3675617575645447,152,,,,,
5,0.34710100293159485,153,,,,,
5,0.29651278257369995,154,,,,,
5,0.2591444253921509,155,,,,,
5,0.3206762969493866,156,,,,,
5,0.47594544291496277,157,,,,,
5,0.31213247776031494,158,,,,,
5,0.3996778726577759,159,,,,,
5,0.3109079897403717,160,,,,,
5,0.258920282125473,161,,,,,
,,20,0.30530762672424316,,,,
,,21,0.15791931748390198,,,,
,,22,0.13440030813217163,,,,
,,23,0.3102074861526489,,,,
5,,161,,0.2115422487258911,,,
5,,161,,,0.4774305820465088,0.8993055820465088,0.3726726174354553
6,0.21536418795585632,162,,,,,
6,0.3437252640724182,163,,,,,
6,0.3541022837162018,164,,,,,
6,0.2635730504989624,165,,,,,
6,0.38276705145835876,166,,,,,
6,0.4805678427219391,167,,,,,
6,0.33047738671302795,168,,,,,
6,0.2721143662929535,169,,,,,
6,0.361741840839386,170,,,,,
6,0.2706955671310425,171,,,,,
6,0.2729921042919159,172,,,,,
6,0.27894625067710876,173,,,,,
6,0.23053306341171265,174,,,,,
6,0.2636195421218872,175,,,,,
6,0.6074422001838684,176,,,,,
6,0.26234009861946106,177,,,,,
6,0.28560638427734375,178,,,,,
6,0.20167556405067444,179,,,,,
6,0.29510995745658875,180,,,,,
6,0.2164628654718399,181,,,,,
6,0.37174737453460693,182,,,,,
6,0.37391096353530884,183,,,,,
6,0.19869452714920044,184,,,,,
6,0.2851306200027466,185,,,,,
6,0.21280188858509064,186,,,,,
6,0.3177991509437561,187,,,,,
6,0.22311519086360931,188,,,,,
,,24,0.27720093727111816,,,,
,,25,0.13913476467132568,,,,
,,26,0.11944566667079926,,,,
,,27,0.285891056060791,,,,
6,,188,,0.19051571190357208,,,
6,,188,,,0.4930555820465088,0.9392361640930176,0.3027057945728302
7,0.22364261746406555,189,,,,,
7,0.2376226782798767,190,,,,,
7,0.3524487614631653,191,,,,,
7,0.4713267385959625,192,,,,,
7,0.3332858085632324,193,,,,,
7,0.27878624200820923,194,,,,,
7,0.24936912953853607,195,,,,,
7,0.31557050347328186,196,,,,,
7,0.23887118697166443,197,,,,,
7,0.2006775289773941,198,,,,,
7,0.3588557541370392,199,,,,,
7,0.2442147582769394,200,,,,,
7,0.17784090340137482,201,,,,,
7,0.2511637508869171,202,,,,,
7,0.2924131155014038,203,,,,,
7,0.1921045035123825,204,,,,,
7,0.27849480509757996,205,,,,,
7,0.2167971432209015,206,,,,,
7,0.2206210047006607,207,,,,,
7,0.2135728895664215,208,,,,,
7,0.20957346260547638,209,,,,,
7,0.4231697618961334,210,,,,,
7,0.2048337161540985,211,,,,,
7,0.19495242834091187,212,,,,,
7,0.3092050552368164,213,,,,,
7,0.22238467633724213,214,,,,,
7,0.25252991914749146,215,,,,,
,,28,0.25371524691581726,,,,
,,29,0.12959325313568115,,,,
,,30,0.108223095536232,,,,
,,31,0.25541743636131287,,,,
7,,215,,0.17401869595050812,,,
7,,215,,,0.5017361640930176,0.928819477558136,0.2653455138206482
8,0.23974356055259705,216,,,,,
8,0.1775822639465332,217,,,,,
8,0.22238242626190186,218,,,,,
8,0.172848641872406,219,,,,,
8,0.16416147351264954,220,,,,,
8,0.1990184783935547,221,,,,,
8,0.3460918366909027,222,,,,,
8,0.31581661105155945,223,,,,,
8,0.3381975293159485,224,,,,,
8,0.1907682716846466,225,,,,,
8,0.17843414843082428,226,,,,,
8,0.30764174461364746,227,,,,,
8,0.3187643587589264,228,,,,,
8,0.2570260763168335,229,,,,,
8,0.16967520117759705,230,,,,,
8,0.3945842683315277,231,,,,,
8,0.21913091838359833,232,,,,,
8,0.17786413431167603,233,,,,,
8,0.30143967270851135,234,,,,,
8,0.19243188202381134,235,,,,,
8,0.25409263372421265,236,,,,,
8,0.1470901221036911,237,,,,,
8,0.19270069897174835,238,,,,,
8,0.24552325904369354,239,,,,,
8,0.152542382478714,240,,,,,
8,0.17561125755310059,241,,,,,
8,0.29678285121917725,242,,,,,
,,32,0.22893831133842468,,,,
,,33,0.11867029219865799,,,,
,,34,0.09279416501522064,,,,
,,35,0.2306719273328781,,,,
8,,242,,0.1561199277639389,,,
8,,242,,,0.5555555820465088,0.9322916269302368,0.2351091355085373
9,0.28422310948371887,243,,,,,
9,0.26626330614089966,244,,,,,
9,0.20973122119903564,245,,,,,
9,0.16369886696338654,246,,,,,
9,0.2365044504404068,247,,,,,
9,0.23640668392181396,248,,,,,
9,0.15573690831661224,249,,,,,
9,0.18148000538349152,250,,,,,
9,0.17427890002727509,251,,,,,
9,0.14344164729118347,252,,,,,
9,0.31719526648521423,253,,,,,
9,0.2422797679901123,254,,,,,
9,0.25557926297187805,255,,,,,
9,0.14298008382320404,256,,,,,
9,0.18480218946933746,257,,,,,
9,0.3129690885543823,258,,,,,
9,0.15111574530601501,259,,,,,
9,0.2464262843132019,260,,,,,
9,0.19068820774555206,261,,,,,
9,0.19692519307136536,262,,,,,
9,0.2781766355037689,263,,,,,
9,0.3105764389038086,264,,,,,
9,0.13410420715808868,265,,,,,
9,0.239398792386055,266,,,,,
9,0.1840059608221054,267,,,,,
9,0.183030903339386,268,,,,,
9,0.1547359973192215,269,,,,,
,,36,0.20978336036205292,,,,
,,37,0.11901577562093735,,,,
,,38,0.0917971208691597,,,,
,,39,0.21898245811462402,,,,
9,,269,,0.14895249903202057,,,
9,,269,,,0.5625,0.9635416865348816,0.2139538824558258
10,0.1844799965620041,270,,,,,
10,0.1619432270526886,271,,,,,
10,0.23650142550468445,272,,,,,
10,0.24613356590270996,273,,,,,
10,0.30578917264938354,274,,,,,
10,0.16022184491157532,275,,,,,
10,0.20805731415748596,276,,,,,
10,0.15517863631248474,277,,,,,
10,0.1612464338541031,278,,,,,
10,0.2913447916507721,279,,,,,
10,0.2285357266664505,280,,,,,
10,0.30341431498527527,281,,,,,
10,0.15132828056812286,282,,,,,
10,0.1856224089860916,283,,,,,
10,0.22653435170650482,284,,,,,
10,0.17453058063983917,285,,,,,
10,0.21175649762153625,286,,,,,
10,0.19323518872261047,287,,,,,
10,0.21904601156711578,288,,,,,
10,0.13751882314682007,289,,,,,
10,0.1251736730337143,290,,,,,
10,0.15454208850860596,291,,,,,
10,0.23012520372867584,292,,,,,
10,0.2128155380487442,293,,,,,
10,0.16233941912651062,294,,,,,
10,0.13629241287708282,295,,,,,
10,0.15192994475364685,296,,,,,
,,40,0.1847613900899887,,,,
,,41,0.11565150320529938,,,,
,,42,0.08997956663370132,,,,
,,43,0.1923469603061676,,,,
10,,296,,0.13704372942447662,,,
10,,296,,,0.5729166865348816,0.9583333730697632,0.1968754380941391
11,0.1305186152458191,297,,,,,
11,0.166321262717247,298,,,,,
11,0.27933526039123535,299,,,,,
11,0.1520567536354065,300,,,,,
11,0.11868873983621597,301,,,,,
11,0.14315074682235718,302,,,,,
11,0.2288334220647812,303,,,,,
11,0.1274721622467041,304,,,,,
11,0.15298429131507874,305,,,,,
11,0.11854914575815201,306,,,,,
11,0.16919541358947754,307,,,,,
11,0.22900983691215515,308,,,,,
11,0.15942656993865967,309,,,,,
11,0.19137617945671082,310,,,,,
11,0.18669675290584564,311,,,,,
11,0.1855928748846054,312,,,,,
11,0.15058359503746033,313,,,,,
11,0.20140425860881805,314,,,,,
11,0.1930314302444458,315,,,,,
11,0.26774436235427856,316,,,,,
11,0.32910531759262085,317,,,,,
11,0.13765738904476166,318,,,,,
11,0.22689059376716614,319,,,,,
11,0.21544542908668518,320,,,,,
11,0.2723460793495178,321,,,,,
11,0.20028409361839294,322,,,,,
11,0.155387744307518,323,,,,,
,,44,0.17664889991283417,,,,
,,45,0.10829228907823563,,,,
,,46,0.08355692774057388,,,,
,,47,0.1841127872467041,,,,
11,,323,,0.1296416074037552,,,
11,,323,,,0.5729166865348816,0.914930522441864,0.18848474323749542
12,0.18747900426387787,324,,,,,
12,0.15242119133472443,325,,,,,
12,0.19015277922153473,326,,,,,
12,0.20739351212978363,327,,,,,
12,0.18648980557918549,328,,,,,
12,0.24691557884216309,329,,,,,
12,0.18296876549720764,330,,,,,
12,0.16741134226322174,331,,,,,
12,0.1474582403898239,332,,,,,
12,0.1833098828792572,333,,,,,
12,0.17202144861221313,334,,,,,
12,0.2284141331911087,335,,,,,
12,0.13707011938095093,336,,,,,
12,0.15003268420696259,337,,,,,
12,0.25593313574790955,338,,,,,
12,0.17137019336223602,339,,,,,
12,0.21967309713363647,340,,,,,
12,0.12406840175390244,341,,,,,
12,0.1194358766078949,342,,,,,
12,0.13625600934028625,343,,,,,
12,0.11294257640838623,344,,,,,
12,0.34731021523475647,345,,,,,
12,0.22063998878002167,346,,,,,
12,0.15174192190170288,347,,,,,
12,0.11867984384298325,348,,,,,
12,0.15527884662151337,349,,,,,
12,0.1313752979040146,350,,,,,
,,48,0.14547759294509888,,,,
,,49,0.10663271695375443,,,,
,,50,0.08284086734056473,,,,
,,51,0.14762873947620392,,,,
12,,350,,0.11564798653125763,,,
12,,350,,,0.5434027910232544,0.8854166865348816,0.1779349446296692
13,0.13708451390266418,351,,,,,
13,0.18551570177078247,352,,,,,
13,0.19681262969970703,353,,,,,
13,0.10394402593374252,354,,,,,
13,0.2311825156211853,355,,,,,
13,0.14150385558605194,356,,,,,
13,0.1378038227558136,357,,,,,
13,0.18456731736660004,358,,,,,
13,0.12879277765750885,359,,,,,
13,0.20022493600845337,360,,,,,
13,0.1388753205537796,361,,,,,
13,0.14949123561382294,362,,,,,
13,0.19892270863056183,363,,,,,
13,0.1563713252544403,364,,,,,
13,0.11423305422067642,365,,,,,
13,0.18989641964435577,366,,,,,
13,0.2166275531053543,367,,,,,
13,0.10703850537538528,368,,,,,
13,0.22463132441043854,369,,,,,
13,0.139677494764328,370,,,,,
13,0.21518085896968842,371,,,,,
13,0.15528057515621185,372,,,,,
13,0.1212853491306305,373,,,,,
13,0.14713594317436218,374,,,,,
13,0.20695418119430542,375,,,,,
13,0.21744555234909058,376,,,,,
13,0.0981656089425087,377,,,,,
,,52,0.11659131944179535,,,,
,,53,0.10124488919973373,,,,
,,54,0.08048159629106522,,,,
,,55,0.11736363917589188,,,,
13,,377,,0.10143087804317474,,,
13,,377,,,0.5486111044883728,0.8750000596046448,0.16461648046970367
14,0.13735949993133545,378,,,,,
14,0.1908898949623108,379,,,,,
14,0.20407751202583313,380,,,,,
14,0.1313249170780182,381,,,,,
14,0.1818542629480362,382,,,,,
14,0.09878960251808167,383,,,,,
14,0.11923583596944809,384,,,,,
14,0.18666236102581024,385,,,,,
14,0.12539856135845184,386,,,,,
14,0.16419707238674164,387,,,,,
14,0.186092808842659,388,,,,,
14,0.1149890348315239,389,,,,,
14,0.14078135788440704,390,,,,,
14,0.15103071928024292,391,,,,,
14,0.19651412963867188,392,,,,,
14,0.12779121100902557,393,,,,,
14,0.12005045264959335,394,,,,,
14,0.11896458268165588,395,,,,,
14,0.15170176327228546,396,,,,,
14,0.16654527187347412,397,,,,,
14,0.10261613130569458,398,,,,,
14,0.19193395972251892,399,,,,,
14,0.1777488887310028,400,,,,,
14,0.20027892291545868,401,,,,,
14,0.10912258923053741,402,,,,,
14,0.12308932095766068,403,,,,,
14,0.1955406665802002,404,,,,,
,,56,0.0985633134841919,,,,
,,57,0.09889612346887589,,,,
,,58,0.08273600786924362,,,,
,,59,0.11044362187385559,,,,
14,,404,,0.09529238194227219,,,
14,,404,,,0.5833333730697632,0.8993055820465088,0.15239189565181732
15,0.14291436970233917,405,,,,,
15,0.10472100973129272,406,,,,,
15,0.12526769936084747,407,,,,,
15,0.14802120625972748,408,,,,,
15,0.2019856721162796,409,,,,,
15,0.08352009207010269,410,,,,,
15,0.23810428380966187,411,,,,,
15,0.11985982209444046,412,,,,,
15,0.18854102492332458,413,,,,,
15,0.12542803585529327,414,,,,,
15,0.12536214292049408,415,,,,,
15,0.14848512411117554,416,,,,,
15,0.13194818794727325,417,,,,,
15,0.18714161217212677,418,,,,,
15,0.09313103556632996,419,,,,,
15,0.1526663899421692,420,,,,,
15,0.12381058931350708,421,,,,,
15,0.10368029773235321,422,,,,,
15,0.14570190012454987,423,,,,,
15,0.1391317993402481,424,,,,,
15,0.1115269660949707,425,,,,,
15,0.10439366102218628,426,,,,,
15,0.14766430854797363,427,,,,,
15,0.12994706630706787,428,,,,,
15,0.1736634224653244,429,,,,,
15,0.21656307578086853,430,,,,,
15,0.23431451618671417,431,,,,,
,,60,0.08373986184597015,,,,
,,61,0.09317204356193542,,,,
,,62,0.07675642520189285,,,,
,,63,0.08481626212596893,,,,
15,,431,,0.08458501100540161,,,
15,,431,,,0.5885416865348816,0.9045138955116272,0.14620353281497955
16,0.09705805778503418,432,,,,,
16,0.0665258914232254,433,,,,,
16,0.20016248524188995,434,,,,,
16,0.1658497154712677,435,,,,,
16,0.11817919462919235,436,,,,,
16,0.11025062948465347,437,,,,,
16,0.14576011896133423,438,,,,,
16,0.17876482009887695,439,,,,,
16,0.16694766283035278,440,,,,,
16,0.1317063868045807,441,,,,,
16,0.17134661972522736,442,,,,,
16,0.13497698307037354,443,,,,,
16,0.10489524900913239,444,,,,,
16,0.166188582777977,445,,,,,
16,0.14989370107650757,446,,,,,
16,0.10145731270313263,447,,,,,
16,0.08855587244033813,448,,,,,
16,0.13609164953231812,449,,,,,
16,0.12581154704093933,450,,,,,
16,0.12649261951446533,451,,,,,
16,0.12864026427268982,452,,,,,
16,0.17357327044010162,453,,,,,
16,0.14071793854236603,454,,,,,
16,0.17657679319381714,455,,,,,
16,0.1131102591753006,456,,,,,
16,0.11439695209264755,457,,,,,
16,0.11135447025299072,458,,,,,
,,64,0.06814613193273544,,,,
,,65,0.09021354466676712,,,,
,,66,0.07197892665863037,,,,
,,67,0.07318319380283356,,,,
16,,458,,0.0763799324631691,,,
16,,458,,,0.5590277910232544,0.8854166269302368,0.13501055538654327
17,0.1529673933982849,459,,,,,
17,0.13072918355464935,460,,,,,
17,0.10195787996053696,461,,,,,
17,0.12445201724767685,462,,,,,
17,0.1250522881746292,463,,,,,
17,0.10597480833530426,464,,,,,
17,0.1167706847190857,465,,,,,
17,0.11870908737182617,466,,,,,
17,0.12483523041009903,467,,,,,
17,0.09100598841905594,468,,,,,
17,0.13020354509353638,469,,,,,
17,0.09055943787097931,470,,,,,
17,0.10432927310466766,471,,,,,
17,0.14077048003673553,472,,,,,
17,0.17147912085056305,473,,,,,
17,0.11667902022600174,474,,,,,
17,0.1357661336660385,475,,,,,
17,0.11099178344011307,476,,,,,
17,0.08902613073587418,477,,,,,
17,0.1578855961561203,478,,,,,
17,0.19519948959350586,479,,,,,
17,0.10154835134744644,480,,,,,
17,0.1257956176996231,481,,,,,
17,0.11973480880260468,482,,,,,
17,0.15068446099758148,483,,,,,
17,0.1325250267982483,484,,,,,
17,0.14358125627040863,485,,,,,
,,68,0.061159875243902206,,,,
,,69,0.0889134481549263,,,,
,,70,0.07200712710618973,,,,
,,71,0.0649636760354042,,,,
17,,485,,0.07301979511976242,,,
17,,485,,,0.59375,0.9444444179534912,0.1262671798467636
18,0.08312917500734329,486,,,,,
18,0.08650841563940048,487,,,,,
18,0.20954501628875732,488,,,,,
18,0.11816035211086273,489,,,,,
18,0.14971935749053955,490,,,,,
18,0.12658031284809113,491,,,,,
18,0.10528811812400818,492,,,,,
18,0.14487646520137787,493,,,,,
18,0.15059587359428406,494,,,,,
18,0.10441904515028,495,,,,,
18,0.14969685673713684,496,,,,,
18,0.09842392057180405,497,,,,,
18,0.10029449313879013,498,,,,,
18,0.12913206219673157,499,,,,,
18,0.11939018219709396,500,,,,,
18,0.12389622628688812,501,,,,,
18,0.08482722193002701,502,,,,,
18,0.10881929844617844,503,,,,,
18,0.1239522397518158,504,,,,,
18,0.13453148305416107,505,,,,,
18,0.0788409411907196,506,,,,,
18,0.15909521281719208,507,,,,,
18,0.12952779233455658,508,,,,,
18,0.14672505855560303,509,,,,,
18,0.08370526134967804,510,,,,,
18,0.1148541122674942,511,,,,,
18,0.09419947117567062,512,,,,,
,,72,0.05706740915775299,,,,
,,73,0.08474992960691452,,,,
,,74,0.0749826580286026,,,,
,,75,0.06225718930363655,,,,
18,,512,,0.07115449756383896,,,
18,,512,,,0.553819477558136,0.914930522441864,0.12069385498762131
19,0.11098745465278625,513,,,,,
19,0.0938432440161705,514,,,,,
19,0.10099092125892639,515,,,,,
19,0.0724598616361618,516,,,,,
19,0.16076619923114777,517,,,,,
19,0.11068031936883926,518,,,,,
19,0.16245734691619873,519,,,,,
19,0.1392108052968979,520,,,,,
19,0.13358603417873383,521,,,,,
19,0.10537717491388321,522,,,,,
19,0.10357669740915298,523,,,,,
19,0.11494193971157074,524,,,,,
19,0.07373082637786865,525,,,,,
19,0.11838661134243011,526,,,,,
19,0.13480408489704132,527,,,,,
19,0.07238199561834335,528,,,,,
19,0.11613935232162476,529,,,,,
19,0.09909579902887344,530,,,,,
19,0.08541426807641983,531,,,,,
19,0.17030368745326996,532,,,,,
19,0.08488196134567261,533,,,,,
19,0.15784552693367004,534,,,,,
19,0.08086146414279938,535,,,,,
19,0.12959910929203033,536,,,,,
19,0.07245976477861404,537,,,,,
19,0.11138928681612015,538,,,,,
19,0.10928131639957428,539,,,,,
,,76,0.05337127298116684,,,,
,,77,0.08149950951337814,,,,
,,78,0.0666646957397461,,,,
,,79,0.05211551487445831,,,,
19,,539,,0.06550482660531998,,,
19,,539,,,0.5989583730697632,0.9496527910232544,0.11205381155014038
20,0.09446387737989426,540,,,,,
20,0.09790433943271637,541,,,,,
20,0.08580818772315979,542,,,,,
20,0.11764739453792572,543,,,,,
20,0.11504460871219635,544,,,,,
20,0.10158535838127136,545,,,,,
20,0.1348736435174942,546,,,,,
20,0.07769143581390381,547,,,,,
20,0.11130895465612411,548,,,,,
20,0.10563072562217712,549,,,,,
20,0.11827469617128372,550,,,,,
20,0.09419198334217072,551,,,,,
20,0.14910189807415009,552,,,,,
20,0.10881675779819489,553,,,,,
20,0.14261458814144135,554,,,,,
20,0.09920261055231094,555,,,,,
20,0.10625843703746796,556,,,,,
20,0.09380622953176498,557,,,,,
20,0.11533398926258087,558,,,,,
20,0.0977596566081047,559,,,,,
20,0.11678779125213623,560,,,,,
20,0.09965982288122177,561,,,,,
20,0.10245466232299805,562,,,,,
20,0.09049961715936661,563,,,,,
20,0.11331424862146378,564,,,,,
20,0.08650548756122589,565,,,,,
20,0.10547180473804474,566,,,,,
,,80,0.0505424402654171,,,,
,,81,0.07784467935562134,,,,
,,82,0.0659983903169632,,,,
,,83,0.04898345097899437,,,,
20,,566,,0.06303831934928894,,,
20,,566,,,0.5833333730697632,0.9392361044883728,0.10674120485782623
21,0.10788378864526749,567,,,,,
21,0.08776085823774338,568,,,,,
21,0.11879861354827881,569,,,,,
21,0.07281576842069626,570,,,,,
21,0.09448492527008057,571,,,,,
21,0.10585083067417145,572,,,,,
21,0.09172645956277847,573,,,,,
21,0.06806442886590958,574,,,,,
21,0.146273672580719,575,,,,,
21,0.06871981918811798,576,,,,,
21,0.1190064549446106,577,,,,,
21,0.1403047740459442,578,,,,,
21,0.09446830302476883,579,,,,,
21,0.1512770652770996,580,,,,,
21,0.09657778590917587,581,,,,,
21,0.08821718394756317,582,,,,,
21,0.10772106796503067,583,,,,,
21,0.157219797372818,584,,,,,
21,0.068961963057518,585,,,,,
21,0.10328726470470428,586,,,,,
21,0.08732420951128006,587,,,,,
21,0.08171400427818298,588,,,,,
21,0.08128125965595245,589,,,,,
21,0.12153935432434082,590,,,,,
21,0.10545498877763748,591,,,,,
21,0.10671119391918182,592,,,,,
21,0.1110939159989357,593,,,,,
,,84,0.04326244816184044,,,,
,,85,0.07405011355876923,,,,
,,86,0.06212245672941208,,,,
,,87,0.04082207754254341,,,,
21,,593,,0.0577017143368721,,,
21,,593,,,0.5972222685813904,0.9496527910232544,0.10313110053539276
22,0.08058217167854309,594,,,,,
22,0.14244340360164642,595,,,,,
22,0.08661981672048569,596,,,,,
22,0.07220011204481125,597,,,,,
22,0.09811195731163025,598,,,,,
22,0.1134502962231636,599,,,,,
22,0.10691621154546738,600,,,,,
22,0.07226569205522537,601,,,,,
22,0.15439572930335999,602,,,,,
22,0.14355306327342987,603,,,,,
22,0.09343815594911575,604,,,,,
22,0.11667819321155548,605,,,,,
22,0.10722031444311142,606,,,,,
22,0.08639173209667206,607,,,,,
22,0.10887254029512405,608,,,,,
22,0.06922915577888489,609,,,,,
22,0.09384653717279434,610,,,,,
22,0.08948284387588501,611,,,,,
22,0.05238208547234535,612,,,,,
22,0.10711526870727539,613,,,,,
22,0.08957026898860931,614,,,,,
22,0.1270819753408432,615,,,,,
22,0.08407475799322128,616,,,,,
22,0.0894976258277893,617,,,,,
22,0.09389175474643707,618,,,,,
22,0.0767405778169632,619,,,,,
22,0.10889531672000885,620,,,,,
,,88,0.03723887726664543,,,,
,,89,0.06706919521093369,,,,
,,90,0.05375562235713005,,,,
,,91,0.038563817739486694,,,,
22,,620,,0.05111856013536453,,,
22,,620,,,0.647569477558136,0.9548611640930176,0.09870176762342453
23,0.10219612717628479,621,,,,,
23,0.08549085259437561,622,,,,,
23,0.10208296030759811,623,,,,,
23,0.0785951018333435,624,,,,,
23,0.0624922551214695,625,,,,,
23,0.09046220779418945,626,,,,,
23,0.09174614399671555,627,,,,,
23,0.14122448861598969,628,,,,,
23,0.11384433507919312,629,,,,,
23,0.08049776405096054,630,,,,,
23,0.09269935637712479,631,,,,,
23,0.09295286983251572,632,,,,,
23,0.06929647922515869,633,,,,,
23,0.08723951131105423,634,,,,,
23,0.09252552688121796,635,,,,,
23,0.07926847785711288,636,,,,,
23,0.10472844541072845,637,,,,,
23,0.08117520809173584,638,,,,,
23,0.0923091396689415,639,,,,,
23,0.0649624764919281,640,,,,,
23,0.08222457766532898,641,,,,,
23,0.07573582977056503,642,,,,,
23,0.08164454996585846,643,,,,,
23,0.12113570421934128,644,,,,,
23,0.11096137762069702,645,,,,,
23,0.10727065056562424,646,,,,,
23,0.06671949476003647,647,,,,,
,,92,0.036649107933044434,,,,
,,93,0.058785390108823776,,,,
,,94,0.051179736852645874,,,,
,,95,0.03039747104048729,,,,
23,,647,,0.046818751841783524,,,
23,,647,,,0.6684027910232544,0.9409722685813904,0.0907956212759018
24,0.10701008141040802,648,,,,,
24,0.07355785369873047,649,,,,,
24,0.056145161390304565,650,,,,,
24,0.07432381063699722,651,,,,,
24,0.09985270351171494,652,,,,,
24,0.0787465050816536,653,,,,,
24,0.08445324748754501,654,,,,,
24,0.11185293644666672,655,,,,,
24,0.07863783091306686,656,,,,,
24,0.08101125806570053,657,,,,,
24,0.06938847154378891,658,,,,,
24,0.056811124086380005,659,,,,,
24,0.06873001158237457,660,,,,,
24,0.08213800936937332,661,,,,,
24,0.0459577739238739,662,,,,,
24,0.10127848386764526,663,,,,,
24,0.1406027376651764,664,,,,,
24,0.1428130865097046,665,,,,,
24,0.08364693075418472,666,,,,,
24,0.08521819114685059,667,,,,,
24,0.10019611567258835,668,,,,,
24,0.07448197156190872,669,,,,,
24,0.06671378761529922,670,,,,,
24,0.0674636960029602,671,,,,,
24,0.07179692387580872,672,,,,,
24,0.0931696891784668,673,,,,,
24,0.07407865673303604,674,,,,,
,,96,0.02792465128004551,,,,
,,97,0.05313244089484215,,,,
,,98,0.04639012739062309,,,,
,,99,0.0238453708589077,,,,
24,,674,,0.04041162133216858,,,
24,,674,,,0.6996527910232544,0.9409722089767456,0.08407692611217499
25,0.0873083770275116,675,,,,,
25,0.059463076293468475,676,,,,,
25,0.10615473240613937,677,,,,,
25,0.10357747972011566,678,,,,,
25,0.09244582802057266,679,,,,,
25,0.07953828573226929,680,,,,,
25,0.09767471998929977,681,,,,,
25,0.10370094329118729,682,,,,,
25,0.0663977861404419,683,,,,,
25,0.06258156895637512,684,,,,,
25,0.06493151932954788,685,,,,,
25,0.0700506791472435,686,,,,,
25,0.1204458624124527,687,,,,,
25,0.07283487915992737,688,,,,,
25,0.061057399958372116,689,,,,,
25,0.07112680375576019,690,,,,,
25,0.06993724405765533,691,,,,,
25,0.06871578842401505,692,,,,,
25,0.06993718445301056,693,,,,,
25,0.07854176312685013,694,,,,,
25,0.05704458802938461,695,,,,,
25,0.08937708288431168,696,,,,,
25,0.04832835868000984,697,,,,,
25,0.07714182883501053,698,,,,,
25,0.08795441687107086,699,,,,,
25,0.09331145137548447,700,,,,,
25,0.08269854635000229,701,,,,,
,,100,0.0227031372487545,,,,
,,101,0.04601799696683884,,,,
,,102,0.036898329854011536,,,,
,,103,0.01954989694058895,,,,
25,,701,,0.03346686437726021,,,
25,,701,,,0.734375,0.9843750596046448,0.07934363931417465
26,0.10775168985128403,702,,,,,
26,0.0926491841673851,703,,,,,
26,0.055250104516744614,704,,,,,
26,0.0610668882727623,705,,,,,
26,0.08113213628530502,706,,,,,
26,0.08465197682380676,707,,,,,
26,0.09004701673984528,708,,,,,
26,0.05498798191547394,709,,,,,
26,0.08518737554550171,710,,,,,
26,0.07042396813631058,711,,,,,
26,0.04504786431789398,712,,,,,
26,0.04649064689874649,713,,,,,
26,0.07854538410902023,714,,,,,
26,0.05827069655060768,715,,,,,
26,0.09624563902616501,716,,,,,
26,0.09110462665557861,717,,,,,
26,0.09719780832529068,718,,,,,
26,0.050281938165426254,719,,,,,
26,0.06676626205444336,720,,,,,
26,0.11734548211097717,721,,,,,
26,0.08234115689992905,722,,,,,
26,0.06555356085300446,723,,,,,
26,0.057509347796440125,724,,,,,
26,0.06458865106105804,725,,,,,
26,0.04828590527176857,726,,,,,
26,0.06461851298809052,727,,,,,
26,0.058904338628053665,728,,,,,
,,104,0.01663854718208313,,,,
,,105,0.04150364175438881,,,,
,,106,0.035356972366571426,,,,
,,107,0.018149295821785927,,,,
26,,728,,0.029720041900873184,,,
26,,728,,,0.711805522441864,0.9565972685813904,0.07304615527391434
27,0.07640682905912399,729,,,,,
27,0.06909092515707016,730,,,,,
27,0.059777647256851196,731,,,,,
27,0.05310354381799698,732,,,,,
27,0.05114849656820297,733,,,,,
27,0.06449931114912033,734,,,,,
27,0.053729258477687836,735,,,,,
27,0.051573801785707474,736,,,,,
27,0.06689608097076416,737,,,,,
27,0.08847159147262573,738,,,,,
27,0.0798000693321228,739,,,,,
27,0.09087233245372772,740,,,,,
27,0.0754895880818367,741,,,,,
27,0.06197793409228325,742,,,,,
27,0.07372884452342987,743,,,,,
27,0.06684155762195587,744,,,,,
27,0.041672006249427795,745,,,,,
27,0.05193182826042175,746,,,,,
27,0.05779647454619408,747,,,,,
27,0.055244915187358856,748,,,,,
27,0.040801700204610825,749,,,,,
27,0.0642567127943039,750,,,,,
27,0.06519830226898193,751,,,,,
27,0.09199792891740799,752,,,,,
27,0.0743255615234375,753,,,,,
27,0.07832204550504684,754,,,,,
27,0.1046300157904625,755,,,,,
,,108,0.022374745458364487,,,,
,,109,0.03916511312127113,,,,
,,110,0.032698627561330795,,,,
,,111,0.018102169036865234,,,,
27,,755,,0.0299338661134243,,,
27,,755,,,0.7552083134651184,0.9652777910232544,0.0670216754078865
28,0.056436799466609955,756,,,,,
28,0.0760464072227478,757,,,,,
28,0.04569489508867264,758,,,,,
28,0.05656079202890396,759,,,,,
28,0.04396023973822594,760,,,,,
28,0.07796849310398102,761,,,,,
28,0.07204556465148926,762,,,,,
28,0.061977460980415344,763,,,,,
28,0.07613826543092728,764,,,,,
28,0.05701395124197006,765,,,,,
28,0.05754269286990166,766,,,,,
28,0.08976589143276215,767,,,,,
28,0.06478951871395111,768,,,,,
28,0.061813365668058395,769,,,,,
28,0.07238087803125381,770,,,,,
28,0.07633598148822784,771,,,,,
28,0.06892085075378418,772,,,,,
28,0.03811417520046234,773,,,,,
28,0.09351605921983719,774,,,,,
28,0.052584439516067505,775,,,,,
28,0.06922243535518646,776,,,,,
28,0.05900108814239502,777,,,,,
28,0.045419830828905106,778,,,,,
28,0.03581253066658974,779,,,,,
28,0.043595537543296814,780,,,,,
28,0.05329795554280281,781,,,,,
28,0.07327215373516083,782,,,,,
,,112,0.011781011708080769,,,,
,,113,0.039776526391506195,,,,
,,114,0.03613458201289177,,,,
,,115,0.01649971306324005,,,,
28,,782,,0.027816152200102806,,,
28,,782,,,0.7413194179534912,0.9704861640930176,0.06219363957643509
29,0.060872919857501984,783,,,,,
29,0.08089286088943481,784,,,,,
29,0.0461326539516449,785,,,,,
29,0.032740410417318344,786,,,,,
29,0.08391708880662918,787,,,,,
29,0.06527050584554672,788,,,,,
29,0.032229479402303696,789,,,,,
29,0.05997192859649658,790,,,,,
29,0.02842477522790432,791,,,,,
29,0.03151416406035423,792,,,,,
29,0.06082286685705185,793,,,,,
29,0.06985215097665787,794,,,,,
29,0.05782584473490715,795,,,,,
29,0.07860030978918076,796,,,,,
29,0.05912145972251892,797,,,,,
29,0.051804494112730026,798,,,,,
29,0.02597854472696781,799,,,,,
29,0.0616847425699234,800,,,,,
29,0.051552850753068924,801,,,,,
29,0.0801156610250473,802,,,,,
29,0.05490553751587868,803,,,,,
29,0.05257495865225792,804,,,,,
29,0.05366752669215202,805,,,,,
29,0.040925487875938416,806,,,,,
29,0.08006300032138824,807,,,,,
29,0.07467455416917801,808,,,,,
29,0.06673235446214676,809,,,,,
,,116,0.01324036717414856,,,,
,,117,0.03865508735179901,,,,
,,118,0.03405213728547096,,,,
,,119,0.015412680804729462,,,,
29,,809,,0.02717847377061844,,,
29,,809,,,0.7534722685813904,0.9635416865348816,0.05714330077171326
30,0.05704452842473984,810,,,,,
30,0.09088454395532608,811,,,,,
30,0.055125147104263306,812,,,,,
30,0.04575451835989952,813,,,,,
30,0.04947377368807793,814,,,,,
30,0.045618120580911636,815,,,,,
30,0.07941152900457382,816,,,,,
30,0.045982033014297485,817,,,,,
30,0.05657001584768295,818,,,,,
30,0.030512696132063866,819,,,,,
30,0.06707511842250824,820,,,,,
30,0.053399380296468735,821,,,,,
30,0.04301968589425087,822,,,,,
30,0.036315638571977615,823,,,,,
30,0.04352647811174393,824,,,,,
30,0.03794656693935394,825,,,,,
30,0.0550897978246212,826,,,,,
30,0.06426060944795609,827,,,,,
30,0.027918031439185143,828,,,,,
30,0.030262909829616547,829,,,,,
30,0.0656900405883789,830,,,,,
30,0.054138995707035065,831,,,,,
30,0.062763512134552,832,,,,,
30,0.0648045688867569,833,,,,,
30,0.049322839826345444,834,,,,,
30,0.06278620660305023,835,,,,,
30,0.041075654327869415,836,,,,,
,,120,0.0177723728120327,,,,
,,121,0.038629356771707535,,,,
,,122,0.03521537408232689,,,,
,,123,0.01779676228761673,,,,
30,,836,,0.029123226180672646,,,
30,,836,,,0.75,0.9652778506278992,0.05243603512644768
31,0.031733591109514236,837,,,,,
31,0.0440814383327961,838,,,,,
31,0.09249326586723328,839,,,,,
31,0.030081061646342278,840,,,,,
31,0.015984436497092247,841,,,,,
31,0.056867413222789764,842,,,,,
31,0.04787429794669151,843,,,,,
31,0.05267876014113426,844,,,,,
31,0.028606832027435303,845,,,,,
31,0.05994601920247078,846,,,,,
31,0.04978160932660103,847,,,,,
31,0.04911760240793228,848,,,,,
31,0.05213756114244461,849,,,,,
31,0.05464977025985718,850,,,,,
31,0.06196311116218567,851,,,,,
31,0.05434263125061989,852,,,,,
31,0.01994066685438156,853,,,,,
31,0.07548011839389801,854,,,,,
31,0.047497183084487915,855,,,,,
31,0.07229935377836227,856,,,,,
31,0.043471790850162506,857,,,,,
31,0.05582118779420853,858,,,,,
31,0.038957223296165466,859,,,,,
31,0.05993274599313736,860,,,,,
31,0.054848600178956985,861,,,,,
31,0.07231421768665314,862,,,,,
31,0.06434730440378189,863,,,,,
,,124,0.011891626752912998,,,,
,,125,0.036726925522089005,,,,
,,126,0.03456388786435127,,,,
,,127,0.015710534527897835,,,,
31,,863,,0.026392264291644096,,,
31,,863,,,0.7795138359069824,0.9652777910232544,0.051379624754190445
32,0.023802995681762695,864,,,,,
32,0.04706000164151192,865,,,,,
32,0.08162105828523636,866,,,,,
32,0.045481253415346146,867,,,,,
32,0.0604683980345726,868,,,,,
32,0.036254964768886566,869,,,,,
32,0.07024191319942474,870,,,,,
32,0.06858855485916138,871,,,,,
32,0.041962962597608566,872,,,,,
32,0.036310747265815735,873,,,,,
32,0.053576935082674026,874,,,,,
32,0.037989646196365356,875,,,,,
32,0.04611801356077194,876,,,,,
32,0.026186592876911163,877,,,,,
32,0.05305982381105423,878,,,,,
32,0.0573698915541172,879,,,,,
32,0.059108078479766846,880,,,,,
32,0.0386769101023674,881,,,,,
32,0.04082861542701721,882,,,,,
32,0.03569074347615242,883,,,,,
32,0.046230971813201904,884,,,,,
32,0.06327329576015472,885,,,,,
32,0.07815291732549667,886,,,,,
32,0.04755643382668495,887,,,,,
32,0.055417705327272415,888,,,,,
32,0.04238835722208023,889,,,,,
32,0.078842893242836,890,,,,,
,,128,0.011003922671079636,,,,
,,129,0.03637167438864708,,,,
,,130,0.03492983430624008,,,,
,,131,0.015274829231202602,,,,
32,,890,,0.026083998382091522,,,
32,,890,,,0.8072916865348816,0.9791666865348816,0.050824470818042755
33,0.062440332025289536,891,,,,,
33,0.03539019078016281,892,,,,,
33,0.06885620206594467,893,,,,,
33,0.07189878076314926,894,,,,,
33,0.06876853108406067,895,,,,,
33,0.03561944514513016,896,,,,,
33,0.056353792548179626,897,,,,,
33,0.045082561671733856,898,,,,,
33,0.07137808203697205,899,,,,,
33,0.04795084521174431,900,,,,,
33,0.058555103838443756,901,,,,,
33,0.03781811147928238,902,,,,,
33,0.06277802586555481,903,,,,,
33,0.030592240393161774,904,,,,,
33,0.06783401966094971,905,,,,,
33,0.0321057066321373,906,,,,,
33,0.0783507376909256,907,,,,,
33,0.018539102748036385,908,,,,,
33,0.04151246324181557,909,,,,,
33,0.028460441157221794,910,,,,,
33,0.02887611649930477,911,,,,,
33,0.04482954740524292,912,,,,,
33,0.03837266191840172,913,,,,,
33,0.06439007073640823,914,,,,,
33,0.047705285251140594,915,,,,,
33,0.04682799428701401,916,,,,,
33,0.03089684247970581,917,,,,,
,,132,0.012248842045664787,,,,
,,133,0.03533818945288658,,,,
,,134,0.0364961139857769,,,,
,,135,0.013542955741286278,,,,
33,,917,,0.026418296620249748,,,
33,,917,,,0.7690972089767456,0.9548611640930176,0.04896974563598633
34,0.056157320737838745,918,,,,,
34,0.03341221436858177,919,,,,,
34,0.05097296088933945,920,,,,,
34,0.02967851795256138,921,,,,,
34,0.06616462767124176,922,,,,,
34,0.049385860562324524,923,,,,,
34,0.0516897551715374,924,,,,,
34,0.03817642480134964,925,,,,,
34,0.032840508967638016,926,,,,,
34,0.04607155919075012,927,,,,,
34,0.05200813710689545,928,,,,,
34,0.04878335818648338,929,,,,,
34,0.040021106600761414,930,,,,,
34,0.05274829640984535,931,,,,,
34,0.029162567108869553,932,,,,,
34,0.03613833710551262,933,,,,,
34,0.042969658970832825,934,,,,,
34,0.044506967067718506,935,,,,,
34,0.053842052817344666,936,,,,,
34,0.03619605302810669,937,,,,,
34,0.04519268125295639,938,,,,,
34,0.04498445987701416,939,,,,,
34,0.07021480053663254,940,,,,,
34,0.027948983013629913,941,,,,,
34,0.02172711305320263,942,,,,,
34,0.040746062994003296,943,,,,,
34,0.02324754185974598,944,,,,,
,,136,0.011965593323111534,,,,
,,137,0.03533601015806198,,,,
,,138,0.035594694316387177,,,,
,,139,0.014516888186335564,,,,
34,,944,,0.02617485262453556,,,
34,,944,,,0.8020833730697632,0.9739583730697632,0.043147701770067215
35,0.030041202902793884,945,,,,,
35,0.03171541169285774,946,,,,,
35,0.03373735025525093,947,,,,,
35,0.028441505506634712,948,,,,,
35,0.030278656631708145,949,,,,,
35,0.03906281292438507,950,,,,,
35,0.05834053084254265,951,,,,,
35,0.026042168959975243,952,,,,,
35,0.05423445254564285,953,,,,,
35,0.02144036442041397,954,,,,,
35,0.027511879801750183,955,,,,,
35,0.06192632392048836,956,,,,,
35,0.05678948014974594,957,,,,,
35,0.04423621669411659,958,,,,,
35,0.05582885816693306,959,,,,,
35,0.035140011459589005,960,,,,,
35,0.044019680470228195,961,,,,,
35,0.059747371822595596,962,,,,,
35,0.036504946649074554,963,,,,,
35,0.050377536565065384,964,,,,,
35,0.03178718686103821,965,,,,,
35,0.03580981865525246,966,,,,,
35,0.03834941238164902,967,,,,,
35,0.06716674566268921,968,,,,,
35,0.03863982856273651,969,,,,,
35,0.03754672408103943,970,,,,,
35,0.07545270025730133,971,,,,,
,,140,0.00924802478402853,,,,
,,141,0.03513234481215477,,,,
,,142,0.03702382743358612,,,,
,,143,0.013108459301292896,,,,
35,,971,,0.025576258078217506,,,
35,,971,,,0.788194477558136,0.9739583730697632,0.04259885847568512
36,0.037941280752420425,972,,,,,
36,0.08060821890830994,973,,,,,
36,0.03394008427858353,974,,,,,
36,0.037779562175273895,975,,,,,
36,0.060923315584659576,976,,,,,
36,0.04270784184336662,977,,,,,
36,0.0546075701713562,978,,,,,
36,0.038092032074928284,979,,,,,
36,0.034083060920238495,980,,,,,
36,0.028665367513895035,981,,,,,
36,0.03295277804136276,982,,,,,
36,0.040661223232746124,983,,,,,
36,0.04784094914793968,984,,,,,
36,0.044329266995191574,985,,,,,
36,0.04110840708017349,986,,,,,
36,0.07473436743021011,987,,,,,
36,0.02773563750088215,988,,,,,
36,0.03305916115641594,989,,,,,
36,0.03200553357601166,990,,,,,
36,0.04746544361114502,991,,,,,
36,0.04468824714422226,992,,,,,
36,0.008276288397610188,993,,,,,
36,0.07077586650848389,994,,,,,
36,0.040125589817762375,995,,,,,
36,0.01837758719921112,996,,,,,
36,0.06279908865690231,997,,,,,
36,0.023742729797959328,998,,,,,
,,144,0.010373061522841454,,,,
,,145,0.03445181995630264,,,,
,,146,0.03521896153688431,,,,
,,147,0.013498354703187943,,,,
36,,998,,0.025216510519385338,,,
36,,998,,,0.7690972685813904,0.9548611640930176,0.04222320765256882
37,0.059441857039928436,999,,,,,
37,0.03684064745903015,1000,,,,,
37,0.04337196424603462,1001,,,,,
37,0.03477233275771141,1002,,,,,
37,0.027139173820614815,1003,,,,,
37,0.042086005210876465,1004,,,,,
37,0.033832039684057236,1005,,,,,
37,0.028812265023589134,1006,,,,,
37,0.029311509802937508,1007,,,,,
37,0.03493713587522507,1008,,,,,
37,0.02513485960662365,1009,,,,,
37,0.030677499249577522,1010,,,,,
37,0.04445911571383476,1011,,,,,
37,0.025224335491657257,1012,,,,,
37,0.04329061135649681,1013,,,,,
37,0.05888720229268074,1014,,,,,
37,0.056632742285728455,1015,,,,,
37,0.04965975508093834,1016,,,,,
37,0.05847648158669472,1017,,,,,
37,0.033869922161102295,1018,,,,,
37,0.039754342287778854,1019,,,,,
37,0.038892414420843124,1020,,,,,
37,0.04410327598452568,1021,,,,,
37,0.03484925255179405,1022,,,,,
37,0.03771645575761795,1023,,,,,
37,0.05206412822008133,1024,,,,,
37,0.03617057204246521,1025,,,,,
,,148,0.0124092698097229,,,,
,,149,0.03465453162789345,,,,
,,150,0.03618539124727249,,,,
,,151,0.013334235176444054,,,,
37,,1025,,0.026148008182644844,,,
37,,1025,,,0.7743055820465088,0.9496527910232544,0.04001510888338089
38,0.04540129005908966,1026,,,,,
38,0.04341525211930275,1027,,,,,
38,0.03173240274190903,1028,,,,,
38,0.06352318078279495,1029,,,,,
38,0.03871254622936249,1030,,,,,
38,0.04092978313565254,1031,,,,,
38,0.041284866631031036,1032,,,,,
38,0.04331682249903679,1033,,,,,
38,0.04851950705051422,1034,,,,,
38,0.02477129176259041,1035,,,,,
38,0.044712767004966736,1036,,,,,
38,0.05381684750318527,1037,,,,,
38,0.06975369900465012,1038,,,,,
38,0.031062589958310127,1039,,,,,
38,0.050760913640260696,1040,,,,,
38,0.027753103524446487,1041,,,,,
38,0.03943675383925438,1042,,,,,
38,0.030420390889048576,1043,,,,,
38,0.04318612813949585,1044,,,,,
38,0.03225446119904518,1045,,,,,
38,0.02811739780008793,1046,,,,,
38,0.04550749436020851,1047,,,,,
38,0.027453899383544922,1048,,,,,
38,0.02607741579413414,1049,,,,,
38,0.06202509254217148,1050,,,,,
38,0.029995031654834747,1051,,,,,
38,0.03301846235990524,1052,,,,,
,,152,0.007902106270194054,,,,
,,153,0.03500693663954735,,,,
,,154,0.034632228314876556,,,,
,,155,0.014242717996239662,,,,
38,,1052,,0.02455771341919899,,,
38,,1052,,,0.8090277910232544,0.9895833134651184,0.04062812402844429
39,0.031588371843099594,1053,,,,,
39,0.025255145505070686,1054,,,,,
39,0.02344655431807041,1055,,,,,
39,0.04420775920152664,1056,,,,,
39,0.03876292705535889,1057,,,,,
39,0.030549440532922745,1058,,,,,
39,0.04757871478796005,1059,,,,,
39,0.038411952555179596,1060,,,,,
39,0.033886685967445374,1061,,,,,
39,0.04518907889723778,1062,,,,,
39,0.057238735258579254,1063,,,,,
39,0.02735871635377407,1064,,,,,
39,0.0572066605091095,1065,,,,,
39,0.026663871482014656,1066,,,,,
39,0.04270411655306816,1067,,,,,
39,0.02932942844927311,1068,,,,,
39,0.04011058434844017,1069,,,,,
39,0.026410268619656563,1070,,,,,
39,0.05737416446208954,1071,,,,,
39,0.0434245839715004,1072,,,,,
39,0.03784102946519852,1073,,,,,
39,0.0761057659983635,1074,,,,,
39,0.06357169151306152,1075,,,,,
39,0.051471758633852005,1076,,,,,
39,0.03852163255214691,1077,,,,,
39,0.04562590643763542,1078,,,,,
39,0.04766899347305298,1079,,,,,
,,156,0.008172131143510342,,,,
,,157,0.034565865993499756,,,,
,,158,0.038659147918224335,,,,
,,159,0.014362645335495472,,,,
39,,1079,,0.025713520124554634,,,
39,,1079,,,0.7916666865348816,0.9427083730697632,0.0417594276368618
40,0.0424051471054554,1080,,,,,
40,0.03786902874708176,1081,,,,,
40,0.018271399661898613,1082,,,,,
40,0.03648180887103081,1083,,,,,
40,0.08285082131624222,1084,,,,,
40,0.039328157901763916,1085,,,,,
40,0.02469666115939617,1086,,,,,
40,0.029990576207637787,1087,,,,,
40,0.01495022140443325,1088,,,,,
40,0.025790948420763016,1089,,,,,
40,0.03226710855960846,1090,,,,,
40,0.03556235134601593,1091,,,,,
40,0.05856040492653847,1092,,,,,
40,0.022043699398636818,1093,,,,,
40,0.04437962919473648,1094,,,,,
40,0.044300444424152374,1095,,,,,
40,0.03558056056499481,1096,,,,,
40,0.03452441468834877,1097,,,,,
40,0.07719148695468903,1098,,,,,
40,0.060491468757390976,1099,,,,,
40,0.0422506146132946,1100,,,,,
40,0.04228278249502182,1101,,,,,
40,0.05140438675880432,1102,,,,,
40,0.03324253857135773,1103,,,,,
40,0.0366060845553875,1104,,,,,
40,0.03595810383558273,1105,,,,,
40,0.026028277352452278,1106,,,,,
,,160,0.008407209999859333,,,,
,,161,0.03540358319878578,,,,
,,162,0.036744263023138046,,,,
,,163,0.013656247407197952,,,,
40,,1106,,0.025385525077581406,,,
40,,1106,,,0.772569477558136,0.9236111640930176,0.03945589438080788
41,0.023392213508486748,1107,,,,,
41,0.02295687235891819,1108,,,,,
41,0.03265887871384621,1109,,,,,
41,0.05473196133971214,1110,,,,,
41,0.014599181711673737,1111,,,,,
41,0.04055430367588997,1112,,,,,
41,0.04888661950826645,1113,,,,,
41,0.029152723029255867,1114,,,,,
41,0.029508987441658974,1115,,,,,
41,0.09041935205459595,1116,,,,,
41,0.024647213518619537,1117,,,,,
41,0.05151781439781189,1118,,,,,
41,0.025074666365981102,1119,,,,,
41,0.02454557828605175,1120,,,,,
41,0.0509999580681324,1121,,,,,
41,0.05851259082555771,1122,,,,,
41,0.04613548889756203,1123,,,,,
41,0.049871377646923065,1124,,,,,
41,0.02976197376847267,1125,,,,,
41,0.03623877838253975,1126,,,,,
41,0.04025661572813988,1127,,,,,
41,0.05754623934626579,1128,,,,,
41,0.027388285845518112,1129,,,,,
41,0.03705458343029022,1130,,,,,
41,0.023512646555900574,1131,,,,,
41,0.05427328497171402,1132,,,,,
41,0.0315939225256443,1133,,,,,
,,164,0.015240234322845936,,,,
,,165,0.0348595567047596,,,,
,,166,0.03707851096987724,,,,
,,167,0.0140157425776124,,,,
41,,1133,,0.027387913316488266,,,
41,,1133,,,0.7291666865348816,0.9097222685813904,0.03910341113805771
42,0.022554755210876465,1134,,,,,
42,0.03783681243658066,1135,,,,,
42,0.023376736789941788,1136,,,,,
42,0.049805909395217896,1137,,,,,
42,0.027563799172639847,1138,,,,,
42,0.03717293590307236,1139,,,,,
42,0.025079749524593353,1140,,,,,
42,0.0406089723110199,1141,,,,,
42,0.04062681272625923,1142,,,,,
42,0.04099401459097862,1143,,,,,
42,0.03305591642856598,1144,,,,,
42,0.027482328936457634,1145,,,,,
42,0.037910956889390945,1146,,,,,
42,0.031109729781746864,1147,,,,,
42,0.02964024245738983,1148,,,,,
42,0.04356599599123001,1149,,,,,
42,0.03733113780617714,1150,,,,,
42,0.03291739150881767,1151,,,,,
42,0.03585178405046463,1152,,,,,
42,0.05010790750384331,1153,,,,,
42,0.0581766776740551,1154,,,,,
42,0.033194590359926224,1155,,,,,
42,0.02835490182042122,1156,,,,,
42,0.029944710433483124,1157,,,,,
42,0.05550713092088699,1158,,,,,
42,0.04487420618534088,1159,,,,,
42,0.037038370966911316,1160,,,,,
,,168,0.008942294865846634,,,,
,,169,0.03545963764190674,,,,
,,170,0.03647468239068985,,,,
,,171,0.013605836778879166,,,,
42,,1160,,0.02547520212829113,,,
42,,1160,,,0.8177083730697632,0.9739583730697632,0.036729052662849426
43,0.03454269841313362,1161,,,,,
43,0.02483575977385044,1162,,,,,
43,0.04058307036757469,1163,,,,,
43,0.0539257749915123,1164,,,,,
43,0.051049649715423584,1165,,,,,
43,0.03381793200969696,1166,,,,,
43,0.06076198071241379,1167,,,,,
43,0.04556157812476158,1168,,,,,
43,0.027320988476276398,1169,,,,,
43,0.04822271689772606,1170,,,,,
43,0.01816392131149769,1171,,,,,
43,0.029569491744041443,1172,,,,,
43,0.0343242846429348,1173,,,,,
43,0.025759689509868622,1174,,,,,
43,0.023556971922516823,1175,,,,,
43,0.020773451775312424,1176,,,,,
43,0.02717631496489048,1177,,,,,
43,0.054893895983695984,1178,,,,,
43,0.04786262661218643,1179,,,,,
43,0.014909569174051285,1180,,,,,
43,0.016040729358792305,1181,,,,,
43,0.028105825185775757,1182,,,,,
43,0.03158434107899666,1183,,,,,
43,0.025818616151809692,1184,,,,,
43,0.024880118668079376,1185,,,,,
43,0.04007820785045624,1186,,,,,
43,0.04311743751168251,1187,,,,,
,,172,0.008238404989242554,,,,
,,173,0.035434477031230927,,,,
,,174,0.03690224140882492,,,,
,,175,0.013890963979065418,,,,
43,,1187,,0.025417549535632133,,,
43,,1187,,,0.7621527910232544,0.9427083134651184,0.03434213623404503
44,0.019891928881406784,1188,,,,,
44,0.05081046372652054,1189,,,,,
44,0.03096782974898815,1190,,,,,
44,0.02711491286754608,1191,,,,,
44,0.03368709608912468,1192,,,,,
44,0.03043605014681816,1193,,,,,
44,0.04415629059076309,1194,,,,,
44,0.021172767505049706,1195,,,,,
44,0.016973430290818214,1196,,,,,
44,0.0299837663769722,1197,,,,,
44,0.06126737594604492,1198,,,,,
44,0.0312324408441782,1199,,,,,
44,0.0656728744506836,1200,,,,,
44,0.02764287032186985,1201,,,,,
44,0.046236295253038406,1202,,,,,
44,0.04610800743103027,1203,,,,,
44,0.013186680153012276,1204,,,,,
44,0.03766864165663719,1205,,,,,
44,0.01845894567668438,1206,,,,,
44,0.03359421342611313,1207,,,,,
44,0.027867993339896202,1208,,,,,
44,0.023114915937185287,1209,,,,,
44,0.013542461208999157,1210,,,,,
44,0.03693518042564392,1211,,,,,
44,0.052768364548683167,1212,,,,,
44,0.02448059618473053,1213,,,,,
44,0.037192195653915405,1214,,,,,
,,176,0.009325111284852028,,,,
,,177,0.036419689655303955,,,,
,,178,0.03610839322209358,,,,
,,179,0.012781854718923569,,,,
44,,1214,,0.02567300572991371,,,
44,,1214,,,0.7430555820465088,0.9479166865348816,0.03341350331902504
45,0.030297566205263138,1215,,,,,
45,0.0217405054718256,1216,,,,,
45,0.026649780571460724,1217,,,,,
45,0.021988503634929657,1218,,,,,
45,0.06824712455272675,1219,,,,,
45,0.04766689985990524,1220,,,,,
45,0.024171389639377594,1221,,,,,
45,0.03427768871188164,1222,,,,,
45,0.014197333715856075,1223,,,,,
45,0.03397515416145325,1224,,,,,
45,0.05471700802445412,1225,,,,,
45,0.04183489829301834,1226,,,,,
45,0.027676569297909737,1227,,,,,
45,0.04141053557395935,1228,,,,,
45,0.04477911815047264,1229,,,,,
45,0.026529887691140175,1230,,,,,
45,0.05160270631313324,1231,,,,,
45,0.022160198539495468,1232,,,,,
45,0.027813497930765152,1233,,,,,
45,0.040759023278951645,1234,,,,,
45,0.04040518030524254,1235,,,,,
45,0.02333085611462593,1236,,,,,
45,0.04630983993411064,1237,,,,,
45,0.014356385916471481,1238,,,,,
45,0.05357641726732254,1239,,,,,
45,0.043801892548799515,1240,,,,,
45,0.0211025383323431,1241,,,,,
,,180,0.01562297809869051,,,,
,,181,0.03511713072657585,,,,
,,182,0.034971725195646286,,,,
,,183,0.012841571122407913,,,,
45,,1241,,0.02682293951511383,,,
45,,1241,,,0.7725694179534912,0.9635416865348816,0.035014018416404724
46,0.035490889102220535,1242,,,,,
46,0.02622886933386326,1243,,,,,
46,0.04592149332165718,1244,,,,,
46,0.040595341473817825,1245,,,,,
46,0.030405206605792046,1246,,,,,
46,0.04295389726758003,1247,,,,,
46,0.03630577400326729,1248,,,,,
46,0.02737952210009098,1249,,,,,
46,0.06528208404779434,1250,,,,,
46,0.031317561864852905,1251,,,,,
46,0.03774110972881317,1252,,,,,
46,0.029548609629273415,1253,,,,,
46,0.03473192825913429,1254,,,,,
46,0.04817374795675278,1255,,,,,
46,0.045405659824609756,1256,,,,,
46,0.02489171363413334,1257,,,,,
46,0.03470546752214432,1258,,,,,
46,0.07386427372694016,1259,,,,,
46,0.018736016005277634,1260,,,,,
46,0.04794299229979515,1261,,,,,
46,0.03429650887846947,1262,,,,,
46,0.017873484641313553,1263,,,,,
46,0.028090381994843483,1264,,,,,
46,0.041949719190597534,1265,,,,,
46,0.036323510110378265,1266,,,,,
46,0.023644452914595604,1267,,,,,
46,0.03164587542414665,1268,,,,,
,,184,0.008371115662157536,,,,
,,185,0.03567313775420189,,,,
,,186,0.036013178527355194,,,,
,,187,0.012433112598955631,,,,
46,,1268,,0.025102175772190094,,,
46,,1268,,,0.7916666865348816,0.9427083730697632,0.03672022372484207
47,0.0310825165361166,1269,,,,,
47,0.03472261503338814,1270,,,,,
47,0.0491332933306694,1271,,,,,
47,0.04210600256919861,1272,,,,,
47,0.0553097128868103,1273,,,,,
47,0.02995796874165535,1274,,,,,
47,0.030548186972737312,1275,,,,,
47,0.023539865389466286,1276,,,,,
47,0.029145050793886185,1277,,,,,
47,0.01881481148302555,1278,,,,,
47,0.03634243831038475,1279,,,,,
47,0.031679000705480576,1280,,,,,
47,0.042049042880535126,1281,,,,,
47,0.03147304058074951,1282,,,,,
47,0.015264421701431274,1283,,,,,
47,0.037565890699625015,1284,,,,,
47,0.04363379627466202,1285,,,,,
47,0.036738865077495575,1286,,,,,
47,0.015318019315600395,1287,,,,,
47,0.028929289430379868,1288,,,,,
47,0.04986361041665077,1289,,,,,
47,0.036988452076911926,1290,,,,,
47,0.022393515333533287,1291,,,,,
47,0.035236041992902756,1292,,,,,
47,0.04591766372323036,1293,,,,,
47,0.03538648039102554,1294,,,,,
47,0.035890329629182816,1295,,,,,
,,188,0.009010597132146358,,,,
,,189,0.03646639734506607,,,,
,,190,0.039944544434547424,,,,
,,191,0.012687803246080875,,,,
47,,1295,,0.026719842106103897,,,
47,,1295,,,0.7586805820465088,0.928819477558136,0.03426036611199379
48,0.022262541577219963,1296,,,,,
48,0.05336281284689903,1297,,,,,
48,0.031076565384864807,1298,,,,,
48,0.035248324275016785,1299,,,,,
48,0.0375356525182724,1300,,,,,
48,0.034449055790901184,1301,,,,,
48,0.03185157850384712,1302,,,,,
48,0.03475217893719673,1303,,,,,
48,0.022730672731995583,1304,,,,,
48,0.032553933560848236,1305,,,,,
48,0.020798781886696815,1306,,,,,
48,0.0307921189814806,1307,,,,,
48,0.02759116142988205,1308,,,,,
48,0.02281862497329712,1309,,,,,
48,0.045703720301389694,1310,,,,,
48,0.023527856916189194,1311,,,,,
48,0.04570750519633293,1312,,,,,
48,0.05532485991716385,1313,,,,,
48,0.027115873992443085,1314,,,,,
48,0.024509664624929428,1315,,,,,
48,0.03215308114886284,1316,,,,,
48,0.01859036274254322,1317,,,,,
48,0.04525986313819885,1318,,,,,
48,0.04271960258483887,1319,,,,,
48,0.02949400059878826,1320,,,,,
48,0.04630504176020622,1321,,,,,
48,0.030016686767339706,1322,,,,,
,,192,0.012020484544336796,,,,
,,193,0.03606045991182327,,,,
,,194,0.040162838995456696,,,,
,,195,0.013838999904692173,,,,
48,,1322,,0.02768397144973278,,,
48,,1322,,,0.7378472089767456,0.928819477558136,0.03349082171916962
