csv-epoch,step,csv-train_loss_step,csv-val_loss_step,csv-val_loss_epoch,csv-train_loss_epoch,csv-accuracy/validator,csv-accuracy/exact
0,0,4.107419490814209,,,,,
0,1,3.46708607673645,,,,,
0,2,3.1270558834075928,,,,,
0,3,2.9332289695739746,,,,,
0,4,2.714193344116211,,,,,
0,5,2.5902340412139893,,,,,
0,6,2.493065595626831,,,,,
0,7,2.3502602577209473,,,,,
0,8,2.2441272735595703,,,,,
0,9,2.1131088733673096,,,,,
0,10,2.0005767345428467,,,,,
0,11,1.8839665651321411,,,,,
0,12,1.8143243789672852,,,,,
0,13,1.6548060178756714,,,,,
0,14,1.583146095275879,,,,,
0,15,1.5381696224212646,,,,,
0,16,1.4025105237960815,,,,,
0,17,1.333028793334961,,,,,
0,18,1.2695633172988892,,,,,
0,19,1.2174038887023926,,,,,
0,20,1.0740952491760254,,,,,
0,21,1.0852205753326416,,,,,
0,22,1.0008180141448975,,,,,
0,23,0.9153577089309692,,,,,
0,24,0.8264356851577759,,,,,
0,25,0.8111723065376282,,,,,
0,26,0.7747302055358887,,,,,
0,27,0.7229067087173462,,,,,
0,28,0.6729592084884644,,,,,
0,29,0.6310737729072571,,,,,
0,30,0.5756734013557434,,,,,
0,31,0.554765522480011,,,,,
0,32,0.5185214877128601,,,,,
0,33,0.4671330451965332,,,,,
0,34,0.42747414112091064,,,,,
0,35,0.4156990349292755,,,,,
0,36,0.39442235231399536,,,,,
0,37,0.3558487594127655,,,,,
0,38,0.3042118549346924,,,,,
0,39,0.2924076020717621,,,,,
,0,,0.02825452759861946,,,,
,1,,0.05292400345206261,,,,
,2,,0.033265214413404465,,,,
,3,,0.032980937510728836,,,,
,4,,0.01584184542298317,,,,
0,39,,,0.03265330195426941,,,
0,39,,,,1.4164550304412842,0.96875,0.940625011920929
1,40,0.3346009850502014,,,,,
1,41,0.2946418523788452,,,,,
1,42,0.2670978903770447,,,,,
1,43,0.24663285911083221,,,,,
1,44,0.22162297368049622,,,,,
1,45,0.21709352731704712,,,,,
1,46,0.19766540825366974,,,,,
1,47,0.20092181861400604,,,,,
1,48,0.1535242348909378,,,,,
1,49,0.17714111506938934,,,,,
1,50,0.18239709734916687,,,,,
1,51,0.1471787393093109,,,,,
1,52,0.17178180813789368,,,,,
1,53,0.11725186556577682,,,,,
1,54,0.114631287753582,,,,,
1,55,0.1385870724916458,,,,,
1,56,0.11944031715393066,,,,,
1,57,0.115427166223526,,,,,
1,58,0.13170602917671204,,,,,
1,59,0.09542455524206161,,,,,
1,60,0.12411754578351974,,,,,
1,61,0.09386909008026123,,,,,
1,62,0.13772505521774292,,,,,
1,63,0.10127521306276321,,,,,
1,64,0.0879443883895874,,,,,
1,65,0.12987291812896729,,,,,
1,66,0.13458743691444397,,,,,
1,67,0.07999886572360992,,,,,
1,68,0.07917307317256927,,,,,
1,69,0.08519323170185089,,,,,
1,70,0.0675787404179573,,,,,
1,71,0.07204044610261917,,,,,
1,72,0.06404905766248703,,,,,
1,73,0.09026699513196945,,,,,
1,74,0.10834813863039017,,,,,
1,75,0.08455703407526016,,,,,
1,76,0.0793428122997284,,,,,
1,77,0.0633092075586319,,,,,
1,78,0.047569938004016876,,,,,
1,79,0.07591624557971954,,,,,
,5,,0.011394203640520573,,,,
,6,,0.026370123028755188,,,,
,7,,0.014576525427401066,,,,
,8,,0.012763501144945621,,,,
,9,,0.0023752893321216106,,,,
1,79,,,0.013495929539203644,,,
1,79,,,,0.1362875998020172,0.9906250238418579,0.9624999761581421
2,80,0.08026685565710068,,,,,
2,81,0.07149849086999893,,,,,
2,82,0.056574683636426926,,,,,
2,83,0.06715358793735504,,,,,
2,84,0.0673832893371582,,,,,
2,85,0.06358981877565384,,,,,
2,86,0.06288191676139832,,,,,
2,87,0.048375967890024185,,,,,
2,88,0.06572788953781128,,,,,
2,89,0.061161067336797714,,,,,
2,90,0.06256239116191864,,,,,
2,91,0.07448194921016693,,,,,
2,92,0.05564646050333977,,,,,
2,93,0.06152862310409546,,,,,
2,94,0.061147596687078476,,,,,
2,95,0.04623662680387497,,,,,
2,96,0.04273432120680809,,,,,
2,97,0.0768047571182251,,,,,
2,98,0.07525378465652466,,,,,
2,99,0.053076986223459244,,,,,
2,100,0.07191149890422821,,,,,
2,101,0.06269031763076782,,,,,
2,102,0.05889052897691727,,,,,
2,103,0.08399373292922974,,,,,
2,104,0.0714406669139862,,,,,
2,105,0.0355914868414402,,,,,
2,106,0.07262678444385529,,,,,
2,107,0.051062919199466705,,,,,
2,108,0.053043924272060394,,,,,
2,109,0.05290756747126579,,,,,
2,110,0.07668576389551163,,,,,
2,111,0.0801260843873024,,,,,
2,112,0.04783179238438606,,,,,
2,113,0.04565541073679924,,,,,
2,114,0.045776765793561935,,,,,
2,115,0.06564685702323914,,,,,
2,116,0.06734821945428848,,,,,
2,117,0.05410565808415413,,,,,
2,118,0.05462450534105301,,,,,
2,119,0.06143714115023613,,,,,
,10,,0.007957860827445984,,,,
,11,,0.019271016120910645,,,,
,12,,0.010025868192315102,,,,
,13,,0.010583605617284775,,,,
,14,,0.0028978311456739902,,,,
2,119,,,0.010147235356271267,,,
2,119,,,,0.06168711930513382,0.987500011920929,0.9593750238418579
3,120,0.03281706944108009,,,,,
3,121,0.05500005930662155,,,,,
3,122,0.050549376755952835,,,,,
3,123,0.059143442660570145,,,,,
3,124,0.048165660351514816,,,,,
3,125,0.04269195348024368,,,,,
3,126,0.043147508054971695,,,,,
3,127,0.08896692097187042,,,,,
3,128,0.03577021136879921,,,,,
3,129,0.040358271449804306,,,,,
3,130,0.0559053048491478,,,,,
3,131,0.03497574105858803,,,,,
3,132,0.052294500172138214,,,,,
3,133,0.05892226845026016,,,,,
3,134,0.04633333534002304,,,,,
3,135,0.037383198738098145,,,,,
3,136,0.025782907381653786,,,,,
3,137,0.042284466326236725,,,,,
3,138,0.05454309284687042,,,,,
3,139,0.045681413263082504,,,,,
3,140,0.027317918837070465,,,,,
3,141,0.04695936664938927,,,,,
3,142,0.046009406447410583,,,,,
3,143,0.027067692950367928,,,,,
3,144,0.030091309919953346,,,,,
3,145,0.040523216128349304,,,,,
3,146,0.036695487797260284,,,,,
3,147,0.049320392310619354,,,,,
3,148,0.05566204711794853,,,,,
3,149,0.049924857914447784,,,,,
3,150,0.03864317387342453,,,,,
3,151,0.03464922681450844,,,,,
3,152,0.027999605983495712,,,,,
3,153,0.0374593585729599,,,,,
3,154,0.04081082344055176,,,,,
3,155,0.03952609375119209,,,,,
3,156,0.037552181631326675,,,,,
3,157,0.05329882726073265,,,,,
3,158,0.050533950328826904,,,,,
3,159,0.04991357773542404,,,,,
,15,,0.007139512337744236,,,,
,16,,0.017773563042283058,,,,
,17,,0.010643132962286472,,,,
,18,,0.009579612873494625,,,,
,19,,0.0011567056644707918,,,,
3,159,,,0.009258505888283253,,,
3,159,,,,0.04426687955856323,0.987500011920929,0.9593750238418579
4,160,0.027240794152021408,,,,,
4,161,0.024382947012782097,,,,,
4,162,0.03251075744628906,,,,,
4,163,0.03896963596343994,,,,,
4,164,0.032379016280174255,,,,,
4,165,0.028764257207512856,,,,,
4,166,0.0396297425031662,,,,,
4,167,0.04822526127099991,,,,,
4,168,0.04917449876666069,,,,,
4,169,0.06598515063524246,,,,,
4,170,0.018779799342155457,,,,,
4,171,0.031514983624219894,,,,,
4,172,0.031706828624010086,,,,,
4,173,0.021493438631296158,,,,,
4,174,0.03180118277668953,,,,,
4,175,0.018892673775553703,,,,,
4,176,0.029880493879318237,,,,,
4,177,0.04495987668633461,,,,,
4,178,0.03295893222093582,,,,,
4,179,0.04854992404580116,,,,,
4,180,0.025264902040362358,,,,,
4,181,0.04817815497517586,,,,,
4,182,0.03675408661365509,,,,,
4,183,0.03566557168960571,,,,,
4,184,0.03162756189703941,,,,,
4,185,0.03180605545639992,,,,,
4,186,0.03994882479310036,,,,,
4,187,0.03646840155124664,,,,,
4,188,0.040855057537555695,,,,,
4,189,0.036179374903440475,,,,,
4,190,0.03661298751831055,,,,,
4,191,0.02566329389810562,,,,,
4,192,0.030076446011662483,,,,,
4,193,0.025950774550437927,,,,,
4,194,0.040019720792770386,,,,,
4,195,0.048476673662662506,,,,,
4,196,0.020048337057232857,,,,,
4,197,0.03711525723338127,,,,,
4,198,0.029836483299732208,,,,,
4,199,0.02689669094979763,,,,,
,20,,0.005939055699855089,,,,
,21,,0.015003486536443233,,,,
,22,,0.009171286597847939,,,,
,23,,0.00828108936548233,,,,
,24,,0.0035567637532949448,,,,
4,199,,,0.008390335366129875,,,
4,199,,,,0.0345311239361763,0.984375,0.956250011920929
5,200,0.04716254770755768,,,,,
5,201,0.033612824976444244,,,,,
5,202,0.03517886996269226,,,,,
5,203,0.01798710599541664,,,,,
5,204,0.02292463928461075,,,,,
5,205,0.02468613162636757,,,,,
5,206,0.019453328102827072,,,,,
5,207,0.03142930939793587,,,,,
5,208,0.02739601396024227,,,,,
5,209,0.0203549787402153,,,,,
5,210,0.026641711592674255,,,,,
5,211,0.01509490143507719,,,,,
5,212,0.019912075251340866,,,,,
5,213,0.03590329736471176,,,,,
5,214,0.034092508256435394,,,,,
5,215,0.0306004099547863,,,,,
5,216,0.02638252265751362,,,,,
5,217,0.01748843863606453,,,,,
5,218,0.019562676548957825,,,,,
5,219,0.02203996293246746,,,,,
5,220,0.020531119778752327,,,,,
5,221,0.025677353143692017,,,,,
5,222,0.035889048129320145,,,,,
5,223,0.039240818470716476,,,,,
5,224,0.020095380023121834,,,,,
5,225,0.049652907997369766,,,,,
5,226,0.025166116654872894,,,,,
5,227,0.03988846018910408,,,,,
5,228,0.023972857743501663,,,,,
5,229,0.014325602911412716,,,,,
5,230,0.037679992616176605,,,,,
5,231,0.03583164140582085,,,,,
5,232,0.03689249977469444,,,,,
5,233,0.019447552040219307,,,,,
5,234,0.013679807074368,,,,,
5,235,0.029523435980081558,,,,,
5,236,0.03935031592845917,,,,,
5,237,0.03368161991238594,,,,,
5,238,0.03545936569571495,,,,,
5,239,0.012933917343616486,,,,,
,25,,0.005181414075195789,,,,
,26,,0.01409410871565342,,,,
,27,,0.00790365505963564,,,,
,28,,0.007786158472299576,,,,
,29,,0.0017454430926591158,,,,
5,239,,,0.0073421550914645195,,,
5,239,,,,0.027920600026845932,0.987500011920929,0.9593750238418579
6,240,0.0305774062871933,,,,,
6,241,0.03877103701233864,,,,,
6,242,0.017629217356443405,,,,,
6,243,0.028291823342442513,,,,,
6,244,0.020295148715376854,,,,,
6,245,0.021774161607027054,,,,,
6,246,0.02396306023001671,,,,,
6,247,0.026241395622491837,,,,,
6,248,0.04457295686006546,,,,,
6,249,0.01816205307841301,,,,,
6,250,0.019540980458259583,,,,,
6,251,0.020598774775862694,,,,,
6,252,0.038856714963912964,,,,,
6,253,0.019960545003414154,,,,,
6,254,0.04141530022025108,,,,,
6,255,0.0477796271443367,,,,,
6,256,0.03116544522345066,,,,,
6,257,0.024823717772960663,,,,,
6,258,0.021669503301382065,,,,,
6,259,0.028597529977560043,,,,,
6,260,0.03126807510852814,,,,,
6,261,0.015316321514546871,,,,,
6,262,0.02198292501270771,,,,,
6,263,0.009904305450618267,,,,,
6,264,0.025077883154153824,,,,,
6,265,0.011941974982619286,,,,,
6,266,0.023784039542078972,,,,,
6,267,0.0352899506688118,,,,,
6,268,0.00585398031398654,,,,,
6,269,0.031195394694805145,,,,,
6,270,0.01629619486629963,,,,,
6,271,0.01708081364631653,,,,,
6,272,0.020508408546447754,,,,,
6,273,0.024765165522694588,,,,,
6,274,0.035872023552656174,,,,,
6,275,0.010904375463724136,,,,,
6,276,0.03484484180808067,,,,,
6,277,0.014842059463262558,,,,,
6,278,0.023666176944971085,,,,,
6,279,0.014722956344485283,,,,,
,30,,0.0052420697174966335,,,,
,31,,0.014875479973852634,,,,
,32,,0.007701570633798838,,,,
,33,,0.007399661932140589,,,,
,34,,0.00031756641692481935,,,,
6,279,,,0.007107269950211048,,,
6,279,,,,0.02474510669708252,1.0,0.971875011920929
7,280,0.01840018294751644,,,,,
7,281,0.017213989049196243,,,,,
7,282,0.0212032999843359,,,,,
7,283,0.03230408579111099,,,,,
7,284,0.03016658127307892,,,,,
7,285,0.02897636592388153,,,,,
7,286,0.019864268600940704,,,,,
7,287,0.026210276409983635,,,,,
7,288,0.016172710806131363,,,,,
7,289,0.01669844053685665,,,,,
7,290,0.02421817183494568,,,,,
7,291,0.015622653998434544,,,,,
7,292,0.04037964344024658,,,,,
7,293,0.03236788511276245,,,,,
7,294,0.011408119462430477,,,,,
7,295,0.03449701517820358,,,,,
7,296,0.012830140069127083,,,,,
7,297,0.021939218044281006,,,,,
7,298,0.008586863987147808,,,,,
7,299,0.011053540743887424,,,,,
7,300,0.013468477874994278,,,,,
7,301,0.02114960364997387,,,,,
7,302,0.02288573794066906,,,,,
7,303,0.029017239809036255,,,,,
7,304,0.014637072570621967,,,,,
7,305,0.028293799608945847,,,,,
7,306,0.01870899274945259,,,,,
7,307,0.012987236492335796,,,,,
7,308,0.012040961533784866,,,,,
7,309,0.03482603654265404,,,,,
7,310,0.029758473858237267,,,,,
7,311,0.023156730458140373,,,,,
7,312,0.028910282999277115,,,,,
7,313,0.01607145369052887,,,,,
7,314,0.021305806934833527,,,,,
7,315,0.015126418322324753,,,,,
7,316,0.01833130419254303,,,,,
7,317,0.01664833165705204,,,,,
7,318,0.024566128849983215,,,,,
7,319,0.014044014737010002,,,,,
,35,,0.00459936773404479,,,,
,36,,0.013245916925370693,,,,
,37,,0.0071101319044828415,,,,
,38,,0.007089400198310614,,,,
,39,,0.0004383715568110347,,,,
7,319,,,0.006496638059616089,,,
7,319,,,,0.021401189267635345,1.0,0.971875011920929
8,320,0.01636466197669506,,,,,
8,321,0.024307699874043465,,,,,
8,322,0.021855002269148827,,,,,
8,323,0.011419008485972881,,,,,
8,324,0.013874915428459644,,,,,
8,325,0.019975529983639717,,,,,
8,326,0.019056087359786034,,,,,
8,327,0.019089076668024063,,,,,
8,328,0.02914939448237419,,,,,
8,329,0.026600100100040436,,,,,
8,330,0.012084518559277058,,,,,
8,331,0.018991593271493912,,,,,
8,332,0.006193249952048063,,,,,
8,333,0.013507951982319355,,,,,
8,334,0.021575355902314186,,,,,
8,335,0.017975423485040665,,,,,
8,336,0.030339473858475685,,,,,
8,337,0.03814373537898064,,,,,
8,338,0.03795064985752106,,,,,
8,339,0.029068859294056892,,,,,
8,340,0.02714994177222252,,,,,
8,341,0.023547666147351265,,,,,
8,342,0.03496435657143593,,,,,
8,343,0.023444339632987976,,,,,
8,344,0.015507806092500687,,,,,
8,345,0.01426756288856268,,,,,
8,346,0.01822974532842636,,,,,
8,347,0.02826140820980072,,,,,
8,348,0.021506652235984802,,,,,
8,349,0.018177025020122528,,,,,
8,350,0.011099479161202908,,,,,
8,351,0.01519007794559002,,,,,
8,352,0.004199209623038769,,,,,
8,353,0.027338875457644463,,,,,
8,354,0.02046801708638668,,,,,
8,355,0.00647102203220129,,,,,
8,356,0.015496266074478626,,,,,
8,357,0.015404685400426388,,,,,
8,358,0.019135305657982826,,,,,
8,359,0.01541343703866005,,,,,
,40,,0.004617521073669195,,,,
,41,,0.013540547341108322,,,,
,42,,0.00735887186601758,,,,
,43,,0.006914101541042328,,,,
,44,,0.00039100972935557365,,,,
8,359,,,0.00656440993770957,,,
8,359,,,,0.020069878548383713,1.0,0.971875011920929
9,360,0.03166010230779648,,,,,
9,361,0.01009523868560791,,,,,
9,362,0.010763565078377724,,,,,
9,363,0.03279544413089752,,,,,
9,364,0.018631452694535255,,,,,
9,365,0.01683254912495613,,,,,
9,366,0.029226526618003845,,,,,
9,367,0.014217250980436802,,,,,
9,368,0.023570027202367783,,,,,
9,369,0.02051137201488018,,,,,
9,370,0.014005384407937527,,,,,
9,371,0.016877315938472748,,,,,
9,372,0.03618509694933891,,,,,
9,373,0.018819129094481468,,,,,
9,374,0.021109068766236305,,,,,
9,375,0.010688643902540207,,,,,
9,376,0.012796078808605671,,,,,
9,377,0.020487386733293533,,,,,
9,378,0.012227831408381462,,,,,
9,379,0.015857206657528877,,,,,
9,380,0.027407875284552574,,,,,
9,381,0.009909351356327534,,,,,
9,382,0.02807105891406536,,,,,
9,383,0.00410199211910367,,,,,
9,384,0.028556514531373978,,,,,
9,385,0.01584872603416443,,,,,
9,386,0.021934378892183304,,,,,
9,387,0.005785513203591108,,,,,
9,388,0.01468057930469513,,,,,
9,389,0.007464241702109575,,,,,
9,390,0.006226664409041405,,,,,
9,391,0.00795762613415718,,,,,
9,392,0.015382349491119385,,,,,
9,393,0.009326806291937828,,,,,
9,394,0.017714932560920715,,,,,
9,395,0.018505483865737915,,,,,
9,396,0.026289282366633415,,,,,
9,397,0.007569414097815752,,,,,
9,398,0.014897700399160385,,,,,
9,399,0.006163907237350941,,,,,
,45,,0.004870245698839426,,,,
,46,,0.01433628797531128,,,,
,47,,0.007394528482109308,,,,
,48,,0.007155067287385464,,,,
,49,,0.00025670372997410595,,,,
9,399,,,0.006802567280828953,,,
9,399,,,,0.017028775066137314,1.0,0.971875011920929
10,400,0.02153571881353855,,,,,
10,401,0.012943674810230732,,,,,
10,402,0.018648259341716766,,,,,
10,403,0.004863351117819548,,,,,
10,404,0.012488707900047302,,,,,
10,405,0.01342117041349411,,,,,
10,406,0.011473002843558788,,,,,
10,407,0.01512781623750925,,,,,
10,408,0.011165964417159557,,,,,
10,409,0.02419930137693882,,,,,
10,410,0.013603034429252148,,,,,
10,411,0.02514931745827198,,,,,
10,412,0.014909629710018635,,,,,
10,413,0.01934048905968666,,,,,
10,414,0.024142248556017876,,,,,
10,415,0.0040467712096869946,,,,,
10,416,0.030254406854510307,,,,,
10,417,0.03763556480407715,,,,,
10,418,0.00857328437268734,,,,,
10,419,0.012795377522706985,,,,,
10,420,0.012948603369295597,,,,,
10,421,0.025663860142230988,,,,,
10,422,0.01645429991185665,,,,,
10,423,0.019611505791544914,,,,,
10,424,0.015878837555646896,,,,,
10,425,0.002812660066410899,,,,,
10,426,0.009570131078362465,,,,,
10,427,0.0060997637920081615,,,,,
10,428,0.017700335010886192,,,,,
10,429,0.014450029470026493,,,,,
10,430,0.01542939804494381,,,,,
10,431,0.012253623455762863,,,,,
10,432,0.03543156012892723,,,,,
10,433,0.014200741425156593,,,,,
10,434,0.0313248373568058,,,,,
10,435,0.012812788598239422,,,,,
10,436,0.027729781344532967,,,,,
10,437,0.017560875043272972,,,,,
10,438,0.01926489546895027,,,,,
10,439,0.01386195421218872,,,,,
,50,,0.004725671838968992,,,,
,51,,0.01364121213555336,,,,
,52,,0.007096725516021252,,,,
,53,,0.006920435931533575,,,,
,54,,0.0003835349343717098,,,,
10,439,,,0.00655351672321558,,,
10,439,,,,0.016934439539909363,1.0,0.971875011920929
11,440,0.020181231200695038,,,,,
11,441,0.030540652573108673,,,,,
11,442,0.009599900804460049,,,,,
11,443,0.021430663764476776,,,,,
11,444,0.015053937211632729,,,,,
11,445,0.022082829847931862,,,,,
11,446,0.014559428207576275,,,,,
11,447,0.01555428747087717,,,,,
11,448,0.017179185524582863,,,,,
11,449,0.0023745992220938206,,,,,
11,450,0.039300620555877686,,,,,
11,451,0.013863172382116318,,,,,
11,452,0.014285455457866192,,,,,
11,453,0.013609270565211773,,,,,
11,454,0.01964719407260418,,,,,
11,455,0.015067610889673233,,,,,
11,456,0.010541296564042568,,,,,
11,457,0.01085539162158966,,,,,
11,458,0.01268829870969057,,,,,
11,459,0.03551878035068512,,,,,
11,460,0.020276742056012154,,,,,
11,461,0.007093766238540411,,,,,
11,462,0.020373255014419556,,,,,
11,463,0.017150795087218285,,,,,
11,464,0.026840999722480774,,,,,
11,465,0.016565877944231033,,,,,
11,466,0.008863480761647224,,,,,
11,467,0.01456003449857235,,,,,
11,468,0.007326913066208363,,,,,
11,469,0.014155017212033272,,,,,
11,470,0.01833297684788704,,,,,
11,471,0.02172181010246277,,,,,
11,472,0.009332134388387203,,,,,
11,473,0.012303013354539871,,,,,
11,474,0.012331717647612095,,,,,
11,475,0.020299755036830902,,,,,
11,476,0.01565277762711048,,,,,
11,477,0.01561010256409645,,,,,
11,478,0.007134384475648403,,,,,
11,479,0.03816099837422371,,,,,
,55,,0.004919376224279404,,,,
,56,,0.014447949826717377,,,,
,57,,0.00700175017118454,,,,
,58,,0.0065085855312645435,,,,
,59,,0.00026594079099595547,,,,
11,479,,,0.006628720555454493,,,
11,479,,,,0.016950510442256927,1.0,0.971875011920929
12,480,0.023378118872642517,,,,,
12,481,0.019043633714318275,,,,,
12,482,0.009307002648711205,,,,,
12,483,0.021633457392454147,,,,,
12,484,0.02049996331334114,,,,,
12,485,0.017061147838830948,,,,,
12,486,0.0032478319481015205,,,,,
12,487,0.015353504568338394,,,,,
12,488,0.016646049916744232,,,,,
12,489,0.007564609870314598,,,,,
12,490,0.013463382609188557,,,,,
12,491,0.010434897616505623,,,,,
12,492,0.0028278708923608065,,,,,
12,493,0.00801539421081543,,,,,
12,494,0.006155963987112045,,,,,
12,495,0.0213118027895689,,,,,
12,496,0.01542748138308525,,,,,
12,497,0.019351718947291374,,,,,
12,498,0.021420838311314583,,,,,
12,499,0.02322791889309883,,,,,
12,500,0.011615924537181854,,,,,
12,501,0.02411019057035446,,,,,
12,502,0.01835840940475464,,,,,
12,503,0.02373240329325199,,,,,
12,504,0.018619056791067123,,,,,
12,505,0.015773478895425797,,,,,
12,506,0.014195945113897324,,,,,
12,507,0.01180736068636179,,,,,
12,508,0.019168663769960403,,,,,
12,509,0.007901273667812347,,,,,
12,510,0.003890214953571558,,,,,
12,511,0.01443454809486866,,,,,
12,512,0.022798972204327583,,,,,
12,513,0.01308435294777155,,,,,
12,514,0.018107227981090546,,,,,
12,515,0.01815977692604065,,,,,
12,516,0.01584545709192753,,,,,
12,517,0.02059708535671234,,,,,
12,518,0.0074701858684420586,,,,,
12,519,0.010856649838387966,,,,,
,60,,0.004897954408079386,,,,
,61,,0.014247131533920765,,,,
,62,,0.006966099143028259,,,,
,63,,0.006274988409131765,,,,
,64,,0.00037752912612631917,,,,
12,519,,,0.006552740931510925,,,
12,519,,,,0.015147494152188301,1.0,0.971875011920929
13,520,0.01840084046125412,,,,,
13,521,0.017581718042492867,,,,,
13,522,0.0298607237637043,,,,,
13,523,0.013713761232793331,,,,,
13,524,0.010771747678518295,,,,,
13,525,0.01563687063753605,,,,,
13,526,0.02314859814941883,,,,,
13,527,0.0085443165153265,,,,,
13,528,0.006851772777736187,,,,,
13,529,0.013433992862701416,,,,,
13,530,0.01306195929646492,,,,,
13,531,0.00827774964272976,,,,,
13,532,0.012035620398819447,,,,,
13,533,0.007810232695192099,,,,,
13,534,0.016976989805698395,,,,,
13,535,0.004603730980306864,,,,,
13,536,0.015070412307977676,,,,,
13,537,0.008437740616500378,,,,,
13,538,0.008685245178639889,,,,,
13,539,0.01471881102770567,,,,,
13,540,0.00284212501719594,,,,,
13,541,0.004906908608973026,,,,,
13,542,0.021607190370559692,,,,,
13,543,0.011541134677827358,,,,,
13,544,0.017315169796347618,,,,,
13,545,0.041180845350027084,,,,,
13,546,0.007156625390052795,,,,,
13,547,0.0028221888933330774,,,,,
13,548,0.016390148550271988,,,,,
13,549,0.015557275153696537,,,,,
13,550,0.004141775891184807,,,,,
13,551,0.017042256891727448,,,,,
13,552,0.013659878633916378,,,,,
13,553,0.024868138134479523,,,,,
13,554,0.013704461045563221,,,,,
13,555,0.012715797871351242,,,,,
13,556,0.02295411378145218,,,,,
13,557,0.02547585964202881,,,,,
13,558,0.012541771866381168,,,,,
13,559,0.008834891952574253,,,,,
,65,,0.004888220690190792,,,,
,66,,0.014403033070266247,,,,
,67,,0.006698091514408588,,,,
,68,,0.0062519279308617115,,,,
,69,,0.0008843965479172766,,,,
13,559,,,0.006625133566558361,,,
13,559,,,,0.014122034423053265,0.996874988079071,0.96875
14,560,0.011508077383041382,,,,,
14,561,0.01915309578180313,,,,,
14,562,0.037796132266521454,,,,,
14,563,0.017056940123438835,,,,,
14,564,0.018688183277845383,,,,,
14,565,0.027470016852021217,,,,,
14,566,0.015241513028740883,,,,,
14,567,0.007914630696177483,,,,,
14,568,0.006919532548636198,,,,,
14,569,0.01112209539860487,,,,,
14,570,0.006717906799167395,,,,,
14,571,0.01594366878271103,,,,,
14,572,0.010830732993781567,,,,,
14,573,0.00869017280638218,,,,,
14,574,0.009449928998947144,,,,,
14,575,0.014879226684570312,,,,,
14,576,0.005710871424525976,,,,,
14,577,0.004816294647753239,,,,,
14,578,0.013416510075330734,,,,,
14,579,0.003497437108308077,,,,,
14,580,0.033992622047662735,,,,,
14,581,0.014589144848287106,,,,,
14,582,0.00921401847153902,,,,,
14,583,0.021203579381108284,,,,,
14,584,0.018768802285194397,,,,,
14,585,0.009382469579577446,,,,,
14,586,0.015489844605326653,,,,,
14,587,0.01133366022258997,,,,,
14,588,0.005401184782385826,,,,,
14,589,0.006728488020598888,,,,,
14,590,0.010356992483139038,,,,,
14,591,0.02145596593618393,,,,,
14,592,0.018237028270959854,,,,,
14,593,0.014765138737857342,,,,,
14,594,0.0034899869933724403,,,,,
14,595,0.011361027136445045,,,,,
14,596,0.014386127702891827,,,,,
14,597,0.028378186747431755,,,,,
14,598,0.004033232107758522,,,,,
14,599,0.013795829378068447,,,,,
,70,,0.004715863615274429,,,,
,71,,0.014212006703019142,,,,
,72,,0.006403231527656317,,,,
,73,,0.00641635712236166,,,,
,74,,0.0003371253842487931,,,,
14,599,,,0.006416916847229004,,,
14,599,,,,0.013829655945301056,1.0,0.971875011920929
15,600,0.015124084427952766,,,,,
15,601,0.012748124077916145,,,,,
15,602,0.01535862497985363,,,,,
15,603,0.012367447838187218,,,,,
15,604,0.0077560353092849255,,,,,
15,605,0.014039816334843636,,,,,
15,606,0.010512873530387878,,,,,
15,607,0.0049090199172496796,,,,,
15,608,0.015168854035437107,,,,,
15,609,0.007734338287264109,,,,,
15,610,0.01740596815943718,,,,,
15,611,0.006905264221131802,,,,,
15,612,0.010497170500457287,,,,,
15,613,0.0055398838594555855,,,,,
15,614,0.005691351369023323,,,,,
15,615,0.015355284325778484,,,,,
15,616,0.0062882970087230206,,,,,
15,617,0.023832444101572037,,,,,
15,618,0.007544916123151779,,,,,
15,619,0.01598617248237133,,,,,
15,620,0.012633557431399822,,,,,
15,621,0.0036226678639650345,,,,,
15,622,0.008454637601971626,,,,,
15,623,0.013954530470073223,,,,,
15,624,0.0060011232271790504,,,,,
15,625,0.005923482123762369,,,,,
15,626,0.01598895713686943,,,,,
15,627,0.025341173633933067,,,,,
15,628,0.009665463119745255,,,,,
15,629,0.009140504524111748,,,,,
15,630,0.025156257674098015,,,,,
15,631,0.010992227122187614,,,,,
15,632,0.007986631244421005,,,,,
15,633,0.010685039684176445,,,,,
15,634,0.0204919520765543,,,,,
15,635,0.00279557635076344,,,,,
15,636,0.002323270309716463,,,,,
15,637,0.0033848730381578207,,,,,
15,638,0.01743083819746971,,,,,
15,639,0.024262797087430954,,,,,
,75,,0.004591960925608873,,,,
,76,,0.013658629730343819,,,,
,77,,0.006560024805366993,,,,
,78,,0.006344206631183624,,,,
,79,,0.0007635763613507152,,,,
15,639,,,0.006383679807186127,,,
15,639,,,,0.011675039306282997,0.996874988079071,0.96875
16,640,0.018676597625017166,,,,,
16,641,0.004374335519969463,,,,,
16,642,0.005377515219151974,,,,,
16,643,0.014363821595907211,,,,,
16,644,0.021935418248176575,,,,,
16,645,0.017859842628240585,,,,,
16,646,0.010202121920883656,,,,,
16,647,0.00860624946653843,,,,,
16,648,0.012710990384221077,,,,,
16,649,0.024155624210834503,,,,,
16,650,0.01073333341628313,,,,,
16,651,0.010687061585485935,,,,,
16,652,0.003959274850785732,,,,,
16,653,0.014539587311446667,,,,,
16,654,0.006320084910839796,,,,,
16,655,0.010166460648179054,,,,,
16,656,0.008241132833063602,,,,,
16,657,0.009570382535457611,,,,,
16,658,0.001767387380823493,,,,,
16,659,0.0044718231074512005,,,,,
16,660,0.009797398932278156,,,,,
16,661,0.020354527980089188,,,,,
16,662,0.011407858692109585,,,,,
16,663,0.01064783614128828,,,,,
16,664,0.006799347698688507,,,,,
16,665,0.019786948338150978,,,,,
16,666,0.008289645425975323,,,,,
16,667,0.005722286645323038,,,,,
16,668,0.01884746551513672,,,,,
16,669,0.006761821452528238,,,,,
16,670,0.015054960735142231,,,,,
16,671,0.022840388119220734,,,,,
16,672,0.008147015236318111,,,,,
16,673,0.018250102177262306,,,,,
16,674,0.008851490914821625,,,,,
16,675,0.025599582120776176,,,,,
16,676,0.008705220185220242,,,,,
16,677,0.0219655130058527,,,,,
16,678,0.004584858659654856,,,,,
16,679,0.00778370164334774,,,,,
,80,,0.004374965559691191,,,,
,81,,0.013465818017721176,,,,
,82,,0.00672637764364481,,,,
,83,,0.006109707523137331,,,,
,84,,0.0010334574617445469,,,,
16,679,,,0.006342065520584583,,,
16,679,,,,0.011972925625741482,0.996874988079071,0.96875
17,680,0.009110030718147755,,,,,
17,681,0.0033055713865906,,,,,
17,682,0.017444977536797523,,,,,
17,683,0.01680811494588852,,,,,
17,684,0.00839647650718689,,,,,
17,685,0.009198220446705818,,,,,
17,686,0.008424845524132252,,,,,
17,687,0.015205987729132175,,,,,
17,688,0.008495260961353779,,,,,
17,689,0.015196618624031544,,,,,
17,690,0.010589631274342537,,,,,
17,691,0.014474619179964066,,,,,
17,692,0.0021714121103286743,,,,,
17,693,0.007108050864189863,,,,,
17,694,0.007140273228287697,,,,,
17,695,0.007520695216953754,,,,,
17,696,0.01989801600575447,,,,,
17,697,0.012878112494945526,,,,,
17,698,0.011689846403896809,,,,,
17,699,0.0179484561085701,,,,,
17,700,0.01487836055457592,,,,,
17,701,0.008213966153562069,,,,,
17,702,0.003980652429163456,,,,,
17,703,0.007855316624045372,,,,,
17,704,0.035907234996557236,,,,,
17,705,0.013036765158176422,,,,,
17,706,0.01615189015865326,,,,,
17,707,0.010594535619020462,,,,,
17,708,0.018018702045083046,,,,,
17,709,0.014175674878060818,,,,,
17,710,0.0035429575946182013,,,,,
17,711,0.02066357247531414,,,,,
17,712,0.0030873455107212067,,,,,
17,713,0.00577349541708827,,,,,
17,714,0.026928585022687912,,,,,
17,715,0.015269842930138111,,,,,
17,716,0.0063998084515333176,,,,,
17,717,0.015179586596786976,,,,,
17,718,0.010664270259439945,,,,,
17,719,0.012605656869709492,,,,,
,85,,0.004607707727700472,,,,
,86,,0.0133223170414567,,,,
,87,,0.006418319884687662,,,,
,88,,0.005663410294800997,,,,
,89,,0.002231819787994027,,,,
17,719,,,0.0064487149938941,,,
17,719,,,,0.012148335576057434,0.987500011920929,0.9593750238418579
18,720,0.017089007422327995,,,,,
18,721,0.016816606745123863,,,,,
18,722,0.0029208643827587366,,,,,
18,723,0.01501330267637968,,,,,
18,724,0.0032723969779908657,,,,,
18,725,0.02293523959815502,,,,,
18,726,0.007506724912673235,,,,,
18,727,0.0026049038860946894,,,,,
18,728,0.005282597616314888,,,,,
18,729,0.011946963146328926,,,,,
18,730,0.006764183286577463,,,,,
18,731,0.02787460759282112,,,,,
18,732,0.012889721430838108,,,,,
18,733,0.015586726367473602,,,,,
18,734,0.0075712744146585464,,,,,
18,735,0.00621972419321537,,,,,
18,736,0.002112658228725195,,,,,
18,737,0.00270103313960135,,,,,
18,738,0.0014791371067985892,,,,,
18,739,0.004979654680937529,,,,,
18,740,0.007160676643252373,,,,,
18,741,0.006375903729349375,,,,,
18,742,0.0156242735683918,,,,,
18,743,0.0027735515031963587,,,,,
18,744,0.01752999611198902,,,,,
18,745,0.001956869149580598,,,,,
18,746,0.0019354125251993537,,,,,
18,747,0.016635814681649208,,,,,
18,748,0.013425956480205059,,,,,
18,749,0.018523747101426125,,,,,
18,750,0.02161182463169098,,,,,
18,751,0.011715102009475231,,,,,
18,752,0.00815456360578537,,,,,
18,753,0.00964323803782463,,,,,
18,754,0.010703817009925842,,,,,
18,755,0.006586180534213781,,,,,
18,756,0.008367990143597126,,,,,
18,757,0.013089493848383427,,,,,
18,758,0.014523118734359741,,,,,
18,759,0.006318346131592989,,,,,
,90,,0.004617144353687763,,,,
,91,,0.013696211390197277,,,,
,92,,0.006240474060177803,,,,
,93,,0.005580227356404066,,,,
,94,,0.005304797552525997,,,,
18,759,,,0.007087770849466324,,,
18,759,,,,0.010155580006539822,0.987500011920929,0.9593750238418579
19,760,0.008944883942604065,,,,,
19,761,0.025987545028328896,,,,,
19,762,0.03877156600356102,,,,,
19,763,0.012645382434129715,,,,,
19,764,0.005749135743826628,,,,,
19,765,0.0029412030708044767,,,,,
19,766,0.002816795837134123,,,,,
19,767,0.004414904862642288,,,,,
19,768,0.013114896602928638,,,,,
19,769,0.01178322546184063,,,,,
19,770,0.01430709008127451,,,,,
19,771,0.010753463953733444,,,,,
19,772,0.014713901095092297,,,,,
19,773,0.014146504923701286,,,,,
19,774,0.00175801245495677,,,,,
19,775,0.00949773658066988,,,,,
19,776,0.007233052514493465,,,,,
19,777,0.019192958250641823,,,,,
19,778,0.009790891781449318,,,,,
19,779,0.011561834253370762,,,,,
19,780,0.015160761773586273,,,,,
19,781,0.014584530144929886,,,,,
19,782,0.0056708985939621925,,,,,
19,783,0.0013990894658491015,,,,,
19,784,0.007252817042171955,,,,,
19,785,0.012254471890628338,,,,,
19,786,0.008861278183758259,,,,,
19,787,0.017994388937950134,,,,,
19,788,0.0071448045782744884,,,,,
19,789,0.010222798213362694,,,,,
19,790,0.01991882734000683,,,,,
19,791,0.00841126125305891,,,,,
19,792,0.02027488686144352,,,,,
19,793,0.005909665022045374,,,,,
19,794,0.01282057911157608,,,,,
19,795,0.015362679958343506,,,,,
19,796,0.016280537471175194,,,,,
19,797,0.014761126600205898,,,,,
19,798,0.003906813450157642,,,,,
19,799,0.013552104122936726,,,,,
,95,,0.0046472810208797455,,,,
,96,,0.014378019608557224,,,,
,97,,0.006458450108766556,,,,
,98,,0.006000755354762077,,,,
,99,,0.0002398433134658262,,,,
19,799,,,0.0063448697328567505,,,
19,799,,,,0.011796732433140278,1.0,0.971875011920929
20,800,0.008459482342004776,,,,,
20,801,0.006664110813289881,,,,,
20,802,0.008339914493262768,,,,,
20,803,0.02207696996629238,,,,,
20,804,0.018690310418605804,,,,,
20,805,0.02646280638873577,,,,,
20,806,0.004125487990677357,,,,,
20,807,0.023894518613815308,,,,,
20,808,0.0025635205674916506,,,,,
20,809,0.019926194101572037,,,,,
20,810,0.015307296998798847,,,,,
20,811,0.004851794335991144,,,,,
20,812,0.005733054131269455,,,,,
20,813,0.016574736684560776,,,,,
20,814,0.01333853229880333,,,,,
20,815,0.004348981659859419,,,,,
20,816,0.00175242789555341,,,,,
20,817,0.025963712483644485,,,,,
20,818,0.01251994352787733,,,,,
20,819,0.007439710199832916,,,,,
20,820,0.010376102291047573,,,,,
20,821,0.009610152803361416,,,,,
20,822,0.018398452550172806,,,,,
20,823,0.02044961415231228,,,,,
20,824,0.014646140858530998,,,,,
20,825,0.002556739840656519,,,,,
20,826,0.016562648117542267,,,,,
20,827,0.019481634721159935,,,,,
20,828,0.018965238705277443,,,,,
20,829,0.00950496457517147,,,,,
20,830,0.03047075867652893,,,,,
20,831,0.005946168676018715,,,,,
20,832,0.008348275907337666,,,,,
20,833,0.017871161922812462,,,,,
20,834,0.01319888699799776,,,,,
20,835,0.006681398954242468,,,,,
20,836,0.00647288141772151,,,,,
20,837,0.005878147669136524,,,,,
20,838,0.0020588405895978212,,,,,
20,839,0.01464587077498436,,,,,
,100,,0.0048409015871584415,,,,
,101,,0.014097278006374836,,,,
,102,,0.006277119275182486,,,,
,103,,0.005743115674704313,,,,
,104,,0.00040766235906630754,,,,
20,839,,,0.0062732151709496975,,,
20,839,,,,0.012528939172625542,1.0,0.971875011920929
21,840,0.0034530500415712595,,,,,
21,841,0.0067955441772937775,,,,,
21,842,0.01131892018020153,,,,,
21,843,0.005887877196073532,,,,,
21,844,0.0013828201917931437,,,,,
21,845,0.005937882233411074,,,,,
21,846,0.00850774347782135,,,,,
21,847,0.000993081135675311,,,,,
21,848,0.004032987169921398,,,,,
21,849,0.017104685306549072,,,,,
21,850,0.008397662080824375,,,,,
21,851,0.005922298412770033,,,,,
21,852,0.004398612771183252,,,,,
21,853,0.002285975031554699,,,,,
21,854,0.013163276016712189,,,,,
21,855,0.01788351498544216,,,,,
21,856,0.01760844886302948,,,,,
21,857,0.009479047730565071,,,,,
21,858,0.0073240939527750015,,,,,
21,859,0.00939164124429226,,,,,
21,860,0.016875457018613815,,,,,
21,861,0.021601524204015732,,,,,
21,862,0.009689443744719028,,,,,
21,863,0.00322741293348372,,,,,
21,864,0.0029286921489983797,,,,,
21,865,0.002332075731828809,,,,,
21,866,0.019351264461874962,,,,,
21,867,0.004760902374982834,,,,,
21,868,0.0077924118377268314,,,,,
21,869,0.043564572930336,,,,,
21,870,0.010509077459573746,,,,,
21,871,0.011764418333768845,,,,,
21,872,0.0067544616758823395,,,,,
21,873,0.0027574484702199697,,,,,
21,874,0.004161886405199766,,,,,
21,875,0.011387966573238373,,,,,
21,876,0.01128071453422308,,,,,
21,877,0.0020885816775262356,,,,,
21,878,0.01724766008555889,,,,,
21,879,0.010827478021383286,,,,,
,105,,0.004660688806325197,,,,
,106,,0.013193752616643906,,,,
,107,,0.005990549921989441,,,,
,108,,0.005480970721691847,,,,
,109,,0.001181320403702557,,,,
21,879,,,0.006101456470787525,,,
21,879,,,,0.009554315358400345,1.0,0.971875011920929
22,880,0.028635196387767792,,,,,
22,881,0.019788473844528198,,,,,
22,882,0.014562097378075123,,,,,
22,883,0.005720623768866062,,,,,
22,884,0.007873758673667908,,,,,
22,885,0.01206127181649208,,,,,
22,886,0.0039952462539076805,,,,,
22,887,0.02214306965470314,,,,,
22,888,0.008291111327707767,,,,,
22,889,0.013683086261153221,,,,,
22,890,0.002199220471084118,,,,,
22,891,0.016800852492451668,,,,,
22,892,0.010411158204078674,,,,,
22,893,0.01247556135058403,,,,,
22,894,0.009797465987503529,,,,,
22,895,0.0019541247747838497,,,,,
22,896,0.008536997251212597,,,,,
22,897,0.00807270035147667,,,,,
22,898,0.006482397206127644,,,,,
22,899,0.012189064174890518,,,,,
22,900,0.007155773229897022,,,,,
22,901,0.005555995274335146,,,,,
22,902,0.012284481897950172,,,,,
22,903,0.003735570702701807,,,,,
22,904,0.004341590218245983,,,,,
22,905,0.003730814205482602,,,,,
22,906,0.008881657384335995,,,,,
22,907,0.008206108585000038,,,,,
22,908,0.0015684552490711212,,,,,
22,909,0.023693572729825974,,,,,
22,910,0.009136798791587353,,,,,
22,911,0.010569795034825802,,,,,
22,912,0.008620825596153736,,,,,
22,913,0.01342109777033329,,,,,
22,914,0.0031057808082550764,,,,,
22,915,0.009285720996558666,,,,,
22,916,0.0031629775185137987,,,,,
22,917,0.0025366267655044794,,,,,
22,918,0.012785314582288265,,,,,
22,919,0.014009010046720505,,,,,
,110,,0.004786038771271706,,,,
,111,,0.014535385183990002,,,,
,112,,0.006161470897495747,,,,
,113,,0.005413987673819065,,,,
,114,,0.00020758676691912115,,,,
22,919,,,0.0062208934687078,,,
22,919,,,,0.009786536917090416,1.0,0.971875011920929
23,920,0.004071214236319065,,,,,
23,921,0.008931928314268589,,,,,
23,922,0.005856210365891457,,,,,
23,923,0.0032777145970612764,,,,,
23,924,0.01391896978020668,,,,,
23,925,0.00789826549589634,,,,,
23,926,0.0175151489675045,,,,,
23,927,0.022022880613803864,,,,,
23,928,0.007357746362686157,,,,,
23,929,0.022113755345344543,,,,,
23,930,0.010246486403048038,,,,,
23,931,0.0022442527115345,,,,,
23,932,0.009673459455370903,,,,,
23,933,0.0016263691941276193,,,,,
23,934,0.0016609388403594494,,,,,
23,935,0.011574494652450085,,,,,
23,936,0.016376258805394173,,,,,
23,937,0.011357799172401428,,,,,
23,938,0.0038645248860120773,,,,,
23,939,0.016676845028996468,,,,,
23,940,0.01032650750130415,,,,,
23,941,0.009809982031583786,,,,,
23,942,0.004494350403547287,,,,,
23,943,0.01979481801390648,,,,,
23,944,0.0013575074262917042,,,,,
23,945,0.011410306207835674,,,,,
23,946,0.005912411026656628,,,,,
23,947,0.004465462639927864,,,,,
23,948,0.006974652875214815,,,,,
23,949,0.02008175477385521,,,,,
23,950,0.014363790862262249,,,,,
23,951,0.0017493513878434896,,,,,
23,952,0.002217857865616679,,,,,
23,953,0.01340020727366209,,,,,
23,954,0.016989096999168396,,,,,
23,955,0.011977146379649639,,,,,
23,956,0.006234773900359869,,,,,
23,957,0.0015881335129961371,,,,,
23,958,0.00881958194077015,,,,,
23,959,0.015693742781877518,,,,,
,115,,0.00449489988386631,,,,
,116,,0.013463415205478668,,,,
,117,,0.005933920852839947,,,,
,118,,0.005389259196817875,,,,
,119,,0.0031313258223235607,,,,
23,959,,,0.0064825639128685,,,
23,959,,,,0.009648168459534645,0.987500011920929,0.9593750238418579
24,960,0.012850331142544746,,,,,
24,961,0.005792330019176006,,,,,
24,962,0.02281259372830391,,,,,
24,963,0.02464519627392292,,,,,
24,964,0.003417914267629385,,,,,
24,965,0.00728980265557766,,,,,
24,966,0.010628552176058292,,,,,
24,967,0.007035502232611179,,,,,
24,968,0.016772260889410973,,,,,
24,969,0.003387491451576352,,,,,
24,970,0.006637115962803364,,,,,
24,971,0.019934844225645065,,,,,
24,972,0.009684933349490166,,,,,
24,973,0.014167223125696182,,,,,
24,974,0.02126947231590748,,,,,
24,975,0.002195468870922923,,,,,
24,976,0.010127117857336998,,,,,
24,977,0.013103187084197998,,,,,
24,978,0.0016548922285437584,,,,,
24,979,0.008593110367655754,,,,,
24,980,0.01437968946993351,,,,,
24,981,0.023814119398593903,,,,,
24,982,0.002376660006120801,,,,,
24,983,0.01895386166870594,,,,,
24,984,0.017603684216737747,,,,,
24,985,0.0105050690472126,,,,,
24,986,0.021386049687862396,,,,,
24,987,0.004660641308873892,,,,,
24,988,0.00969709362834692,,,,,
24,989,0.011783747933804989,,,,,
24,990,0.0060812500305473804,,,,,
24,991,0.010661466047167778,,,,,
24,992,0.005695621483027935,,,,,
24,993,0.011386074125766754,,,,,
24,994,0.0020044746343046427,,,,,
24,995,0.007412977050989866,,,,,
24,996,0.0021582525223493576,,,,,
24,997,0.0016282865544781089,,,,,
24,998,0.007777759805321693,,,,,
24,999,0.010157599113881588,,,,,
,120,,0.004580555018037558,,,,
,121,,0.014016661792993546,,,,
,122,,0.00634029833599925,,,,
,123,,0.0058119879104197025,,,,
,124,,0.0010286429896950722,,,,
24,999,,,0.006355629302561283,,,
24,999,,,,0.010553093627095222,1.0,0.971875011920929
25,1000,0.01973576471209526,,,,,
25,1001,0.004992988426238298,,,,,
25,1002,0.02382197231054306,,,,,
25,1003,0.022700931876897812,,,,,
25,1004,0.001699997577816248,,,,,
25,1005,0.002229273784905672,,,,,
25,1006,0.0025025804061442614,,,,,
25,1007,0.012967156246304512,,,,,
25,1008,0.01190159935504198,,,,,
25,1009,0.0014595650136470795,,,,,
25,1010,0.011274832300841808,,,,,
25,1011,0.00626604538410902,,,,,
25,1012,0.00813247449696064,,,,,
25,1013,0.0019916503224521875,,,,,
25,1014,0.001674963510595262,,,,,
25,1015,0.015146046876907349,,,,,
25,1016,0.016981104388833046,,,,,
25,1017,0.002271926961839199,,,,,
25,1018,0.002601020038127899,,,,,
25,1019,0.004465279635041952,,,,,
25,1020,0.006449333392083645,,,,,
25,1021,0.007244852837175131,,,,,
25,1022,0.0010140902595594525,,,,,
25,1023,0.012879401445388794,,,,,
25,1024,0.007143163587898016,,,,,
25,1025,0.02614366076886654,,,,,
25,1026,0.017693066969513893,,,,,
25,1027,0.010269632562994957,,,,,
25,1028,0.0226236991584301,,,,,
25,1029,0.01613377407193184,,,,,
25,1030,0.013079200871288776,,,,,
25,1031,0.012366929091513157,,,,,
25,1032,0.00901417713612318,,,,,
25,1033,0.014532674103975296,,,,,
25,1034,0.0028087906539440155,,,,,
25,1035,0.007464482448995113,,,,,
25,1036,0.005044641438871622,,,,,
25,1037,0.005587231367826462,,,,,
25,1038,0.006388145964592695,,,,,
25,1039,0.002498748479411006,,,,,
,125,,0.004718567710369825,,,,
,126,,0.013136932626366615,,,,
,127,,0.006214447785168886,,,,
,128,,0.005566906649619341,,,,
,129,,0.0016690086340531707,,,,
25,1039,,,0.006261172704398632,,,
25,1039,,,,0.00952992308884859,0.987500011920929,0.9593750238418579
26,1040,0.004872691817581654,,,,,
26,1041,0.003950096201151609,,,,,
26,1042,0.011522006243467331,,,,,
26,1043,0.014928271993994713,,,,,
26,1044,0.010912754572927952,,,,,
26,1045,0.017260568216443062,,,,,
26,1046,0.0025324972812086344,,,,,
26,1047,0.002875851234421134,,,,,
26,1048,0.011184567585587502,,,,,
26,1049,0.018927166238427162,,,,,
26,1050,0.0059997341595590115,,,,,
26,1051,0.008247485384345055,,,,,
26,1052,0.014485563151538372,,,,,
26,1053,0.00812155194580555,,,,,
26,1054,0.002563886810094118,,,,,
26,1055,0.02347995713353157,,,,,
26,1056,0.005868443287909031,,,,,
26,1057,0.012500040233135223,,,,,
26,1058,0.00718500604853034,,,,,
26,1059,0.001533917267806828,,,,,
26,1060,0.00861415732651949,,,,,
26,1061,0.0017201219452545047,,,,,
26,1062,0.011460821144282818,,,,,
26,1063,0.007151224184781313,,,,,
26,1064,0.00892113707959652,,,,,
26,1065,0.020914189517498016,,,,,
26,1066,0.005932674277573824,,,,,
26,1067,0.02091069705784321,,,,,
26,1068,0.00851470697671175,,,,,
26,1069,0.00691582215949893,,,,,
26,1070,0.018228575587272644,,,,,
26,1071,0.006725634448230267,,,,,
26,1072,0.00982295349240303,,,,,
26,1073,0.007833604700863361,,,,,
26,1074,0.0028098756447434425,,,,,
26,1075,0.017057055607438087,,,,,
26,1076,0.006608171854168177,,,,,
26,1077,0.005859029944986105,,,,,
26,1078,0.006731024477630854,,,,,
26,1079,0.007009504828602076,,,,,
,130,,0.004892784170806408,,,,
,131,,0.01418737880885601,,,,
,132,,0.006230736151337624,,,,
,133,,0.0054651894606649876,,,,
,134,,0.000640727870631963,,,,
26,1079,,,0.006283362861722708,,,
26,1079,,,,0.00946732610464096,1.0,0.971875011920929
27,1080,0.007969600148499012,,,,,
27,1081,0.02155373990535736,,,,,
27,1082,0.00682403426617384,,,,,
27,1083,0.0071292538195848465,,,,,
27,1084,0.001554763177409768,,,,,
27,1085,0.008386370725929737,,,,,
27,1086,0.0064516328275203705,,,,,
27,1087,0.00868477113544941,,,,,
27,1088,0.007264402229338884,,,,,
27,1089,0.0032205265015363693,,,,,
27,1090,0.006586732342839241,,,,,
27,1091,0.0074865855276584625,,,,,
27,1092,0.001219606027007103,,,,,
27,1093,0.009917222894728184,,,,,
27,1094,0.006133755203336477,,,,,
27,1095,0.0013069405686110258,,,,,
27,1096,0.008410889655351639,,,,,
27,1097,0.006105072796344757,,,,,
27,1098,0.02072039432823658,,,,,
27,1099,0.013177508488297462,,,,,
27,1100,0.013632425107061863,,,,,
27,1101,0.01069151796400547,,,,,
27,1102,0.0019296236569061875,,,,,
27,1103,0.001124898437410593,,,,,
27,1104,0.016535786911845207,,,,,
27,1105,0.009192835539579391,,,,,
27,1106,0.01777629554271698,,,,,
27,1107,0.019173897802829742,,,,,
27,1108,0.015262696892023087,,,,,
27,1109,0.0018968450604006648,,,,,
27,1110,0.00993162952363491,,,,,
27,1111,0.003008391009643674,,,,,
27,1112,0.021006450057029724,,,,,
27,1113,0.0049788448959589005,,,,,
27,1114,0.005026074592024088,,,,,
27,1115,0.011568840593099594,,,,,
27,1116,0.012391245923936367,,,,,
27,1117,0.0011669857194647193,,,,,
27,1118,0.011627177707850933,,,,,
27,1119,0.0014358884654939175,,,,,
,135,,0.004435756243765354,,,,
,136,,0.01328607089817524,,,,
,137,,0.006162930745631456,,,,
,138,,0.005716816987842321,,,,
,139,,0.0010634504724293947,,,,
27,1119,,,0.0061330050230026245,,,
27,1119,,,,0.008736553601920605,1.0,0.971875011920929
28,1120,0.005583229474723339,,,,,
28,1121,0.014401989057660103,,,,,
28,1122,0.015581839717924595,,,,,
28,1123,0.009478019550442696,,,,,
28,1124,0.013781911693513393,,,,,
28,1125,0.0013528034323826432,,,,,
28,1126,0.0012170427944511175,,,,,
28,1127,0.012356352061033249,,,,,
28,1128,0.009392441250383854,,,,,
28,1129,0.0019243003334850073,,,,,
28,1130,0.016201253980398178,,,,,
28,1131,0.014034649357199669,,,,,
28,1132,0.010511982254683971,,,,,
28,1133,0.007888642139732838,,,,,
28,1134,0.008009038865566254,,,,,
28,1135,0.0010229396866634488,,,,,
28,1136,0.007719103712588549,,,,,
28,1137,0.011609392240643501,,,,,
28,1138,0.006654056720435619,,,,,
28,1139,0.025092091411352158,,,,,
28,1140,0.010782793164253235,,,,,
28,1141,0.007895554415881634,,,,,
28,1142,0.01141198631376028,,,,,
28,1143,0.018207000568509102,,,,,
28,1144,0.013485799543559551,,,,,
28,1145,0.018314087763428688,,,,,
28,1146,0.027601204812526703,,,,,
28,1147,0.004333033692091703,,,,,
28,1148,0.0024305160623043776,,,,,
28,1149,0.005936528090387583,,,,,
28,1150,0.013258442282676697,,,,,
28,1151,0.0015230003045871854,,,,,
28,1152,0.011952107772231102,,,,,
28,1153,0.003339082235470414,,,,,
28,1154,0.006565767806023359,,,,,
28,1155,0.005677195265889168,,,,,
28,1156,0.011600025929510593,,,,,
28,1157,0.011837479658424854,,,,,
28,1158,0.009841506369411945,,,,,
28,1159,0.009388591162860394,,,,,
,140,,0.004426946863532066,,,,
,141,,0.013298525474965572,,,,
,142,,0.00582518195733428,,,,
,143,,0.00588942551985383,,,,
,144,,0.0010325562907382846,,,,
28,1159,,,0.006094527430832386,,,
28,1159,,,,0.009979869239032269,0.996874988079071,0.96875
29,1160,0.013101579621434212,,,,,
29,1161,0.007117699831724167,,,,,
29,1162,0.018256869167089462,,,,,
29,1163,0.001343906274996698,,,,,
29,1164,0.02399737760424614,,,,,
29,1165,0.01771126314997673,,,,,
29,1166,0.0045684147626161575,,,,,
29,1167,0.0172293521463871,,,,,
29,1168,0.015187770128250122,,,,,
29,1169,0.007929960265755653,,,,,
29,1170,0.008660904131829739,,,,,
29,1171,0.014872003346681595,,,,,
29,1172,0.0018565941136330366,,,,,
29,1173,0.006705775856971741,,,,,
29,1174,0.004580266308039427,,,,,
29,1175,0.003120547393336892,,,,,
29,1176,0.017884667962789536,,,,,
29,1177,0.006347837392240763,,,,,
29,1178,0.01655092090368271,,,,,
29,1179,0.002861832967028022,,,,,
29,1180,0.00500675942748785,,,,,
29,1181,0.0029468245338648558,,,,,
29,1182,0.006333432160317898,,,,,
29,1183,0.004588122479617596,,,,,
29,1184,0.0020443920511752367,,,,,
29,1185,0.007501386106014252,,,,,
29,1186,0.005321766249835491,,,,,
29,1187,0.005558024160563946,,,,,
29,1188,0.005692686885595322,,,,,
29,1189,0.014847513288259506,,,,,
29,1190,0.0020892955362796783,,,,,
29,1191,0.0033495062962174416,,,,,
29,1192,0.0011815050384029746,,,,,
29,1193,0.006254729349166155,,,,,
29,1194,0.0017382685327902436,,,,,
29,1195,0.007317272014915943,,,,,
29,1196,0.01922554522752762,,,,,
29,1197,0.0061135608702898026,,,,,
29,1198,0.010311596095561981,,,,,
29,1199,0.011601176112890244,,,,,
,145,,0.004650827497243881,,,,
,146,,0.014628667384386063,,,,
,147,,0.0062116398476064205,,,,
,148,,0.005753157660365105,,,,
,149,,0.00024896752438507974,,,,
29,1199,,,0.00629865238443017,,,
29,1199,,,,0.008472723886370659,1.0,0.971875011920929
30,1200,0.010434061288833618,,,,,
30,1201,0.0007402799092233181,,,,,
30,1202,0.016847560182213783,,,,,
30,1203,0.021133821457624435,,,,,
30,1204,0.007044345606118441,,,,,
30,1205,0.010744302533566952,,,,,
30,1206,0.004369002766907215,,,,,
30,1207,0.002713010646402836,,,,,
30,1208,0.0013608926674351096,,,,,
30,1209,0.005374381318688393,,,,,
30,1210,0.00975770689547062,,,,,
30,1211,0.011238561943173409,,,,,
30,1212,0.0012341397814452648,,,,,
30,1213,0.004101164173334837,,,,,
30,1214,0.014433862641453743,,,,,
30,1215,0.008055876940488815,,,,,
30,1216,0.0012434477685019374,,,,,
30,1217,0.006890915334224701,,,,,
30,1218,0.007878492586314678,,,,,
30,1219,0.0027729449793696404,,,,,
30,1220,0.009968267753720284,,,,,
30,1221,0.011570863425731659,,,,,
30,1222,0.01059398241341114,,,,,
30,1223,0.012617610394954681,,,,,
30,1224,0.011449487879872322,,,,,
30,1225,0.0172083992511034,,,,,
30,1226,0.010054527781903744,,,,,
30,1227,0.00746866874396801,,,,,
30,1228,0.0009385310113430023,,,,,
30,1229,0.02669196017086506,,,,,
30,1230,0.007770847994834185,,,,,
30,1231,0.002999176038429141,,,,,
30,1232,0.001062687486410141,,,,,
30,1233,0.011012187227606773,,,,,
30,1234,0.014865667559206486,,,,,
30,1235,0.004204523749649525,,,,,
30,1236,0.012443345971405506,,,,,
30,1237,0.0017407550476491451,,,,,
30,1238,0.009568579494953156,,,,,
30,1239,0.005220790393650532,,,,,
,150,,0.004593167454004288,,,,
,151,,0.013924854807555676,,,,
,152,,0.006013326346874237,,,,
,153,,0.005347927566617727,,,,
,154,,0.0003436498809605837,,,,
30,1239,,,0.006044584792107344,,,
30,1239,,,,0.008445490151643753,1.0,0.971875011920929
31,1240,0.01219325140118599,,,,,
31,1241,0.0058334567584097385,,,,,
31,1242,0.0010375394485890865,,,,,
31,1243,0.0010942203225567937,,,,,
31,1244,0.007566869258880615,,,,,
31,1245,0.011794826947152615,,,,,
31,1246,0.0063938056118786335,,,,,
31,1247,0.005962305702269077,,,,,
31,1248,0.0013021446065977216,,,,,
31,1249,0.0016517213080078363,,,,,
31,1250,0.007828161120414734,,,,,
31,1251,0.014651093631982803,,,,,
31,1252,0.005334040615707636,,,,,
31,1253,0.025580493733286858,,,,,
31,1254,0.011409878730773926,,,,,
31,1255,0.0016429934184998274,,,,,
31,1256,0.005024598445743322,,,,,
31,1257,0.009776296094059944,,,,,
31,1258,0.01780075393617153,,,,,
31,1259,0.013716396875679493,,,,,
31,1260,0.010278423316776752,,,,,
31,1261,0.008742212317883968,,,,,
31,1262,0.004502635449171066,,,,,
31,1263,0.010357184335589409,,,,,
31,1264,0.01821306347846985,,,,,
31,1265,0.011747200973331928,,,,,
31,1266,0.0022249508183449507,,,,,
31,1267,0.001648026634939015,,,,,
31,1268,0.01992843858897686,,,,,
31,1269,0.001399593660607934,,,,,
31,1270,0.0011418951908126473,,,,,
31,1271,0.0017709771636873484,,,,,
31,1272,0.013748809695243835,,,,,
31,1273,0.02343234047293663,,,,,
31,1274,0.003512477269396186,,,,,
31,1275,0.012354440055787563,,,,,
31,1276,0.008703866973519325,,,,,
31,1277,0.004681296646595001,,,,,
31,1278,0.015389349311590195,,,,,
31,1279,0.002115816343575716,,,,,
,155,,0.004540278576314449,,,,
,156,,0.01329190842807293,,,,
,157,,0.0057912361808121204,,,,
,158,,0.005199239123612642,,,,
,159,,0.002306833164766431,,,,
31,1279,,,0.0062258983962237835,,,
31,1279,,,,0.008587196469306946,0.987500011920929,0.9593750238418579
32,1280,0.013028645887970924,,,,,
32,1281,0.0019147146958857775,,,,,
32,1282,0.0011663606856018305,,,,,
32,1283,0.007751635275781155,,,,,
32,1284,0.0012666218681260943,,,,,
32,1285,0.01115487888455391,,,,,
32,1286,0.013784199021756649,,,,,
32,1287,0.00450327480211854,,,,,
32,1288,0.010207715444266796,,,,,
32,1289,0.012769064866006374,,,,,
32,1290,0.012671846896409988,,,,,
32,1291,0.0071671768091619015,,,,,
32,1292,0.013070735149085522,,,,,
32,1293,0.004105452913790941,,,,,
32,1294,0.0010721100261434913,,,,,
32,1295,0.00855574756860733,,,,,
32,1296,0.004842912312597036,,,,,
32,1297,0.02046181447803974,,,,,
32,1298,0.005300785414874554,,,,,
32,1299,0.003243174869567156,,,,,
32,1300,0.0008784960955381393,,,,,
32,1301,0.004726334009319544,,,,,
32,1302,0.013803398236632347,,,,,
32,1303,0.006557246670126915,,,,,
32,1304,0.008777832612395287,,,,,
32,1305,0.001060756854712963,,,,,
32,1306,0.0012969084782525897,,,,,
32,1307,0.018318720161914825,,,,,
32,1308,0.009913940913975239,,,,,
32,1309,0.0011972279753535986,,,,,
32,1310,0.0061254603788256645,,,,,
32,1311,0.010370424017310143,,,,,
32,1312,0.01164994202554226,,,,,
32,1313,0.01665220782160759,,,,,
32,1314,0.016169343143701553,,,,,
32,1315,0.0012882085284218192,,,,,
32,1316,0.022476114332675934,,,,,
32,1317,0.019072430208325386,,,,,
32,1318,0.0010972409509122372,,,,,
32,1319,0.017675623297691345,,,,,
,160,,0.0043920911848545074,,,,
,161,,0.0131386648863554,,,,
,162,,0.006040396634489298,,,,
,163,,0.005306793376803398,,,,
,164,,0.0004874027508776635,,,,
32,1319,,,0.005873070098459721,,,
32,1319,,,,0.008678668178617954,1.0,0.971875011920929
33,1320,0.001429658499546349,,,,,
33,1321,0.005610428284853697,,,,,
33,1322,0.005425580777227879,,,,,
33,1323,0.0200765710324049,,,,,
33,1324,0.0018966197967529297,,,,,
33,1325,0.008128526620566845,,,,,
33,1326,0.0032230201177299023,,,,,
33,1327,0.0012284601107239723,,,,,
33,1328,0.004855669103562832,,,,,
33,1329,0.005599269177764654,,,,,
33,1330,0.011505819857120514,,,,,
33,1331,0.010260498151183128,,,,,
33,1332,0.005216383840888739,,,,,
33,1333,0.0028864697087556124,,,,,
33,1334,0.005288999527692795,,,,,
33,1335,0.012749801389873028,,,,,
33,1336,0.0013063291553407907,,,,,
33,1337,0.015506584197282791,,,,,
33,1338,0.008822731673717499,,,,,
33,1339,0.0012321999529376626,,,,,
33,1340,0.015125477686524391,,,,,
33,1341,0.020795021206140518,,,,,
33,1342,0.00840434804558754,,,,,
33,1343,0.018372811377048492,,,,,
33,1344,0.014584112912416458,,,,,
33,1345,0.005786453373730183,,,,,
33,1346,0.0051613845862448215,,,,,
33,1347,0.0013456321321427822,,,,,
33,1348,0.011008527129888535,,,,,
33,1349,0.025475088506937027,,,,,
33,1350,0.009131263941526413,,,,,
33,1351,0.010429402813315392,,,,,
33,1352,0.008678015321493149,,,,,
33,1353,0.006777491420507431,,,,,
33,1354,0.0069862543605268,,,,,
33,1355,0.006990440189838409,,,,,
33,1356,0.007718088570982218,,,,,
33,1357,0.011961925774812698,,,,,
33,1358,0.002051697811111808,,,,,
33,1359,0.006606132257729769,,,,,
,165,,0.004734881687909365,,,,
,166,,0.013609690591692924,,,,
,167,,0.0059182061813771725,,,,
,168,,0.005265179090201855,,,,
,169,,0.0005128660704940557,,,,
33,1359,,,0.006008164957165718,,,
33,1359,,,,0.008390979841351509,1.0,0.971875011920929
34,1360,0.006574338302016258,,,,,
34,1361,0.0034544013906270266,,,,,
34,1362,0.014638294465839863,,,,,
34,1363,0.008630244061350822,,,,,
34,1364,0.004418879747390747,,,,,
34,1365,0.015999872237443924,,,,,
34,1366,0.015412110835313797,,,,,
34,1367,0.0010169193847104907,,,,,
34,1368,0.0017154994420707226,,,,,
34,1369,0.003119851928204298,,,,,
34,1370,0.005909614264965057,,,,,
34,1371,0.014312087558209896,,,,,
34,1372,0.004947233479470015,,,,,
34,1373,0.0016707960749045014,,,,,
34,1374,0.01521471980959177,,,,,
34,1375,0.014390552416443825,,,,,
34,1376,0.012324608862400055,,,,,
34,1377,0.0011944840662181377,,,,,
34,1378,0.007258008699864149,,,,,
34,1379,0.002217030618339777,,,,,
34,1380,0.008203340694308281,,,,,
34,1381,0.009663699194788933,,,,,
34,1382,0.007891202345490456,,,,,
34,1383,0.0173752810806036,,,,,
34,1384,0.02320837788283825,,,,,
34,1385,0.015553383156657219,,,,,
34,1386,0.0022195689380168915,,,,,
34,1387,0.021504689007997513,,,,,
34,1388,0.02338942140340805,,,,,
34,1389,0.009512824937701225,,,,,
34,1390,0.013052591122686863,,,,,
34,1391,0.010688304901123047,,,,,
34,1392,0.011953587643802166,,,,,
34,1393,0.019592059776186943,,,,,
34,1394,0.007889924570918083,,,,,
34,1395,0.0018953100079670548,,,,,
34,1396,0.009794476442039013,,,,,
34,1397,0.001886795274913311,,,,,
34,1398,0.0034991439897567034,,,,,
34,1399,0.0020805904641747475,,,,,
,170,,0.004574400372803211,,,,
,171,,0.013222532346844673,,,,
,172,,0.006091846618801355,,,,
,173,,0.005217584315687418,,,,
,174,,0.0006282311514951289,,,,
34,1399,,,0.00594691839069128,,,
34,1399,,,,0.009381852112710476,1.0,0.971875011920929
35,1400,0.008436080068349838,,,,,
35,1401,0.006877656560391188,,,,,
35,1402,0.02123643085360527,,,,,
35,1403,0.011590723879635334,,,,,
35,1404,0.011902143247425556,,,,,
35,1405,0.006617583800107241,,,,,
35,1406,0.015847140923142433,,,,,
35,1407,0.009894059970974922,,,,,
35,1408,0.005906508769840002,,,,,
35,1409,0.009779829531908035,,,,,
35,1410,0.006273013073951006,,,,,
35,1411,0.00557580403983593,,,,,
35,1412,0.0012139386963099241,,,,,
35,1413,0.005339120980352163,,,,,
35,1414,0.0012355198850855231,,,,,
35,1415,0.0013260189443826675,,,,,
35,1416,0.012024286203086376,,,,,
35,1417,0.010883614420890808,,,,,
35,1418,0.007418053224682808,,,,,
35,1419,0.0022621680982410908,,,,,
35,1420,0.0023484122939407825,,,,,
35,1421,0.00522192707285285,,,,,
35,1422,0.01791119948029518,,,,,
35,1423,0.0006718834629282355,,,,,
35,1424,0.010012360289692879,,,,,
35,1425,0.009512717835605145,,,,,
35,1426,0.0008492115302942693,,,,,
35,1427,0.0012185025261715055,,,,,
35,1428,0.03172409161925316,,,,,
35,1429,0.00741272559389472,,,,,
35,1430,0.0012618855107575655,,,,,
35,1431,0.010751744732260704,,,,,
35,1432,0.012273886241018772,,,,,
35,1433,0.011678826063871384,,,,,
35,1434,0.007234191056340933,,,,,
35,1435,0.011741701513528824,,,,,
35,1436,0.006304700393229723,,,,,
35,1437,0.0020829271525144577,,,,,
35,1438,0.010639730840921402,,,,,
35,1439,0.0033145470079034567,,,,,
,175,,0.0046309721656143665,,,,
,176,,0.013816817663609982,,,,
,177,,0.006255052983760834,,,,
,178,,0.0052209594286978245,,,,
,179,,0.0004385264473967254,,,,
35,1439,,,0.0060724662616848946,,,
35,1439,,,,0.008145171217620373,0.996874988079071,0.96875
36,1440,0.008421649225056171,,,,,
36,1441,0.01431308127939701,,,,,
36,1442,0.005772039759904146,,,,,
36,1443,0.0012603012146428227,,,,,
36,1444,0.010023043490946293,,,,,
36,1445,0.024771759286522865,,,,,
36,1446,0.007077371701598167,,,,,
36,1447,0.004816567525267601,,,,,
36,1448,0.006264332681894302,,,,,
36,1449,0.0017487742006778717,,,,,
36,1450,0.0012426022440195084,,,,,
36,1451,0.011019434779882431,,,,,
36,1452,0.007263742387294769,,,,,
36,1453,0.012902515009045601,,,,,
36,1454,0.0017343222862109542,,,,,
36,1455,0.0022574919275939465,,,,,
36,1456,0.0010043643414974213,,,,,
36,1457,0.013672281987965107,,,,,
36,1458,0.014437839388847351,,,,,
36,1459,0.014730429276823997,,,,,
36,1460,0.0007804101333022118,,,,,
36,1461,0.0015923435566946864,,,,,
36,1462,0.000943309161812067,,,,,
36,1463,0.010481888428330421,,,,,
36,1464,0.015335308387875557,,,,,
36,1465,0.010687488131225109,,,,,
36,1466,0.01701985113322735,,,,,
36,1467,0.004193815868347883,,,,,
36,1468,0.015937864780426025,,,,,
36,1469,0.007466345094144344,,,,,
36,1470,0.0015591596020385623,,,,,
36,1471,0.017247823998332024,,,,,
36,1472,0.007029540371149778,,,,,
36,1473,0.003169393865391612,,,,,
36,1474,0.007340212352573872,,,,,
36,1475,0.009864293970167637,,,,,
36,1476,0.007466717157512903,,,,,
36,1477,0.01869775354862213,,,,,
36,1478,0.012585588730871677,,,,,
36,1479,0.002676647622138262,,,,,
,180,,0.004509935155510902,,,,
,181,,0.01353306882083416,,,,
,182,,0.006216129288077354,,,,
,183,,0.005469625350087881,,,,
,184,,0.0004441083874553442,,,,
36,1479,,,0.006034573074430227,,,
36,1479,,,,0.008420241996645927,1.0,0.971875011920929
37,1480,0.003219297854229808,,,,,
37,1481,0.006520307157188654,,,,,
37,1482,0.003716141451150179,,,,,
37,1483,0.008182523772120476,,,,,
37,1484,0.0068781934678554535,,,,,
37,1485,0.00971793569624424,,,,,
37,1486,0.014447279274463654,,,,,
37,1487,0.004509268794208765,,,,,
37,1488,0.007548369001597166,,,,,
37,1489,0.0008991789072751999,,,,,
37,1490,0.005483540706336498,,,,,
37,1491,0.0007972655585035682,,,,,
37,1492,0.00496836518868804,,,,,
37,1493,0.011046744883060455,,,,,
37,1494,0.004478332120925188,,,,,
37,1495,0.0014284441713243723,,,,,
37,1496,0.01357932947576046,,,,,
37,1497,0.0047295670956373215,,,,,
37,1498,0.0019840348977595568,,,,,
37,1499,0.001136142062023282,,,,,
37,1500,0.020010335370898247,,,,,
37,1501,0.012688476592302322,,,,,
37,1502,0.011404120363295078,,,,,
37,1503,0.005358811467885971,,,,,
37,1504,0.008967234753072262,,,,,
37,1505,0.017528830096125603,,,,,
37,1506,0.0009239438804797828,,,,,
37,1507,0.011997436173260212,,,,,
37,1508,0.005352248437702656,,,,,
37,1509,0.017716025933623314,,,,,
37,1510,0.006893500220030546,,,,,
37,1511,0.005240697879344225,,,,,
37,1512,0.010475710034370422,,,,,
37,1513,0.013056549243628979,,,,,
37,1514,0.009222153574228287,,,,,
37,1515,0.012726878747344017,,,,,
37,1516,0.006741069722920656,,,,,
37,1517,0.006119502708315849,,,,,
37,1518,0.01679740659892559,,,,,
37,1519,0.0017287064110860229,,,,,
,185,,0.0045435307547450066,,,,
,186,,0.013401202857494354,,,,
,187,,0.006303396541625261,,,,
,188,,0.00533749395981431,,,,
,189,,0.000563251378480345,,,,
37,1519,,,0.006029775366187096,,,
37,1519,,,,0.007905496284365654,1.0,0.971875011920929
38,1520,0.0030779775697737932,,,,,
38,1521,0.02288929931819439,,,,,
38,1522,0.005762172397226095,,,,,
38,1523,0.007492510601878166,,,,,
38,1524,0.018213896080851555,,,,,
38,1525,0.0012837275862693787,,,,,
38,1526,0.01157234888523817,,,,,
38,1527,0.0012186383828520775,,,,,
38,1528,0.002781883580610156,,,,,
38,1529,0.0013324646279215813,,,,,
38,1530,0.004020341672003269,,,,,
38,1531,0.0009720068192109466,,,,,
38,1532,0.004583327099680901,,,,,
38,1533,0.006027282681316137,,,,,
38,1534,0.013531314209103584,,,,,
38,1535,0.014354635030031204,,,,,
38,1536,0.006539470516145229,,,,,
38,1537,0.005291856825351715,,,,,
38,1538,0.0009151426493190229,,,,,
38,1539,0.017323017120361328,,,,,
38,1540,0.003931746818125248,,,,,
38,1541,0.002485052216798067,,,,,
38,1542,0.01052788831293583,,,,,
38,1543,0.011820749379694462,,,,,
38,1544,0.006475543137639761,,,,,
38,1545,0.010823586955666542,,,,,
38,1546,0.018861617892980576,,,,,
38,1547,0.010006511583924294,,,,,
38,1548,0.018960583955049515,,,,,
38,1549,0.0008419629884883761,,,,,
38,1550,0.008170326240360737,,,,,
38,1551,0.011117090471088886,,,,,
38,1552,0.036276910454034805,,,,,
38,1553,0.0022175610065460205,,,,,
38,1554,0.005633173976093531,,,,,
38,1555,0.006203819531947374,,,,,
38,1556,0.016740109771490097,,,,,
38,1557,0.012329659424722195,,,,,
38,1558,0.0091733168810606,,,,,
38,1559,0.019208017736673355,,,,,
,190,,0.004465265199542046,,,,
,191,,0.013576374389231205,,,,
,192,,0.006352336145937443,,,,
,193,,0.005282202269881964,,,,
,194,,0.000495718966703862,,,,
38,1559,,,0.006034379359334707,,,
38,1559,,,,0.009274711832404137,1.0,0.971875011920929
39,1560,0.0018009475897997618,,,,,
39,1561,0.015729717910289764,,,,,
39,1562,0.010675673373043537,,,,,
39,1563,0.00249245623126626,,,,,
39,1564,0.011788764037191868,,,,,
39,1565,0.002291056327521801,,,,,
39,1566,0.01133793592453003,,,,,
39,1567,0.0021798426751047373,,,,,
39,1568,0.003265522653236985,,,,,
39,1569,0.016899146139621735,,,,,
39,1570,0.010987062007188797,,,,,
39,1571,0.008160260505974293,,,,,
39,1572,0.021667419001460075,,,,,
39,1573,0.0059481170028448105,,,,,
39,1574,0.0019032610580325127,,,,,
39,1575,0.006535847671329975,,,,,
39,1576,0.007330669090151787,,,,,
39,1577,0.004977077711373568,,,,,
39,1578,0.024156156927347183,,,,,
39,1579,0.008857406675815582,,,,,
39,1580,0.007025018334388733,,,,,
39,1581,0.0013799049193039536,,,,,
39,1582,0.00634069973602891,,,,,
39,1583,0.0012440975988283753,,,,,
39,1584,0.0031456537544727325,,,,,
39,1585,0.009368364699184895,,,,,
39,1586,0.0028230655007064342,,,,,
39,1587,0.006914655212312937,,,,,
39,1588,0.0056830476969480515,,,,,
39,1589,0.0017378657357767224,,,,,
39,1590,0.012386893853545189,,,,,
39,1591,0.006892003118991852,,,,,
39,1592,0.014322342351078987,,,,,
39,1593,0.017542243003845215,,,,,
39,1594,0.006632728036493063,,,,,
39,1595,0.01795068010687828,,,,,
39,1596,0.0017725997604429722,,,,,
39,1597,0.0011634364491328597,,,,,
39,1598,0.013059559278190136,,,,,
39,1599,0.007497300393879414,,,,,
,195,,0.004643930122256279,,,,
,196,,0.014320866204798222,,,,
,197,,0.006535169668495655,,,,
,198,,0.005367076024413109,,,,
,199,,0.00030505878385156393,,,,
39,1599,,,0.006234420463442802,,,
39,1599,,,,0.008096662349998951,1.0,0.971875011920929
40,1600,0.007519160397350788,,,,,
40,1601,0.003788995323702693,,,,,
40,1602,0.009664027020335197,,,,,
40,1603,0.0031966997776180506,,,,,
40,1604,0.010213160887360573,,,,,
40,1605,0.005172549281269312,,,,,
40,1606,0.0038876596372574568,,,,,
40,1607,0.0017034707125276327,,,,,
40,1608,0.007732902187854052,,,,,
40,1609,0.0016991386655718088,,,,,
40,1610,0.010635273531079292,,,,,
40,1611,0.011565032415091991,,,,,
40,1612,0.015276660211384296,,,,,
40,1613,0.009296032600104809,,,,,
40,1614,0.009210039861500263,,,,,
40,1615,0.0066343131475150585,,,,,
40,1616,0.002458025701344013,,,,,
40,1617,0.005527798552066088,,,,,
40,1618,0.0019446550868451595,,,,,
40,1619,0.0014027846045792103,,,,,
40,1620,0.011377302929759026,,,,,
40,1621,0.018552619963884354,,,,,
40,1622,0.006309596821665764,,,,,
40,1623,0.014463807456195354,,,,,
40,1624,0.004598963540047407,,,,,
40,1625,0.0016076911706477404,,,,,
40,1626,0.013544096611440182,,,,,
40,1627,0.002759243594482541,,,,,
40,1628,0.009314246475696564,,,,,
40,1629,0.01616576686501503,,,,,
40,1630,0.006717131473124027,,,,,
40,1631,0.0020957430824637413,,,,,
40,1632,0.0020709254313260317,,,,,
40,1633,0.0011562021682038903,,,,,
40,1634,0.0009704839321784675,,,,,
40,1635,0.01090735848993063,,,,,
40,1636,0.01763424463570118,,,,,
40,1637,0.006347382441163063,,,,,
40,1638,0.011209048330783844,,,,,
40,1639,0.013291915878653526,,,,,
,200,,0.004927414003759623,,,,
,201,,0.014206592924892902,,,,
,202,,0.006794398650527,,,,
,203,,0.0050756665877997875,,,,
,204,,0.000330222537741065,,,,
40,1639,,,0.0062668584287166595,,,
40,1639,,,,0.007490553893148899,1.0,0.971875011920929
