csv-train_loss_step,csv-epoch,step,csv-val_loss_step,csv-val_loss_epoch,csv-train_loss_epoch,csv-accuracy/exact,csv-accuracy/validator
12.405717849731445,0,0,,,,,
0.9061192274093628,0,1,,,,,
0.17377938330173492,0,2,,,,,
0.19689494371414185,0,3,,,,,
0.16227799654006958,0,4,,,,,
0.16476228833198547,0,5,,,,,
0.10498375445604324,0,6,,,,,
0.1517515331506729,0,7,,,,,
0.11688048392534256,0,8,,,,,
0.09341190755367279,0,9,,,,,
0.1532110571861267,0,10,,,,,
0.14843130111694336,0,11,,,,,
0.11784124374389648,0,12,,,,,
0.11445930600166321,0,13,,,,,
0.10132722556591034,0,14,,,,,
0.10408557951450348,0,15,,,,,
0.11811305582523346,0,16,,,,,
0.09320107102394104,0,17,,,,,
0.09869065135717392,0,18,,,,,
0.07698322832584381,0,19,,,,,
0.12986129522323608,0,20,,,,,
0.0723351240158081,0,21,,,,,
0.09614836424589157,0,22,,,,,
0.0884966254234314,0,23,,,,,
0.10257609933614731,0,24,,,,,
0.08483812212944031,0,25,,,,,
0.10578000545501709,0,26,,,,,
0.07904860377311707,0,27,,,,,
0.12074108421802521,0,28,,,,,
0.11892902851104736,0,29,,,,,
0.06721599400043488,0,30,,,,,
0.07059089839458466,0,31,,,,,
0.08698378503322601,0,32,,,,,
0.09550417959690094,0,33,,,,,
0.07993419468402863,0,34,,,,,
0.08816515654325485,0,35,,,,,
0.08524295687675476,0,36,,,,,
0.11583641171455383,0,37,,,,,
0.07699098438024521,0,38,,,,,
0.09323778748512268,0,39,,,,,
0.08787108957767487,0,40,,,,,
0.06330598145723343,0,41,,,,,
0.10721244663000107,0,42,,,,,
0.0776090994477272,0,43,,,,,
0.08710718154907227,0,44,,,,,
0.06822256743907928,0,45,,,,,
0.07069140672683716,0,46,,,,,
0.11173967272043228,0,47,,,,,
0.06086914241313934,0,48,,,,,
0.08034101128578186,0,49,,,,,
0.09416806697845459,0,50,,,,,
0.0517333522439003,0,51,,,,,
0.08201280981302261,0,52,,,,,
0.04905322194099426,0,53,,,,,
0.08299674838781357,0,54,,,,,
0.050866685807704926,0,55,,,,,
0.0635901466012001,0,56,,,,,
0.061716169118881226,0,57,,,,,
0.10056325793266296,0,58,,,,,
0.053686320781707764,0,59,,,,,
0.11012306809425354,0,60,,,,,
0.039964187890291214,0,61,,,,,
0.07778449356555939,0,62,,,,,
0.061856672167778015,0,63,,,,,
0.042352259159088135,0,64,,,,,
0.04772239923477173,0,65,,,,,
0.07614375650882721,0,66,,,,,
0.1020921990275383,0,67,,,,,
0.07502802461385727,0,68,,,,,
0.06017354875802994,0,69,,,,,
0.05155102163553238,0,70,,,,,
0.036120351403951645,0,71,,,,,
0.05899757519364357,0,72,,,,,
0.06622584164142609,0,73,,,,,
0.038188207894563675,0,74,,,,,
0.04652471840381622,0,75,,,,,
0.03310551866889,0,76,,,,,
0.05366972088813782,0,77,,,,,
0.05829668045043945,0,78,,,,,
0.0624881386756897,0,79,,,,,
0.059286508709192276,0,80,,,,,
0.030710043385624886,0,81,,,,,
0.05385848134756088,0,82,,,,,
0.04419015347957611,0,83,,,,,
0.03147490322589874,0,84,,,,,
0.04385190084576607,0,85,,,,,
0.03134160861372948,0,86,,,,,
0.05904238671064377,0,87,,,,,
0.07007194310426712,0,88,,,,,
0.07184295356273651,0,89,,,,,
0.04941052943468094,0,90,,,,,
0.0569131001830101,0,91,,,,,
0.07330505549907684,0,92,,,,,
0.048042912036180496,0,93,,,,,
0.03489803895354271,0,94,,,,,
0.037411704659461975,0,95,,,,,
0.06699914485216141,0,96,,,,,
0.0597524456679821,0,97,,,,,
0.044129014015197754,0,98,,,,,
0.0618620440363884,0,99,,,,,
0.04305783659219742,0,100,,,,,
0.06749074906110764,0,101,,,,,
0.050640709698200226,0,102,,,,,
0.03532161936163902,0,103,,,,,
0.06304012984037399,0,104,,,,,
0.038781777024269104,0,105,,,,,
0.04675737023353577,0,106,,,,,
0.045811727643013,0,107,,,,,
0.05375691503286362,0,108,,,,,
0.027419662103056908,0,109,,,,,
0.06550803035497665,0,110,,,,,
0.05641811341047287,0,111,,,,,
0.05442751199007034,0,112,,,,,
0.03374791145324707,0,113,,,,,
0.03355441614985466,0,114,,,,,
0.04335086792707443,0,115,,,,,
0.043950628489255905,0,116,,,,,
0.03153974190354347,0,117,,,,,
0.06823335587978363,0,118,,,,,
0.07456636428833008,0,119,,,,,
0.09509582072496414,0,120,,,,,
0.047123827040195465,0,121,,,,,
0.04262518882751465,0,122,,,,,
0.04579148441553116,0,123,,,,,
0.09501916170120239,0,124,,,,,
0.03203253448009491,0,125,,,,,
0.048656001687049866,0,126,,,,,
0.04740287736058235,0,127,,,,,
0.040284737944602966,0,128,,,,,
0.06348159909248352,0,129,,,,,
0.0484296977519989,0,130,,,,,
0.05166462063789368,0,131,,,,,
0.06485849618911743,0,132,,,,,
0.04912983626127243,0,133,,,,,
0.05966814234852791,0,134,,,,,
0.05324896425008774,0,135,,,,,
0.0347558930516243,0,136,,,,,
0.04119781032204628,0,137,,,,,
0.034599754959344864,0,138,,,,,
0.052303411066532135,0,139,,,,,
0.06707613170146942,0,140,,,,,
0.03505811095237732,0,141,,,,,
0.057867925614118576,0,142,,,,,
0.03766721114516258,0,143,,,,,
0.027047565206885338,0,144,,,,,
0.0575680285692215,0,145,,,,,
0.054076746106147766,0,146,,,,,
0.02704954333603382,0,147,,,,,
0.053655557334423065,0,148,,,,,
0.05833001807332039,0,149,,,,,
0.048138327896595,0,150,,,,,
0.03804006427526474,0,151,,,,,
0.056860972195863724,0,152,,,,,
0.028463562950491905,0,153,,,,,
0.038952674716711044,0,154,,,,,
0.038107313215732574,0,155,,,,,
0.07020565122365952,0,156,,,,,
0.033573899418115616,0,157,,,,,
0.039595045149326324,0,158,,,,,
0.026906127110123634,0,159,,,,,
,,0,0.03789890184998512,,,,
,,1,0.04533267766237259,,,,
,,2,0.054378025233745575,,,,
,,3,0.04980367422103882,,,,
,,4,0.039580535143613815,,,,
,,5,0.0394078865647316,,,,
,,6,0.04193457216024399,,,,
,,7,0.08576928824186325,,,,
,,8,0.05919160693883896,,,,
,,9,0.027485441416502,,,,
,,10,0.051753029227256775,,,,
,,11,0.0882820263504982,,,,
,,12,0.0699264407157898,,,,
,,13,0.04468882083892822,,,,
,,14,0.0551275834441185,,,,
,,15,0.02990475483238697,,,,
,,16,0.03535629063844681,,,,
,,17,0.040740177035331726,,,,
,,18,0.04654207453131676,,,,
,,19,0.07414795458316803,,,,
,0,159,,0.050862591713666916,,,
,0,159,,,0.1507032811641693,0.0,0.1875
0.06996241211891174,1,160,,,,,
0.017356308177113533,1,161,,,,,
0.04750563204288483,1,162,,,,,
0.034369856119155884,1,163,,,,,
0.051725611090660095,1,164,,,,,
0.05498075112700462,1,165,,,,,
0.050123024731874466,1,166,,,,,
0.04785192012786865,1,167,,,,,
0.05129167065024376,1,168,,,,,
0.029669225215911865,1,169,,,,,
0.04927868768572807,1,170,,,,,
0.0300267543643713,1,171,,,,,
0.07422412931919098,1,172,,,,,
0.04094812646508217,1,173,,,,,
0.0301177017390728,1,174,,,,,
0.039143405854701996,1,175,,,,,
0.055289629846811295,1,176,,,,,
0.03697856143116951,1,177,,,,,
0.04438057541847229,1,178,,,,,
0.03268023580312729,1,179,,,,,
0.0390479639172554,1,180,,,,,
0.041319865733385086,1,181,,,,,
0.04980788379907608,1,182,,,,,
0.018655069172382355,1,183,,,,,
0.041445761919021606,1,184,,,,,
0.027029668912291527,1,185,,,,,
0.046384137123823166,1,186,,,,,
0.07413626462221146,1,187,,,,,
0.057162243872880936,1,188,,,,,
0.04589351266622543,1,189,,,,,
0.03890960291028023,1,190,,,,,
0.04812292754650116,1,191,,,,,
0.03456070274114609,1,192,,,,,
0.03174775093793869,1,193,,,,,
0.02760336548089981,1,194,,,,,
0.03605246543884277,1,195,,,,,
0.024894194677472115,1,196,,,,,
0.029550977051258087,1,197,,,,,
0.05017605423927307,1,198,,,,,
0.0554371178150177,1,199,,,,,
0.031682174652814865,1,200,,,,,
0.06199948489665985,1,201,,,,,
0.0778505951166153,1,202,,,,,
0.0314696840941906,1,203,,,,,
0.06584827601909637,1,204,,,,,
0.05792523920536041,1,205,,,,,
0.059502847492694855,1,206,,,,,
0.04868290573358536,1,207,,,,,
0.022541053593158722,1,208,,,,,
0.028428349643945694,1,209,,,,,
0.040002889931201935,1,210,,,,,
0.032178498804569244,1,211,,,,,
0.04777166247367859,1,212,,,,,
0.03488489240407944,1,213,,,,,
0.02567545510828495,1,214,,,,,
0.05765163153409958,1,215,,,,,
0.046831902116537094,1,216,,,,,
0.024613026529550552,1,217,,,,,
0.04045337438583374,1,218,,,,,
0.03795797377824783,1,219,,,,,
0.02827508933842182,1,220,,,,,
0.04668020084500313,1,221,,,,,
0.03380199521780014,1,222,,,,,
0.034321583807468414,1,223,,,,,
0.03452350199222565,1,224,,,,,
0.057242389768362045,1,225,,,,,
0.02112148143351078,1,226,,,,,
0.05012234300374985,1,227,,,,,
0.03240908309817314,1,228,,,,,
0.027657534927129745,1,229,,,,,
0.036865025758743286,1,230,,,,,
0.04534778743982315,1,231,,,,,
0.07615742087364197,1,232,,,,,
0.06578712910413742,1,233,,,,,
0.0532931387424469,1,234,,,,,
0.0548921674489975,1,235,,,,,
0.041701361536979675,1,236,,,,,
0.03881770372390747,1,237,,,,,
0.05896196514368057,1,238,,,,,
0.026035381481051445,1,239,,,,,
0.0557154156267643,1,240,,,,,
0.03079049289226532,1,241,,,,,
0.06584766507148743,1,242,,,,,
0.02347073145210743,1,243,,,,,
0.04505595937371254,1,244,,,,,
0.032344430685043335,1,245,,,,,
0.03611886501312256,1,246,,,,,
0.03011619858443737,1,247,,,,,
0.037677276879549026,1,248,,,,,
0.03214406967163086,1,249,,,,,
0.0431099571287632,1,250,,,,,
0.024949347600340843,1,251,,,,,
0.03419853746891022,1,252,,,,,
0.04194003716111183,1,253,,,,,
0.04730485379695892,1,254,,,,,
0.03724559396505356,1,255,,,,,
0.019996218383312225,1,256,,,,,
0.03262042626738548,1,257,,,,,
0.032723769545555115,1,258,,,,,
0.03343460336327553,1,259,,,,,
0.055823057889938354,1,260,,,,,
0.028324048966169357,1,261,,,,,
0.05484924092888832,1,262,,,,,
0.04934372007846832,1,263,,,,,
0.04095683991909027,1,264,,,,,
0.04463501647114754,1,265,,,,,
0.027623122557997704,1,266,,,,,
0.022494491189718246,1,267,,,,,
0.035533323884010315,1,268,,,,,
0.028158854693174362,1,269,,,,,
0.03769568353891373,1,270,,,,,
0.029554061591625214,1,271,,,,,
0.03668021410703659,1,272,,,,,
0.021394552662968636,1,273,,,,,
0.037473514676094055,1,274,,,,,
0.05483609810471535,1,275,,,,,
0.014987453818321228,1,276,,,,,
0.02784692496061325,1,277,,,,,
0.03219018876552582,1,278,,,,,
0.022934388369321823,1,279,,,,,
0.11906969547271729,1,280,,,,,
0.031235553324222565,1,281,,,,,
0.03243115171790123,1,282,,,,,
0.043872933834791183,1,283,,,,,
0.050503455102443695,1,284,,,,,
0.042947717010974884,1,285,,,,,
0.031719356775283813,1,286,,,,,
0.031896159052848816,1,287,,,,,
0.04374265670776367,1,288,,,,,
0.06490041315555573,1,289,,,,,
0.026220150291919708,1,290,,,,,
0.030795462429523468,1,291,,,,,
0.03156852349638939,1,292,,,,,
0.03815252333879471,1,293,,,,,
0.06173774600028992,1,294,,,,,
0.0485476516187191,1,295,,,,,
0.039875827729701996,1,296,,,,,
0.027074439451098442,1,297,,,,,
0.049804385751485825,1,298,,,,,
0.03524571284651756,1,299,,,,,
0.04046473279595375,1,300,,,,,
0.030991479754447937,1,301,,,,,
0.044935353100299835,1,302,,,,,
0.04953642189502716,1,303,,,,,
0.025916434824466705,1,304,,,,,
0.02791990339756012,1,305,,,,,
0.030762989073991776,1,306,,,,,
0.043644458055496216,1,307,,,,,
0.05521567165851593,1,308,,,,,
0.03857582062482834,1,309,,,,,
0.028485827147960663,1,310,,,,,
0.05392921715974808,1,311,,,,,
0.03432565554976463,1,312,,,,,
0.03953922912478447,1,313,,,,,
0.03378890082240105,1,314,,,,,
0.03219634294509888,1,315,,,,,
0.03268127143383026,1,316,,,,,
0.02721961960196495,1,317,,,,,
0.03659114986658096,1,318,,,,,
0.03354280814528465,1,319,,,,,
,,20,0.028940381482243538,,,,
,,21,0.04758808761835098,,,,
,,22,0.06763780117034912,,,,
,,23,0.04820089414715767,,,,
,,24,0.05078656226396561,,,,
,,25,0.03427806496620178,,,,
,,26,0.03876056149601936,,,,
,,27,0.07343465834856033,,,,
,,28,0.05380561575293541,,,,
,,29,0.02223939076066017,,,,
,,30,0.04594383016228676,,,,
,,31,0.08199646323919296,,,,
,,32,0.056748077273368835,,,,
,,33,0.04766160249710083,,,,
,,34,0.05447998270392418,,,,
,,35,0.03211477771401405,,,,
,,36,0.03263894468545914,,,,
,,37,0.028341539204120636,,,,
,,38,0.037220168858766556,,,,
,,39,0.037026286125183105,,,,
,1,319,,0.04599218815565109,,,
,1,319,,,0.04065968841314316,0.0,0.1875
0.031693246215581894,2,320,,,,,
0.03467005491256714,2,321,,,,,
0.03129548579454422,2,322,,,,,
0.03226446732878685,2,323,,,,,
0.041718900203704834,2,324,,,,,
0.04075023904442787,2,325,,,,,
0.023634210228919983,2,326,,,,,
0.05257198214530945,2,327,,,,,
0.05456863343715668,2,328,,,,,
0.02711639367043972,2,329,,,,,
0.016330549493432045,2,330,,,,,
0.025334138423204422,2,331,,,,,
0.03539188951253891,2,332,,,,,
0.03847558796405792,2,333,,,,,
0.028273358941078186,2,334,,,,,
0.03805331513285637,2,335,,,,,
0.0343317985534668,2,336,,,,,
0.0258486308157444,2,337,,,,,
0.05521172285079956,2,338,,,,,
0.02250291220843792,2,339,,,,,
0.034396566450595856,2,340,,,,,
0.029738403856754303,2,341,,,,,
0.01810091733932495,2,342,,,,,
0.02125905454158783,2,343,,,,,
0.057949379086494446,2,344,,,,,
0.022374747321009636,2,345,,,,,
0.03868330270051956,2,346,,,,,
0.01610228233039379,2,347,,,,,
0.04870541766285896,2,348,,,,,
0.04121297225356102,2,349,,,,,
0.030379295349121094,2,350,,,,,
0.03066902980208397,2,351,,,,,
0.030530914664268494,2,352,,,,,
0.03563753142952919,2,353,,,,,
0.047859109938144684,2,354,,,,,
0.036060258746147156,2,355,,,,,
0.03321809694170952,2,356,,,,,
0.04665333032608032,2,357,,,,,
0.031101029366254807,2,358,,,,,
0.044901907444000244,2,359,,,,,
0.03229256719350815,2,360,,,,,
0.04586911201477051,2,361,,,,,
0.026354100555181503,2,362,,,,,
0.020771987736225128,2,363,,,,,
0.020630676299333572,2,364,,,,,
0.032202430069446564,2,365,,,,,
0.04938357323408127,2,366,,,,,
0.031850140541791916,2,367,,,,,
0.03291049972176552,2,368,,,,,
0.038192398846149445,2,369,,,,,
0.02320672944188118,2,370,,,,,
0.0300383809953928,2,371,,,,,
0.01959254965186119,2,372,,,,,
0.026577254757285118,2,373,,,,,
0.02428651601076126,2,374,,,,,
0.02339334785938263,2,375,,,,,
0.038658931851387024,2,376,,,,,
0.03222927078604698,2,377,,,,,
0.050709374248981476,2,378,,,,,
0.021163739264011383,2,379,,,,,
0.022439036518335342,2,380,,,,,
0.02202974446117878,2,381,,,,,
0.049482885748147964,2,382,,,,,
0.02060655876994133,2,383,,,,,
0.033445775508880615,2,384,,,,,
0.020268697291612625,2,385,,,,,
0.02217521332204342,2,386,,,,,
0.028110234066843987,2,387,,,,,
0.02698477730154991,2,388,,,,,
0.049605704843997955,2,389,,,,,
0.03745239973068237,2,390,,,,,
0.040936946868896484,2,391,,,,,
0.028997600078582764,2,392,,,,,
0.043687090277671814,2,393,,,,,
0.021182775497436523,2,394,,,,,
0.026420455425977707,2,395,,,,,
0.03731784597039223,2,396,,,,,
0.023495182394981384,2,397,,,,,
0.019902303814888,2,398,,,,,
0.03810705617070198,2,399,,,,,
0.03945475071668625,2,400,,,,,
0.03032974898815155,2,401,,,,,
0.03529969975352287,2,402,,,,,
0.05770313739776611,2,403,,,,,
0.029630523175001144,2,404,,,,,
0.052340105175971985,2,405,,,,,
0.02462320774793625,2,406,,,,,
0.036835674196481705,2,407,,,,,
0.024203669279813766,2,408,,,,,
0.038946300745010376,2,409,,,,,
0.03806712478399277,2,410,,,,,
0.06312257051467896,2,411,,,,,
0.02831605076789856,2,412,,,,,
0.015943031758069992,2,413,,,,,
0.05582144856452942,2,414,,,,,
0.04870450124144554,2,415,,,,,
0.03480043634772301,2,416,,,,,
0.05686652660369873,2,417,,,,,
0.032797060906887054,2,418,,,,,
0.05906356871128082,2,419,,,,,
0.021507875993847847,2,420,,,,,
0.030401460826396942,2,421,,,,,
0.04628485441207886,2,422,,,,,
0.02638336271047592,2,423,,,,,
0.060790251940488815,2,424,,,,,
0.046227894723415375,2,425,,,,,
0.023449882864952087,2,426,,,,,
0.04031777009367943,2,427,,,,,
0.025919843465089798,2,428,,,,,
0.05982723459601402,2,429,,,,,
0.04831216484308243,2,430,,,,,
0.057620372623205185,2,431,,,,,
0.023433659225702286,2,432,,,,,
0.026982560753822327,2,433,,,,,
0.042286358773708344,2,434,,,,,
0.044101469218730927,2,435,,,,,
0.04530705511569977,2,436,,,,,
0.030886638909578323,2,437,,,,,
0.04419517517089844,2,438,,,,,
0.028849728405475616,2,439,,,,,
0.028302200138568878,2,440,,,,,
0.03862292692065239,2,441,,,,,
0.042332910001277924,2,442,,,,,
0.035156238824129105,2,443,,,,,
0.02100883238017559,2,444,,,,,
0.05065678805112839,2,445,,,,,
0.03944253548979759,2,446,,,,,
0.06727758049964905,2,447,,,,,
0.03783373162150383,2,448,,,,,
0.031797874718904495,2,449,,,,,
0.03004126250743866,2,450,,,,,
0.02773573249578476,2,451,,,,,
0.0404684916138649,2,452,,,,,
0.030445287004113197,2,453,,,,,
0.042219653725624084,2,454,,,,,
0.03664521872997284,2,455,,,,,
0.048350464552640915,2,456,,,,,
0.030456142500042915,2,457,,,,,
0.036699868738651276,2,458,,,,,
0.031684115529060364,2,459,,,,,
0.028312476351857185,2,460,,,,,
0.03342588245868683,2,461,,,,,
0.016791369765996933,2,462,,,,,
0.04899481683969498,2,463,,,,,
0.0418320894241333,2,464,,,,,
0.02490093931555748,2,465,,,,,
0.02038719318807125,2,466,,,,,
0.039142172783613205,2,467,,,,,
0.02600882574915886,2,468,,,,,
0.03428170830011368,2,469,,,,,
0.0289753470569849,2,470,,,,,
0.03247565031051636,2,471,,,,,
0.04626556113362312,2,472,,,,,
0.038350123912096024,2,473,,,,,
0.025724854320287704,2,474,,,,,
0.023761991411447525,2,475,,,,,
0.03711174055933952,2,476,,,,,
0.03520050644874573,2,477,,,,,
0.042533375322818756,2,478,,,,,
0.037984393537044525,2,479,,,,,
,,40,0.03350130468606949,,,,
,,41,0.0432560071349144,,,,
,,42,0.04660544916987419,,,,
,,43,0.05224251747131348,,,,
,,44,0.03791479393839836,,,,
,,45,0.03279639035463333,,,,
,,46,0.03494301438331604,,,,
,,47,0.0684203952550888,,,,
,,48,0.05919281393289566,,,,
,,49,0.02400842495262623,,,,
,,50,0.03850999101996422,,,,
,,51,0.08235208690166473,,,,
,,52,0.054140605032444,,,,
,,53,0.043226458132267,,,,
,,54,0.04645555466413498,,,,
,,55,0.025227807462215424,,,,
,,56,0.03170046582818031,,,,
,,57,0.03398342803120613,,,,
,,58,0.03519762307405472,,,,
,,59,0.058509066700935364,,,,
,2,479,,0.04410920664668083,,,
,2,479,,,0.03502580150961876,0.0,0.1875
0.03104024939239025,3,480,,,,,
0.01916292868554592,3,481,,,,,
0.026936057955026627,3,482,,,,,
0.021260015666484833,3,483,,,,,
0.03181147202849388,3,484,,,,,
0.03880864754319191,3,485,,,,,
0.0342196524143219,3,486,,,,,
0.03475204110145569,3,487,,,,,
0.028291895985603333,3,488,,,,,
0.027256760746240616,3,489,,,,,
0.01751561090350151,3,490,,,,,
0.042774491012096405,3,491,,,,,
0.0233294814825058,3,492,,,,,
0.030344784259796143,3,493,,,,,
0.033160045742988586,3,494,,,,,
0.03227437287569046,3,495,,,,,
0.020895671099424362,3,496,,,,,
0.031098347157239914,3,497,,,,,
0.027163947001099586,3,498,,,,,
0.028981048613786697,3,499,,,,,
0.02209039404988289,3,500,,,,,
0.03096936270594597,3,501,,,,,
0.035248350352048874,3,502,,,,,
0.05194725841283798,3,503,,,,,
0.033551644533872604,3,504,,,,,
0.035013582557439804,3,505,,,,,
0.0194123312830925,3,506,,,,,
0.03493035212159157,3,507,,,,,
0.04905454069375992,3,508,,,,,
0.03207758069038391,3,509,,,,,
0.025750014930963516,3,510,,,,,
0.016277050599455833,3,511,,,,,
0.0478617325425148,3,512,,,,,
0.02800803631544113,3,513,,,,,
0.03460593521595001,3,514,,,,,
0.026387471705675125,3,515,,,,,
0.031209349632263184,3,516,,,,,
0.02431614324450493,3,517,,,,,
0.03020321950316429,3,518,,,,,
0.03468146175146103,3,519,,,,,
0.025858040899038315,3,520,,,,,
0.01516794040799141,3,521,,,,,
0.03403814882040024,3,522,,,,,
0.03842061758041382,3,523,,,,,
0.03777485713362694,3,524,,,,,
0.047780804336071014,3,525,,,,,
0.024542635306715965,3,526,,,,,
0.02545475773513317,3,527,,,,,
0.023118238896131516,3,528,,,,,
0.01924418844282627,3,529,,,,,
0.040393903851509094,3,530,,,,,
0.047565627843141556,3,531,,,,,
0.01659325323998928,3,532,,,,,
0.026827894151210785,3,533,,,,,
0.032000843435525894,3,534,,,,,
0.023951925337314606,3,535,,,,,
0.04165520519018173,3,536,,,,,
0.02819564938545227,3,537,,,,,
0.029760830104351044,3,538,,,,,
0.03227125108242035,3,539,,,,,
0.012054167687892914,3,540,,,,,
0.038362767547369,3,541,,,,,
0.04073207080364227,3,542,,,,,
0.04090677201747894,3,543,,,,,
0.04194888845086098,3,544,,,,,
0.03053925931453705,3,545,,,,,
0.03210838884115219,3,546,,,,,
0.023933446034789085,3,547,,,,,
0.02882647141814232,3,548,,,,,
0.022679708898067474,3,549,,,,,
0.03355856612324715,3,550,,,,,
0.02234843745827675,3,551,,,,,
0.03616729751229286,3,552,,,,,
0.02552979439496994,3,553,,,,,
0.04099832475185394,3,554,,,,,
0.04392202943563461,3,555,,,,,
0.037752099335193634,3,556,,,,,
0.03637494519352913,3,557,,,,,
0.03543129563331604,3,558,,,,,
0.049480777233839035,3,559,,,,,
0.02997095137834549,3,560,,,,,
0.03392694145441055,3,561,,,,,
0.04910167306661606,3,562,,,,,
0.021380852907896042,3,563,,,,,
0.03386630117893219,3,564,,,,,
0.029157571494579315,3,565,,,,,
0.03926075994968414,3,566,,,,,
0.025847366079688072,3,567,,,,,
0.04483633488416672,3,568,,,,,
0.02707941085100174,3,569,,,,,
0.02644769474864006,3,570,,,,,
0.029522646218538284,3,571,,,,,
0.05545559152960777,3,572,,,,,
0.04020296782255173,3,573,,,,,
0.03397439420223236,3,574,,,,,
0.02864280715584755,3,575,,,,,
0.028758741915225983,3,576,,,,,
0.02847733348608017,3,577,,,,,
0.02760731242597103,3,578,,,,,
0.01783025451004505,3,579,,,,,
0.025017429143190384,3,580,,,,,
0.036440953612327576,3,581,,,,,
0.025791529566049576,3,582,,,,,
0.025319412350654602,3,583,,,,,
0.0460674911737442,3,584,,,,,
0.053858138620853424,3,585,,,,,
0.025724101811647415,3,586,,,,,
0.024016711860895157,3,587,,,,,
0.020336922258138657,3,588,,,,,
0.03299061954021454,3,589,,,,,
0.030801180750131607,3,590,,,,,
0.02988278865814209,3,591,,,,,
0.03210407495498657,3,592,,,,,
0.02019369602203369,3,593,,,,,
0.0499078743159771,3,594,,,,,
0.03081183135509491,3,595,,,,,
0.026245281100273132,3,596,,,,,
0.014366982504725456,3,597,,,,,
0.02557152882218361,3,598,,,,,
0.043812237679958344,3,599,,,,,
0.03242667391896248,3,600,,,,,
0.047326989471912384,3,601,,,,,
0.02622971124947071,3,602,,,,,
0.03304865583777428,3,603,,,,,
0.03774093836545944,3,604,,,,,
0.04487130790948868,3,605,,,,,
0.025551389902830124,3,606,,,,,
0.019066158682107925,3,607,,,,,
0.018372148275375366,3,608,,,,,
0.022072607651352882,3,609,,,,,
0.033397700637578964,3,610,,,,,
0.02841465175151825,3,611,,,,,
0.029878979548811913,3,612,,,,,
0.03204479068517685,3,613,,,,,
0.036127761006355286,3,614,,,,,
0.037540361285209656,3,615,,,,,
0.024128461256623268,3,616,,,,,
0.027873214334249496,3,617,,,,,
0.03003157116472721,3,618,,,,,
0.027467554435133934,3,619,,,,,
0.05662982165813446,3,620,,,,,
0.035897258669137955,3,621,,,,,
0.04179186373949051,3,622,,,,,
0.02038923278450966,3,623,,,,,
0.01930919662117958,3,624,,,,,
0.021102264523506165,3,625,,,,,
0.02750921994447708,3,626,,,,,
0.02214987576007843,3,627,,,,,
0.034096911549568176,3,628,,,,,
0.02695733867585659,3,629,,,,,
0.019192710518836975,3,630,,,,,
0.03363480046391487,3,631,,,,,
0.028563376516103745,3,632,,,,,
0.04682838171720505,3,633,,,,,
0.023086244240403175,3,634,,,,,
0.03477531298995018,3,635,,,,,
0.029064511880278587,3,636,,,,,
0.04764477163553238,3,637,,,,,
0.05258539319038391,3,638,,,,,
0.021612193435430527,3,639,,,,,
,,60,0.026534099131822586,,,,
,,61,0.04766969382762909,,,,
,,62,0.051795586943626404,,,,
,,63,0.04390585795044899,,,,
,,64,0.03765217214822769,,,,
,,65,0.03572344034910202,,,,
,,66,0.04071571305394173,,,,
,,67,0.07338252663612366,,,,
,,68,0.06843706220388412,,,,
,,69,0.01894603669643402,,,,
,,70,0.029566679149866104,,,,
,,71,0.08183027058839798,,,,
,,72,0.061826303601264954,,,,
,,73,0.04094443470239639,,,,
,,74,0.049130842089653015,,,,
,,75,0.026976492255926132,,,,
,,76,0.028991105034947395,,,,
,,77,0.033781491219997406,,,,
,,78,0.03692954406142235,,,,
,,79,0.03959892690181732,,,,
,3,639,,0.0437169149518013,,,
,3,639,,,0.03147491440176964,0.0,0.1875
0.034748055040836334,4,640,,,,,
0.02908150851726532,4,641,,,,,
0.0268833227455616,4,642,,,,,
0.03751009702682495,4,643,,,,,
0.020464947447180748,4,644,,,,,
0.0354524590075016,4,645,,,,,
0.024248499423265457,4,646,,,,,
0.015180528163909912,4,647,,,,,
0.02977932244539261,4,648,,,,,
0.01981235295534134,4,649,,,,,
0.018233610317111015,4,650,,,,,
0.01574334129691124,4,651,,,,,
0.03467262163758278,4,652,,,,,
0.04463503509759903,4,653,,,,,
0.02237488143146038,4,654,,,,,
0.016951357945799828,4,655,,,,,
0.03928200900554657,4,656,,,,,
0.03543113172054291,4,657,,,,,
0.01760575920343399,4,658,,,,,
0.022583339363336563,4,659,,,,,
0.02429312840104103,4,660,,,,,
0.02656369097530842,4,661,,,,,
0.01231670193374157,4,662,,,,,
0.0446087121963501,4,663,,,,,
0.03441397473216057,4,664,,,,,
0.026049315929412842,4,665,,,,,
0.027198821306228638,4,666,,,,,
0.024872969835996628,4,667,,,,,
0.020185470581054688,4,668,,,,,
0.021663792431354523,4,669,,,,,
0.02433997578918934,4,670,,,,,
0.04076441004872322,4,671,,,,,
0.018511760979890823,4,672,,,,,
0.028269607573747635,4,673,,,,,
0.02477993816137314,4,674,,,,,
0.036391500383615494,4,675,,,,,
0.03311771899461746,4,676,,,,,
0.04210861027240753,4,677,,,,,
0.021330732852220535,4,678,,,,,
0.024077821522951126,4,679,,,,,
0.025094958022236824,4,680,,,,,
0.013403696939349174,4,681,,,,,
0.043989650905132294,4,682,,,,,
0.01643534190952778,4,683,,,,,
0.019707808271050453,4,684,,,,,
0.024123262614011765,4,685,,,,,
0.02298142947256565,4,686,,,,,
0.052329763770103455,4,687,,,,,
0.03790413588285446,4,688,,,,,
0.03139178082346916,4,689,,,,,
0.027539048343896866,4,690,,,,,
0.026200078427791595,4,691,,,,,
0.02174980938434601,4,692,,,,,
0.023653455078601837,4,693,,,,,
0.029107224196195602,4,694,,,,,
0.0225965715944767,4,695,,,,,
0.02693045511841774,4,696,,,,,
0.03234337270259857,4,697,,,,,
0.04222545027732849,4,698,,,,,
0.03213338553905487,4,699,,,,,
0.01896105706691742,4,700,,,,,
0.02270825207233429,4,701,,,,,
0.0372074693441391,4,702,,,,,
0.02120407670736313,4,703,,,,,
0.028594903647899628,4,704,,,,,
0.01238449290394783,4,705,,,,,
0.027146875858306885,4,706,,,,,
0.0370408371090889,4,707,,,,,
0.02636844664812088,4,708,,,,,
0.030902044847607613,4,709,,,,,
0.024973537772893906,4,710,,,,,
0.04074082151055336,4,711,,,,,
0.04116801917552948,4,712,,,,,
0.02893199399113655,4,713,,,,,
0.04058289900422096,4,714,,,,,
0.02050391025841236,4,715,,,,,
0.028955884277820587,4,716,,,,,
0.037007756531238556,4,717,,,,,
0.04202651232481003,4,718,,,,,
0.025334559381008148,4,719,,,,,
0.026698149740695953,4,720,,,,,
0.03382498025894165,4,721,,,,,
0.03434206545352936,4,722,,,,,
0.027099600061774254,4,723,,,,,
0.024557365104556084,4,724,,,,,
0.05186258628964424,4,725,,,,,
0.025074709206819534,4,726,,,,,
0.03302791714668274,4,727,,,,,
0.03778492659330368,4,728,,,,,
0.029325615614652634,4,729,,,,,
0.025630153715610504,4,730,,,,,
0.039935097098350525,4,731,,,,,
0.029253529384732246,4,732,,,,,
0.05222741514444351,4,733,,,,,
0.03523103892803192,4,734,,,,,
0.01686251536011696,4,735,,,,,
0.03918891400098801,4,736,,,,,
0.03251943364739418,4,737,,,,,
0.017531022429466248,4,738,,,,,
0.026459883898496628,4,739,,,,,
0.024858584627509117,4,740,,,,,
0.04107421636581421,4,741,,,,,
0.03275644779205322,4,742,,,,,
0.019318122416734695,4,743,,,,,
0.0277569480240345,4,744,,,,,
0.02475757524371147,4,745,,,,,
0.031208090484142303,4,746,,,,,
0.026383478194475174,4,747,,,,,
0.02935750223696232,4,748,,,,,
0.03336934745311737,4,749,,,,,
0.01896461844444275,4,750,,,,,
0.0349431149661541,4,751,,,,,
0.023253995925188065,4,752,,,,,
0.03164120763540268,4,753,,,,,
0.021592075005173683,4,754,,,,,
0.017607953399419785,4,755,,,,,
0.05636632815003395,4,756,,,,,
0.03415283188223839,4,757,,,,,
0.022733690217137337,4,758,,,,,
0.028182649984955788,4,759,,,,,
0.015603715553879738,4,760,,,,,
0.028197862207889557,4,761,,,,,
0.023906860500574112,4,762,,,,,
0.048998452723026276,4,763,,,,,
0.02916168048977852,4,764,,,,,
0.03931673988699913,4,765,,,,,
0.03514523431658745,4,766,,,,,
0.016261640936136246,4,767,,,,,
0.031309694051742554,4,768,,,,,
0.028274599462747574,4,769,,,,,
0.04799216240644455,4,770,,,,,
0.021171532571315765,4,771,,,,,
0.04018950089812279,4,772,,,,,
0.03051815927028656,4,773,,,,,
0.040690600872039795,4,774,,,,,
0.027383405715227127,4,775,,,,,
0.023997092619538307,4,776,,,,,
0.04336271435022354,4,777,,,,,
0.02281266823410988,4,778,,,,,
0.037138909101486206,4,779,,,,,
0.03869420289993286,4,780,,,,,
0.024846235290169716,4,781,,,,,
0.025638800114393234,4,782,,,,,
0.02003340609371662,4,783,,,,,
0.03854077681899071,4,784,,,,,
0.02964552864432335,4,785,,,,,
0.02392638474702835,4,786,,,,,
0.03596217557787895,4,787,,,,,
0.027586722746491432,4,788,,,,,
0.04273243248462677,4,789,,,,,
0.029698235914111137,4,790,,,,,
0.03779555484652519,4,791,,,,,
0.02973099797964096,4,792,,,,,
0.044929273426532745,4,793,,,,,
0.029503632336854935,4,794,,,,,
0.020847469568252563,4,795,,,,,
0.03580620884895325,4,796,,,,,
0.02120557427406311,4,797,,,,,
0.02012983150780201,4,798,,,,,
0.021349817514419556,4,799,,,,,
,,80,0.038445375859737396,,,,
,,81,0.03830006718635559,,,,
,,82,0.048149168491363525,,,,
,,83,0.06258375197649002,,,,
,,84,0.034067098051309586,,,,
,,85,0.03547797352075577,,,,
,,86,0.04089570790529251,,,,
,,87,0.0862342044711113,,,,
,,88,0.06537431478500366,,,,
,,89,0.022769400849938393,,,,
,,90,0.03576241433620453,,,,
,,91,0.07732050120830536,,,,
,,92,0.05430087447166443,,,,
,,93,0.046585291624069214,,,,
,,94,0.053767941892147064,,,,
,,95,0.024704651907086372,,,,
,,96,0.03488350659608841,,,,
,,97,0.0358462929725647,,,,
,,98,0.03941499441862106,,,,
,,99,0.05829375609755516,,,,
,4,799,,0.04665886610746384,,,
,4,799,,,0.029436688870191574,0.0,0.1875
0.015344453975558281,5,800,,,,,
0.03340145945549011,5,801,,,,,
0.026863809674978256,5,802,,,,,
0.033803313970565796,5,803,,,,,
0.020585188642144203,5,804,,,,,
0.019433043897151947,5,805,,,,,
0.023915115743875504,5,806,,,,,
0.024422980844974518,5,807,,,,,
0.022303681820631027,5,808,,,,,
0.035103682428598404,5,809,,,,,
0.029085228219628334,5,810,,,,,
0.013589560054242611,5,811,,,,,
0.015086723491549492,5,812,,,,,
0.016928253695368767,5,813,,,,,
0.01701558753848076,5,814,,,,,
0.021639732643961906,5,815,,,,,
0.022348932921886444,5,816,,,,,
0.0229392871260643,5,817,,,,,
0.009950678795576096,5,818,,,,,
0.015537871047854424,5,819,,,,,
0.03383095562458038,5,820,,,,,
0.02253578044474125,5,821,,,,,
0.019025536254048347,5,822,,,,,
0.016161853447556496,5,823,,,,,
0.02124185487627983,5,824,,,,,
0.02196532115340233,5,825,,,,,
0.02866930514574051,5,826,,,,,
0.028415795415639877,5,827,,,,,
0.025443950667977333,5,828,,,,,
0.032477110624313354,5,829,,,,,
0.023634759709239006,5,830,,,,,
0.03144297003746033,5,831,,,,,
0.04372665286064148,5,832,,,,,
0.018089739605784416,5,833,,,,,
0.02421167492866516,5,834,,,,,
0.025777895003557205,5,835,,,,,
0.022093335166573524,5,836,,,,,
0.020366739481687546,5,837,,,,,
0.017753515392541885,5,838,,,,,
0.027491630986332893,5,839,,,,,
0.014138833619654179,5,840,,,,,
0.02053174562752247,5,841,,,,,
0.0308738574385643,5,842,,,,,
0.04254873842000961,5,843,,,,,
0.034967824816703796,5,844,,,,,
0.01830785721540451,5,845,,,,,
0.02197100594639778,5,846,,,,,
0.04166577756404877,5,847,,,,,
0.02630840614438057,5,848,,,,,
0.021266603842377663,5,849,,,,,
0.014847889542579651,5,850,,,,,
0.04140029475092888,5,851,,,,,
0.012083863839507103,5,852,,,,,
0.022778812795877457,5,853,,,,,
0.030000383034348488,5,854,,,,,
0.03398885577917099,5,855,,,,,
0.04491996020078659,5,856,,,,,
0.03292917460203171,5,857,,,,,
0.04011116549372673,5,858,,,,,
0.0299140065908432,5,859,,,,,
0.025407329201698303,5,860,,,,,
0.027712205424904823,5,861,,,,,
0.03501906245946884,5,862,,,,,
0.02748769335448742,5,863,,,,,
0.023544104769825935,5,864,,,,,
0.021018831059336662,5,865,,,,,
0.023715347051620483,5,866,,,,,
0.027995260432362556,5,867,,,,,
0.011976005509495735,5,868,,,,,
0.029860593378543854,5,869,,,,,
0.026219256222248077,5,870,,,,,
0.018931716680526733,5,871,,,,,
0.0245561171323061,5,872,,,,,
0.015552390366792679,5,873,,,,,
0.04001535102725029,5,874,,,,,
0.020220478996634483,5,875,,,,,
0.037217624485492706,5,876,,,,,
0.020443227142095566,5,877,,,,,
0.025469522923231125,5,878,,,,,
0.02241065725684166,5,879,,,,,
0.028314776718616486,5,880,,,,,
0.01735617220401764,5,881,,,,,
0.012751571834087372,5,882,,,,,
0.04034385085105896,5,883,,,,,
0.02378125861287117,5,884,,,,,
0.03412448614835739,5,885,,,,,
0.04239732772111893,5,886,,,,,
0.02108326554298401,5,887,,,,,
0.02616392821073532,5,888,,,,,
0.027845071628689766,5,889,,,,,
0.015330342575907707,5,890,,,,,
0.02508227899670601,5,891,,,,,
0.015709325671195984,5,892,,,,,
0.014824280515313148,5,893,,,,,
0.030544966459274292,5,894,,,,,
0.02321259304881096,5,895,,,,,
0.027170468121767044,5,896,,,,,
0.02383219636976719,5,897,,,,,
0.019361665472388268,5,898,,,,,
0.012287258170545101,5,899,,,,,
0.018871696665883064,5,900,,,,,
0.0501420833170414,5,901,,,,,
0.03777959197759628,5,902,,,,,
0.018709400668740273,5,903,,,,,
0.022841263562440872,5,904,,,,,
0.024127591401338577,5,905,,,,,
0.04213263839483261,5,906,,,,,
0.01922963559627533,5,907,,,,,
0.03768210858106613,5,908,,,,,
0.03697698563337326,5,909,,,,,
0.023861460387706757,5,910,,,,,
0.03343435749411583,5,911,,,,,
0.04291999712586403,5,912,,,,,
0.025338277220726013,5,913,,,,,
0.036192428320646286,5,914,,,,,
0.021978842094540596,5,915,,,,,
0.019401628524065018,5,916,,,,,
0.019139673560857773,5,917,,,,,
0.017554091289639473,5,918,,,,,
0.027165355160832405,5,919,,,,,
0.026572290807962418,5,920,,,,,
0.026491589844226837,5,921,,,,,
0.017418015748262405,5,922,,,,,
0.01271830778568983,5,923,,,,,
0.02875010296702385,5,924,,,,,
0.023346398025751114,5,925,,,,,
0.047106027603149414,5,926,,,,,
0.03677912801504135,5,927,,,,,
0.016746994107961655,5,928,,,,,
0.017845485359430313,5,929,,,,,
0.0242584478110075,5,930,,,,,
0.024843383580446243,5,931,,,,,
0.02574838697910309,5,932,,,,,
0.014697068370878696,5,933,,,,,
0.031022844836115837,5,934,,,,,
0.01638612523674965,5,935,,,,,
0.018208812922239304,5,936,,,,,
0.032580845057964325,5,937,,,,,
0.014432119205594063,5,938,,,,,
0.03011506050825119,5,939,,,,,
0.02273179218173027,5,940,,,,,
0.03944900259375572,5,941,,,,,
0.03524276986718178,5,942,,,,,
0.0458742156624794,5,943,,,,,
0.027961283922195435,5,944,,,,,
0.0245931688696146,5,945,,,,,
0.028081994503736496,5,946,,,,,
0.01392640545964241,5,947,,,,,
0.029450364410877228,5,948,,,,,
0.03842577338218689,5,949,,,,,
0.034241653978824615,5,950,,,,,
0.023033643141388893,5,951,,,,,
0.0379808247089386,5,952,,,,,
0.041622817516326904,5,953,,,,,
0.02911227196455002,5,954,,,,,
0.03608543798327446,5,955,,,,,
0.026249177753925323,5,956,,,,,
0.025918301194906235,5,957,,,,,
0.027427291497588158,5,958,,,,,
0.032484933733940125,5,959,,,,,
,,100,0.03464397415518761,,,,
,,101,0.04975789412856102,,,,
,,102,0.05964185297489166,,,,
,,103,0.05423540249466896,,,,
,,104,0.043477676808834076,,,,
,,105,0.030875002965331078,,,,
,,106,0.04191143065690994,,,,
,,107,0.07624320685863495,,,,
,,108,0.07106894999742508,,,,
,,109,0.026072341948747635,,,,
,,110,0.03502335771918297,,,,
,,111,0.07579098641872406,,,,
,,112,0.060285534709692,,,,
,,113,0.04781890660524368,,,,
,,114,0.05136111378669739,,,,
,,115,0.028208531439304352,,,,
,,116,0.0294847059994936,,,,
,,117,0.037809260189533234,,,,
,,118,0.03809364140033722,,,,
,,119,0.052322812378406525,,,,
,5,959,,0.0472063310444355,,,
,5,959,,,0.026168372482061386,0.0,0.1875
0.020898595452308655,6,960,,,,,
0.015352034941315651,6,961,,,,,
0.014113438315689564,6,962,,,,,
0.02449357509613037,6,963,,,,,
0.024006599560379982,6,964,,,,,
0.016124270856380463,6,965,,,,,
0.02807885780930519,6,966,,,,,
0.023603171110153198,6,967,,,,,
0.021585164591670036,6,968,,,,,
0.012048513628542423,6,969,,,,,
0.03015417791903019,6,970,,,,,
0.0178685300052166,6,971,,,,,
0.008536656387150288,6,972,,,,,
0.031191203743219376,6,973,,,,,
0.023913659155368805,6,974,,,,,
0.03719978407025337,6,975,,,,,
0.016079071909189224,6,976,,,,,
0.01808401569724083,6,977,,,,,
0.007275732234120369,6,978,,,,,
0.019362222403287888,6,979,,,,,
0.013240219093859196,6,980,,,,,
0.01685427688062191,6,981,,,,,
0.019383249804377556,6,982,,,,,
0.023177027702331543,6,983,,,,,
0.043917953968048096,6,984,,,,,
0.02739092707633972,6,985,,,,,
0.013305151835083961,6,986,,,,,
0.02909790724515915,6,987,,,,,
0.008399073965847492,6,988,,,,,
0.014239262789487839,6,989,,,,,
0.021788880228996277,6,990,,,,,
0.009578700177371502,6,991,,,,,
0.008542833849787712,6,992,,,,,
0.022488854825496674,6,993,,,,,
0.020127519965171814,6,994,,,,,
0.020774122327566147,6,995,,,,,
0.014924256131052971,6,996,,,,,
0.03599066659808159,6,997,,,,,
0.01949835941195488,6,998,,,,,
0.023478597402572632,6,999,,,,,
0.03370792046189308,6,1000,,,,,
0.01909097097814083,6,1001,,,,,
0.014303059317171574,6,1002,,,,,
0.018639689311385155,6,1003,,,,,
0.04023613780736923,6,1004,,,,,
0.03669905290007591,6,1005,,,,,
0.01774286851286888,6,1006,,,,,
0.028403203934431076,6,1007,,,,,
0.015610763803124428,6,1008,,,,,
0.022130293771624565,6,1009,,,,,
0.029504701495170593,6,1010,,,,,
0.02344464138150215,6,1011,,,,,
0.02597389742732048,6,1012,,,,,
0.031412240117788315,6,1013,,,,,
0.031004929915070534,6,1014,,,,,
0.017810018733143806,6,1015,,,,,
0.01724611222743988,6,1016,,,,,
0.014760712161660194,6,1017,,,,,
0.02877926453948021,6,1018,,,,,
0.012773461639881134,6,1019,,,,,
0.02334757149219513,6,1020,,,,,
0.016190435737371445,6,1021,,,,,
0.01821870729327202,6,1022,,,,,
0.03947566822171211,6,1023,,,,,
0.03231308236718178,6,1024,,,,,
0.021000251173973083,6,1025,,,,,
0.016862640157341957,6,1026,,,,,
0.02770530804991722,6,1027,,,,,
0.022566964849829674,6,1028,,,,,
0.021434973925352097,6,1029,,,,,
0.029306447133421898,6,1030,,,,,
0.025828886777162552,6,1031,,,,,
0.02960062026977539,6,1032,,,,,
0.019385462626814842,6,1033,,,,,
0.018146319314837456,6,1034,,,,,
0.014637285843491554,6,1035,,,,,
0.012655884027481079,6,1036,,,,,
0.028290633112192154,6,1037,,,,,
0.009857555851340294,6,1038,,,,,
0.02904316782951355,6,1039,,,,,
0.022805694490671158,6,1040,,,,,
0.009740916080772877,6,1041,,,,,
0.02314302697777748,6,1042,,,,,
0.021818112581968307,6,1043,,,,,
0.02085603028535843,6,1044,,,,,
0.010262006893754005,6,1045,,,,,
0.012917113490402699,6,1046,,,,,
0.012395292520523071,6,1047,,,,,
0.022835636511445045,6,1048,,,,,
0.016786858439445496,6,1049,,,,,
0.022565007209777832,6,1050,,,,,
0.019206605851650238,6,1051,,,,,
0.018159495666623116,6,1052,,,,,
0.01876148395240307,6,1053,,,,,
0.026725489646196365,6,1054,,,,,
0.018139861524105072,6,1055,,,,,
0.022926155477762222,6,1056,,,,,
0.020473675802350044,6,1057,,,,,
0.03624240309000015,6,1058,,,,,
0.03766162320971489,6,1059,,,,,
0.020175809040665627,6,1060,,,,,
0.012657362967729568,6,1061,,,,,
0.013428226113319397,6,1062,,,,,
0.01726238615810871,6,1063,,,,,
0.020901937037706375,6,1064,,,,,
0.02839156612753868,6,1065,,,,,
0.0307525172829628,6,1066,,,,,
0.0201485026627779,6,1067,,,,,
0.032965779304504395,6,1068,,,,,
0.022955451160669327,6,1069,,,,,
0.02518969029188156,6,1070,,,,,
0.023758403956890106,6,1071,,,,,
0.030886728316545486,6,1072,,,,,
0.029960745945572853,6,1073,,,,,
0.023911092430353165,6,1074,,,,,
0.03857583925127983,6,1075,,,,,
0.03226272761821747,6,1076,,,,,
0.02230108343064785,6,1077,,,,,
0.03551750257611275,6,1078,,,,,
0.03802037611603737,6,1079,,,,,
0.035989705473184586,6,1080,,,,,
0.018646758049726486,6,1081,,,,,
0.02266135811805725,6,1082,,,,,
0.029533471912145615,6,1083,,,,,
0.03333171829581261,6,1084,,,,,
0.034436993300914764,6,1085,,,,,
0.0277407169342041,6,1086,,,,,
0.029226165264844894,6,1087,,,,,
0.02633029595017433,6,1088,,,,,
0.021827926859259605,6,1089,,,,,
0.028306160122156143,6,1090,,,,,
0.011897214688360691,6,1091,,,,,
0.024479910731315613,6,1092,,,,,
0.03376643732190132,6,1093,,,,,
0.03251770883798599,6,1094,,,,,
0.027179617434740067,6,1095,,,,,
0.028748027980327606,6,1096,,,,,
0.021747590973973274,6,1097,,,,,
0.02630615234375,6,1098,,,,,
0.024771232157945633,6,1099,,,,,
0.02132311835885048,6,1100,,,,,
0.020856274291872978,6,1101,,,,,
0.02171160653233528,6,1102,,,,,
0.01783481240272522,6,1103,,,,,
0.017650697380304337,6,1104,,,,,
0.02339363470673561,6,1105,,,,,
0.03587540611624718,6,1106,,,,,
0.024797454476356506,6,1107,,,,,
0.022737950086593628,6,1108,,,,,
0.011916320770978928,6,1109,,,,,
0.026545366272330284,6,1110,,,,,
0.022040992975234985,6,1111,,,,,
0.023653557524085045,6,1112,,,,,
0.02450917474925518,6,1113,,,,,
0.030947722494602203,6,1114,,,,,
0.017801688984036446,6,1115,,,,,
0.027337100356817245,6,1116,,,,,
0.04282228648662567,6,1117,,,,,
0.02649334818124771,6,1118,,,,,
0.034227900207042694,6,1119,,,,,
,,120,0.029837965965270996,,,,
,,121,0.05514033883810043,,,,
,,122,0.0595492422580719,,,,
,,123,0.06446526944637299,,,,
,,124,0.04473726451396942,,,,
,,125,0.03464671969413757,,,,
,,126,0.03829281032085419,,,,
,,127,0.08392052352428436,,,,
,,128,0.07363999634981155,,,,
,,129,0.024304820224642754,,,,
,,130,0.031763605773448944,,,,
,,131,0.09774929285049438,,,,
,,132,0.06468476355075836,,,,
,,133,0.05908796191215515,,,,
,,134,0.04674053192138672,,,,
,,135,0.026398006826639175,,,,
,,136,0.033466268330812454,,,,
,,137,0.033713605254888535,,,,
,,138,0.03912413865327835,,,,
,,139,0.06116865202784538,,,,
,6,1119,,0.05012159422039986,,,
,6,1119,,,0.023247981444001198,0.0,0.1875
0.015315398573875427,7,1120,,,,,
0.009388192556798458,7,1121,,,,,
0.02117733284831047,7,1122,,,,,
0.017490748316049576,7,1123,,,,,
0.02523726597428322,7,1124,,,,,
0.02318854257464409,7,1125,,,,,
0.01037580892443657,7,1126,,,,,
0.02598576247692108,7,1127,,,,,
0.014853622764348984,7,1128,,,,,
0.018766559660434723,7,1129,,,,,
0.014593103900551796,7,1130,,,,,
0.0193239226937294,7,1131,,,,,
0.006187369115650654,7,1132,,,,,
0.0254877507686615,7,1133,,,,,
0.013668490573763847,7,1134,,,,,
0.013894028961658478,7,1135,,,,,
0.018689481541514397,7,1136,,,,,
0.02077629789710045,7,1137,,,,,
0.01879783906042576,7,1138,,,,,
0.012129181995987892,7,1139,,,,,
0.0164412260055542,7,1140,,,,,
0.012505262158811092,7,1141,,,,,
0.015307526104152203,7,1142,,,,,
0.011996855959296227,7,1143,,,,,
0.024849874898791313,7,1144,,,,,
0.014608720317482948,7,1145,,,,,
0.01858264021575451,7,1146,,,,,
0.0320100411772728,7,1147,,,,,
0.023890921846032143,7,1148,,,,,
0.02963937073945999,7,1149,,,,,
0.027044307440519333,7,1150,,,,,
0.02097061648964882,7,1151,,,,,
0.013791769742965698,7,1152,,,,,
0.014847567304968834,7,1153,,,,,
0.028127316385507584,7,1154,,,,,
0.028515439480543137,7,1155,,,,,
0.017992930486798286,7,1156,,,,,
0.026555132120847702,7,1157,,,,,
0.018481725826859474,7,1158,,,,,
0.01396375335752964,7,1159,,,,,
0.026875190436840057,7,1160,,,,,
0.016649620607495308,7,1161,,,,,
0.020581364631652832,7,1162,,,,,
0.016497476026415825,7,1163,,,,,
0.021236835047602654,7,1164,,,,,
0.01334642618894577,7,1165,,,,,
0.031012753024697304,7,1166,,,,,
0.017219822853803635,7,1167,,,,,
0.019178899005055428,7,1168,,,,,
0.027575286105275154,7,1169,,,,,
0.021623369306325912,7,1170,,,,,
0.008460122160613537,7,1171,,,,,
0.021740132942795753,7,1172,,,,,
0.012985346838831902,7,1173,,,,,
0.0270417258143425,7,1174,,,,,
0.02118101716041565,7,1175,,,,,
0.008130382746458054,7,1176,,,,,
0.020671002566814423,7,1177,,,,,
0.015064201317727566,7,1178,,,,,
0.018351269885897636,7,1179,,,,,
0.014388404786586761,7,1180,,,,,
0.020804885774850845,7,1181,,,,,
0.01660599559545517,7,1182,,,,,
0.015569505281746387,7,1183,,,,,
0.03132421523332596,7,1184,,,,,
0.02845136448740959,7,1185,,,,,
0.02295535057783127,7,1186,,,,,
0.010790932923555374,7,1187,,,,,
0.01791587844491005,7,1188,,,,,
0.011809184215962887,7,1189,,,,,
0.026969466358423233,7,1190,,,,,
0.014765679836273193,7,1191,,,,,
0.012401804327964783,7,1192,,,,,
0.019691117107868195,7,1193,,,,,
0.020137444138526917,7,1194,,,,,
0.028378121554851532,7,1195,,,,,
0.016428718343377113,7,1196,,,,,
0.012189545668661594,7,1197,,,,,
0.008352428674697876,7,1198,,,,,
0.011167633347213268,7,1199,,,,,
0.010807367973029613,7,1200,,,,,
0.02964283525943756,7,1201,,,,,
0.018272750079631805,7,1202,,,,,
0.014835065230727196,7,1203,,,,,
0.01906108669936657,7,1204,,,,,
0.01796712726354599,7,1205,,,,,
0.022438261657953262,7,1206,,,,,
0.02246878296136856,7,1207,,,,,
0.031989358365535736,7,1208,,,,,
0.01848229393362999,7,1209,,,,,
0.017826590687036514,7,1210,,,,,
0.014966059476137161,7,1211,,,,,
0.022119436413049698,7,1212,,,,,
0.015779267996549606,7,1213,,,,,
0.016520991921424866,7,1214,,,,,
0.02208707667887211,7,1215,,,,,
0.01661953516304493,7,1216,,,,,
0.009965592995285988,7,1217,,,,,
0.028070639818906784,7,1218,,,,,
0.023231830447912216,7,1219,,,,,
0.013701975345611572,7,1220,,,,,
0.012087239883840084,7,1221,,,,,
0.02709949016571045,7,1222,,,,,
0.02161356806755066,7,1223,,,,,
0.029949180781841278,7,1224,,,,,
0.01646626554429531,7,1225,,,,,
0.028207000344991684,7,1226,,,,,
0.019780263304710388,7,1227,,,,,
0.02803914062678814,7,1228,,,,,
0.022540468722581863,7,1229,,,,,
0.012533070519566536,7,1230,,,,,
0.0357738696038723,7,1231,,,,,
0.02262122929096222,7,1232,,,,,
0.020352138206362724,7,1233,,,,,
0.02294972911477089,7,1234,,,,,
0.015345815569162369,7,1235,,,,,
0.018505126237869263,7,1236,,,,,
0.020465664565563202,7,1237,,,,,
0.022868359461426735,7,1238,,,,,
0.03861028701066971,7,1239,,,,,
0.01986992359161377,7,1240,,,,,
0.02662603184580803,7,1241,,,,,
0.017672128975391388,7,1242,,,,,
0.01793779619038105,7,1243,,,,,
0.020050762221217155,7,1244,,,,,
0.013109780848026276,7,1245,,,,,
0.025078080594539642,7,1246,,,,,
0.02123381942510605,7,1247,,,,,
0.015156159177422523,7,1248,,,,,
0.028033047914505005,7,1249,,,,,
0.018793202936649323,7,1250,,,,,
0.014495369978249073,7,1251,,,,,
0.03150131180882454,7,1252,,,,,
0.03022686392068863,7,1253,,,,,
0.01565583609044552,7,1254,,,,,
0.02337896078824997,7,1255,,,,,
0.021533014252781868,7,1256,,,,,
0.022423947229981422,7,1257,,,,,
0.02470526657998562,7,1258,,,,,
0.01910591870546341,7,1259,,,,,
0.018231749534606934,7,1260,,,,,
0.038376860320568085,7,1261,,,,,
0.0201870109885931,7,1262,,,,,
0.00532509945333004,7,1263,,,,,
0.01596757024526596,7,1264,,,,,
0.021901413798332214,7,1265,,,,,
0.018374623730778694,7,1266,,,,,
0.01856192946434021,7,1267,,,,,
0.015447473153471947,7,1268,,,,,
0.03320910409092903,7,1269,,,,,
0.03298889100551605,7,1270,,,,,
0.02037576399743557,7,1271,,,,,
0.026637719944119453,7,1272,,,,,
0.014539629220962524,7,1273,,,,,
0.027079077437520027,7,1274,,,,,
0.01982036978006363,7,1275,,,,,
0.012282566167414188,7,1276,,,,,
0.022100526839494705,7,1277,,,,,
0.013957943767309189,7,1278,,,,,
0.022088538855314255,7,1279,,,,,
,,140,0.04214978590607643,,,,
,,141,0.0626782700419426,,,,
,,142,0.07215584814548492,,,,
,,143,0.06069598346948624,,,,
,,144,0.03910684213042259,,,,
,,145,0.03913566470146179,,,,
,,146,0.058729976415634155,,,,
,,147,0.10039523243904114,,,,
,,148,0.08176665008068085,,,,
,,149,0.0240897499024868,,,,
,,150,0.03592662513256073,,,,
,,151,0.0978955328464508,,,,
,,152,0.06980404257774353,,,,
,,153,0.0605422668159008,,,,
,,154,0.054169535636901855,,,,
,,155,0.0280777458101511,,,,
,,156,0.04450713470578194,,,,
,,157,0.050189804285764694,,,,
,,158,0.04562980681657791,,,,
,,159,0.05922336503863335,,,,
,7,1279,,0.05634348466992378,,,
,7,1279,,,0.019929204136133194,0.0,0.1875
0.016876231878995895,8,1280,,,,,
0.009824199602007866,8,1281,,,,,
0.014860653318464756,8,1282,,,,,
0.012991433031857014,8,1283,,,,,
0.019130241125822067,8,1284,,,,,
0.009005719795823097,8,1285,,,,,
0.016328750178217888,8,1286,,,,,
0.02222387120127678,8,1287,,,,,
0.007725154981017113,8,1288,,,,,
0.011008122004568577,8,1289,,,,,
0.015945950523018837,8,1290,,,,,
0.025470461696386337,8,1291,,,,,
0.011757559143006802,8,1292,,,,,
0.020456619560718536,8,1293,,,,,
0.010393286123871803,8,1294,,,,,
0.028292931616306305,8,1295,,,,,
0.00854208879172802,8,1296,,,,,
0.023043926805257797,8,1297,,,,,
0.024977395310997963,8,1298,,,,,
0.018279455602169037,8,1299,,,,,
0.02839948609471321,8,1300,,,,,
0.012021676637232304,8,1301,,,,,
0.018556049093604088,8,1302,,,,,
0.02418500930070877,8,1303,,,,,
0.019649505615234375,8,1304,,,,,
0.010896224528551102,8,1305,,,,,
0.01220880076289177,8,1306,,,,,
0.00730301346629858,8,1307,,,,,
0.009511183947324753,8,1308,,,,,
0.01548488438129425,8,1309,,,,,
0.013206231407821178,8,1310,,,,,
0.010482112877070904,8,1311,,,,,
0.021280674263834953,8,1312,,,,,
0.016682345420122147,8,1313,,,,,
0.016274292021989822,8,1314,,,,,
0.021566765382885933,8,1315,,,,,
0.011435877531766891,8,1316,,,,,
0.008074014447629452,8,1317,,,,,
0.010320671834051609,8,1318,,,,,
0.019475683569908142,8,1319,,,,,
0.01403101161122322,8,1320,,,,,
0.01283336989581585,8,1321,,,,,
0.020482879132032394,8,1322,,,,,
0.015455573797225952,8,1323,,,,,
0.014277076348662376,8,1324,,,,,
0.008311230689287186,8,1325,,,,,
0.007953823544085026,8,1326,,,,,
0.013928156346082687,8,1327,,,,,
0.011120526120066643,8,1328,,,,,
0.012822198681533337,8,1329,,,,,
0.008554521948099136,8,1330,,,,,
0.010958477854728699,8,1331,,,,,
0.008542804978787899,8,1332,,,,,
0.013749558478593826,8,1333,,,,,
0.008941962383687496,8,1334,,,,,
0.010820431634783745,8,1335,,,,,
0.041671834886074066,8,1336,,,,,
0.016803864389657974,8,1337,,,,,
0.019619818776845932,8,1338,,,,,
0.015928614884614944,8,1339,,,,,
0.02000259980559349,8,1340,,,,,
0.011143363080918789,8,1341,,,,,
0.0074648004956543446,8,1342,,,,,
0.028621859848499298,8,1343,,,,,
0.011004440486431122,8,1344,,,,,
0.02040150761604309,8,1345,,,,,
0.006458037532866001,8,1346,,,,,
0.01835399679839611,8,1347,,,,,
0.010376466438174248,8,1348,,,,,
0.02735123038291931,8,1349,,,,,
0.019076870754361153,8,1350,,,,,
0.01759493164718151,8,1351,,,,,
0.010936115868389606,8,1352,,,,,
0.014289680868387222,8,1353,,,,,
0.011847103014588356,8,1354,,,,,
0.009357975795865059,8,1355,,,,,
0.013805821537971497,8,1356,,,,,
0.015648402273654938,8,1357,,,,,
0.018951520323753357,8,1358,,,,,
0.007510551251471043,8,1359,,,,,
0.012291109189391136,8,1360,,,,,
0.019374869763851166,8,1361,,,,,
0.014623255468904972,8,1362,,,,,
0.026368966326117516,8,1363,,,,,
0.027008861303329468,8,1364,,,,,
0.02666919305920601,8,1365,,,,,
0.01935192570090294,8,1366,,,,,
0.018797047436237335,8,1367,,,,,
0.021893439814448357,8,1368,,,,,
0.013616961427032948,8,1369,,,,,
0.017256727442145348,8,1370,,,,,
0.029798872768878937,8,1371,,,,,
0.017176708206534386,8,1372,,,,,
0.028203241527080536,8,1373,,,,,
0.007240898907184601,8,1374,,,,,
0.013537781313061714,8,1375,,,,,
0.0225885808467865,8,1376,,,,,
0.015431854873895645,8,1377,,,,,
0.021535653620958328,8,1378,,,,,
0.011505457572638988,8,1379,,,,,
0.021952029317617416,8,1380,,,,,
0.021442387253046036,8,1381,,,,,
0.00809868611395359,8,1382,,,,,
0.02062733843922615,8,1383,,,,,
0.021435409784317017,8,1384,,,,,
0.01663845404982567,8,1385,,,,,
0.0171011034399271,8,1386,,,,,
0.0228789784014225,8,1387,,,,,
0.01616024412214756,8,1388,,,,,
0.017321955412626266,8,1389,,,,,
0.02785695530474186,8,1390,,,,,
0.02017303556203842,8,1391,,,,,
0.0130684282630682,8,1392,,,,,
0.027803435921669006,8,1393,,,,,
0.021374672651290894,8,1394,,,,,
0.019348282366991043,8,1395,,,,,
0.020400751382112503,8,1396,,,,,
0.011042125523090363,8,1397,,,,,
0.026106882840394974,8,1398,,,,,
0.018266115337610245,8,1399,,,,,
0.013441959396004677,8,1400,,,,,
0.026949133723974228,8,1401,,,,,
0.011790746822953224,8,1402,,,,,
0.020733587443828583,8,1403,,,,,
0.016001824289560318,8,1404,,,,,
0.017581794410943985,8,1405,,,,,
0.010225758887827396,8,1406,,,,,
0.019103553146123886,8,1407,,,,,
0.011882850900292397,8,1408,,,,,
0.014715675264596939,8,1409,,,,,
0.017796916887164116,8,1410,,,,,
0.019451219588518143,8,1411,,,,,
0.02365402691066265,8,1412,,,,,
0.023125000298023224,8,1413,,,,,
0.029936447739601135,8,1414,,,,,
0.014798441901803017,8,1415,,,,,
0.014351659454405308,8,1416,,,,,
0.012476087547838688,8,1417,,,,,
0.02888661064207554,8,1418,,,,,
0.016484245657920837,8,1419,,,,,
0.014369657263159752,8,1420,,,,,
0.02002747356891632,8,1421,,,,,
0.016953133046627045,8,1422,,,,,
0.01428372971713543,8,1423,,,,,
0.022979188710451126,8,1424,,,,,
0.03133934363722801,8,1425,,,,,
0.017087355256080627,8,1426,,,,,
0.024102210998535156,8,1427,,,,,
0.016897108405828476,8,1428,,,,,
0.008811462670564651,8,1429,,,,,
0.020837806165218353,8,1430,,,,,
0.017566608265042305,8,1431,,,,,
0.018140587955713272,8,1432,,,,,
0.02273288182914257,8,1433,,,,,
0.023038528859615326,8,1434,,,,,
0.017732003703713417,8,1435,,,,,
0.012435022741556168,8,1436,,,,,
0.011515837162733078,8,1437,,,,,
0.017815567553043365,8,1438,,,,,
0.015524983406066895,8,1439,,,,,
,,160,0.03515225648880005,,,,
,,161,0.0673515573143959,,,,
,,162,0.08039483428001404,,,,
,,163,0.07053645700216293,,,,
,,164,0.06443800032138824,,,,
,,165,0.04172876849770546,,,,
,,166,0.05916175991296768,,,,
,,167,0.09286601841449738,,,,
,,168,0.08733057230710983,,,,
,,169,0.023717407137155533,,,,
,,170,0.046265579760074615,,,,
,,171,0.09950102865695953,,,,
,,172,0.0773802101612091,,,,
,,173,0.05425574630498886,,,,
,,174,0.0673602819442749,,,,
,,175,0.04300202429294586,,,,
,,176,0.03222273290157318,,,,
,,177,0.04147111624479294,,,,
,,178,0.04250311851501465,,,,
,,179,0.07020924985408783,,,,
,8,1439,,0.05984243005514145,,,
,8,1439,,,0.017013128846883774,0.0,0.1875
