csv-epoch,csv-train_loss_step,step,csv-val_loss_step,csv-val_loss_epoch,csv-accuracy/none,csv-train_loss_epoch,csv-accuracy/micro
0,3.9745607376098633,0,,,,,
0,3.4970040321350098,1,,,,,
0,3.2011053562164307,2,,,,,
0,3.0140106678009033,3,,,,,
0,2.8937742710113525,4,,,,,
0,2.8691325187683105,5,,,,,
0,2.639016628265381,6,,,,,
0,2.556885242462158,7,,,,,
0,2.333144187927246,8,,,,,
0,2.3086681365966797,9,,,,,
0,2.154057741165161,10,,,,,
0,2.1925835609436035,11,,,,,
0,2.088111400604248,12,,,,,
0,2.1485366821289062,13,,,,,
0,1.881422996520996,14,,,,,
0,1.7875014543533325,15,,,,,
0,1.7883622646331787,16,,,,,
0,1.7343567609786987,17,,,,,
0,1.7157175540924072,18,,,,,
0,1.632627248764038,19,,,,,
0,1.5880348682403564,20,,,,,
0,1.498213768005371,21,,,,,
0,1.5017645359039307,22,,,,,
0,1.4513120651245117,23,,,,,
0,1.4288976192474365,24,,,,,
0,1.4465487003326416,25,,,,,
0,1.3523317575454712,26,,,,,
0,1.2818725109100342,27,,,,,
0,1.3544880151748657,28,,,,,
0,1.2702664136886597,29,,,,,
0,1.320813536643982,30,,,,,
0,1.2256858348846436,31,,,,,
0,1.2216334342956543,32,,,,,
0,1.2836852073669434,33,,,,,
0,1.1460546255111694,34,,,,,
0,1.1501119136810303,35,,,,,
0,1.14656400680542,36,,,,,
0,1.1395336389541626,37,,,,,
0,1.0416098833084106,38,,,,,
0,1.0535975694656372,39,,,,,
,,0,0.6793359518051147,,,,
,,1,0.7257596254348755,,,,
,,2,0.6785537600517273,,,,
,,3,0.7566573023796082,,,,
,,4,0.7070161700248718,,,,
0,,39,,0.7094645500183105,,,
0,,39,,,0.0,1.8578399419784546,0.04374999925494194
1,1.0050625801086426,40,,,,,
1,1.0447261333465576,41,,,,,
1,0.9923349022865295,42,,,,,
1,1.0237154960632324,43,,,,,
1,0.9056347608566284,44,,,,,
1,0.9774431586265564,45,,,,,
1,0.9837873578071594,46,,,,,
1,0.9209660291671753,47,,,,,
1,0.9666675329208374,48,,,,,
1,0.8895219564437866,49,,,,,
1,0.9482367634773254,50,,,,,
1,0.815916121006012,51,,,,,
1,0.9212006330490112,52,,,,,
1,0.8890743851661682,53,,,,,
1,0.867902934551239,54,,,,,
1,0.8170472979545593,55,,,,,
1,0.7909135222434998,56,,,,,
1,0.8504821062088013,57,,,,,
1,0.7788308262825012,58,,,,,
1,0.8268771767616272,59,,,,,
1,0.7876660227775574,60,,,,,
1,0.7298510074615479,61,,,,,
1,0.7759361267089844,62,,,,,
1,0.6581667065620422,63,,,,,
1,0.7244601845741272,64,,,,,
1,0.6699771285057068,65,,,,,
1,0.6652872562408447,66,,,,,
1,0.7459973692893982,67,,,,,
1,0.6249134540557861,68,,,,,
1,0.7231130599975586,69,,,,,
1,0.6884578466415405,70,,,,,
1,0.6964043378829956,71,,,,,
1,0.5972620248794556,72,,,,,
1,0.6382647156715393,73,,,,,
1,0.6268417835235596,74,,,,,
1,0.6101241111755371,75,,,,,
1,0.6866908669471741,76,,,,,
1,0.663266122341156,77,,,,,
1,0.617796003818512,78,,,,,
1,0.5671421885490417,79,,,,,
,,5,0.3024999499320984,,,,
,,6,0.3375594913959503,,,,
,,7,0.3074779510498047,,,,
,,8,0.37234461307525635,,,,
,,9,0.29604512453079224,,,,
1,,79,,0.32318544387817383,,,
1,,79,,,0.2562499940395355,0.7928490042686462,0.5843750238418579
2,0.4660683870315552,80,,,,,
2,0.5384710431098938,81,,,,,
2,0.5806884765625,82,,,,,
2,0.5872701406478882,83,,,,,
2,0.6249651908874512,84,,,,,
2,0.5494974255561829,85,,,,,
2,0.5803595185279846,86,,,,,
2,0.4254855513572693,87,,,,,
2,0.4950579106807709,88,,,,,
2,0.536034107208252,89,,,,,
2,0.4146597385406494,90,,,,,
2,0.40591493248939514,91,,,,,
2,0.40834081172943115,92,,,,,
2,0.5362797975540161,93,,,,,
2,0.4526839554309845,94,,,,,
2,0.5064167380332947,95,,,,,
2,0.4759089946746826,96,,,,,
2,0.40261006355285645,97,,,,,
2,0.3687063753604889,98,,,,,
2,0.434878408908844,99,,,,,
2,0.45194047689437866,100,,,,,
2,0.4043610394001007,101,,,,,
2,0.3868766725063324,102,,,,,
2,0.39777615666389465,103,,,,,
2,0.3650364875793457,104,,,,,
2,0.3427041471004486,105,,,,,
2,0.3624633252620697,106,,,,,
2,0.35417789220809937,107,,,,,
2,0.3182263672351837,108,,,,,
2,0.36973416805267334,109,,,,,
2,0.37795501947402954,110,,,,,
2,0.37274256348609924,111,,,,,
2,0.3922003507614136,112,,,,,
2,0.289989709854126,113,,,,,
2,0.3847445845603943,114,,,,,
2,0.2748715281486511,115,,,,,
2,0.35562917590141296,116,,,,,
2,0.3077443838119507,117,,,,,
2,0.28454431891441345,118,,,,,
2,0.30290377140045166,119,,,,,
,,10,0.15727856755256653,,,,
,,11,0.16936132311820984,,,,
,,12,0.1397058367729187,,,,
,,13,0.19709499180316925,,,,
,,14,0.14411351084709167,,,,
2,,119,,0.16151084005832672,,,
2,,119,,,0.5218750238418579,0.42217302322387695,0.8343750238418579
3,0.3506404459476471,120,,,,,
3,0.2872619032859802,121,,,,,
3,0.3755265474319458,122,,,,,
3,0.3611713647842407,123,,,,,
3,0.3033592998981476,124,,,,,
3,0.3171990215778351,125,,,,,
3,0.30740222334861755,126,,,,,
3,0.3120323717594147,127,,,,,
3,0.2644038200378418,128,,,,,
3,0.276500940322876,129,,,,,
3,0.24467989802360535,130,,,,,
3,0.29810020327568054,131,,,,,
3,0.3112478256225586,132,,,,,
3,0.2322486788034439,133,,,,,
3,0.22105462849140167,134,,,,,
3,0.2376328706741333,135,,,,,
3,0.2736978530883789,136,,,,,
3,0.2889525592327118,137,,,,,
3,0.27419668436050415,138,,,,,
3,0.2732299566268921,139,,,,,
3,0.26906198263168335,140,,,,,
3,0.3264850974082947,141,,,,,
3,0.27413809299468994,142,,,,,
3,0.2856874465942383,143,,,,,
3,0.257025808095932,144,,,,,
3,0.1747438907623291,145,,,,,
3,0.21195439994335175,146,,,,,
3,0.18328984081745148,147,,,,,
3,0.22306181490421295,148,,,,,
3,0.25003448128700256,149,,,,,
3,0.22882221639156342,150,,,,,
3,0.2676534652709961,151,,,,,
3,0.20487922430038452,152,,,,,
3,0.23163890838623047,153,,,,,
3,0.2192738652229309,154,,,,,
3,0.2472679167985916,155,,,,,
3,0.22626273334026337,156,,,,,
3,0.2651500403881073,157,,,,,
3,0.2616000175476074,158,,,,,
3,0.2554517686367035,159,,,,,
,,15,0.127349391579628,,,,
,,16,0.13991235196590424,,,,
,,17,0.10598880797624588,,,,
,,18,0.1605864018201828,,,,
,,19,0.11867286264896393,,,,
3,,159,,0.13050195574760437,,,
3,,159,,,0.574999988079071,0.2668505609035492,0.8812500238418579
4,0.18628129363059998,160,,,,,
4,0.29105374217033386,161,,,,,
4,0.24987520277500153,162,,,,,
4,0.2880747616291046,163,,,,,
4,0.2242392748594284,164,,,,,
4,0.2263336181640625,165,,,,,
4,0.2232707291841507,166,,,,,
4,0.2533494532108307,167,,,,,
4,0.19017015397548676,168,,,,,
4,0.17664796113967896,169,,,,,
4,0.23923730850219727,170,,,,,
4,0.1629994660615921,171,,,,,
4,0.24271896481513977,172,,,,,
4,0.21387791633605957,173,,,,,
4,0.2662353515625,174,,,,,
4,0.1702176183462143,175,,,,,
4,0.20340563356876373,176,,,,,
4,0.17386075854301453,177,,,,,
4,0.20523323118686676,178,,,,,
4,0.18913570046424866,179,,,,,
4,0.19381481409072876,180,,,,,
4,0.1659761369228363,181,,,,,
4,0.20995424687862396,182,,,,,
4,0.28671994805336,183,,,,,
4,0.2110351175069809,184,,,,,
4,0.213189497590065,185,,,,,
4,0.23124372959136963,186,,,,,
4,0.14239288866519928,187,,,,,
4,0.19437111914157867,188,,,,,
4,0.20381318032741547,189,,,,,
4,0.18273966014385223,190,,,,,
4,0.22009459137916565,191,,,,,
4,0.2791328430175781,192,,,,,
4,0.22080440819263458,193,,,,,
4,0.1987038552761078,194,,,,,
4,0.21494626998901367,195,,,,,
4,0.1606847047805786,196,,,,,
4,0.17071357369422913,197,,,,,
4,0.19766585528850555,198,,,,,
4,0.18360058963298798,199,,,,,
,,20,0.1110692247748375,,,,
,,21,0.12383849918842316,,,,
,,22,0.0953507050871849,,,,
,,23,0.14158377051353455,,,,
,,24,0.10301490128040314,,,,
4,,199,,0.11497141420841217,,,
4,,199,,,0.6343749761581421,0.2114453762769699,0.875
5,0.15526586771011353,200,,,,,
5,0.16299451887607574,201,,,,,
5,0.18922492861747742,202,,,,,
5,0.18570837378501892,203,,,,,
5,0.22575639188289642,204,,,,,
5,0.22930029034614563,205,,,,,
5,0.18719050288200378,206,,,,,
5,0.1968141794204712,207,,,,,
5,0.19144895672798157,208,,,,,
5,0.23124511539936066,209,,,,,
5,0.23846586048603058,210,,,,,
5,0.16095459461212158,211,,,,,
5,0.20076745748519897,212,,,,,
5,0.18361082673072815,213,,,,,
5,0.1904991716146469,214,,,,,
5,0.16148069500923157,215,,,,,
5,0.16780540347099304,216,,,,,
5,0.23028409481048584,217,,,,,
5,0.1996365338563919,218,,,,,
5,0.18702684342861176,219,,,,,
5,0.2464556246995926,220,,,,,
5,0.1664273738861084,221,,,,,
5,0.15623739361763,222,,,,,
5,0.12626564502716064,223,,,,,
5,0.19235563278198242,224,,,,,
5,0.15770822763442993,225,,,,,
5,0.1537492722272873,226,,,,,
5,0.18237841129302979,227,,,,,
5,0.19948792457580566,228,,,,,
5,0.2031882107257843,229,,,,,
5,0.21153680980205536,230,,,,,
5,0.22051428258419037,231,,,,,
5,0.18523655831813812,232,,,,,
5,0.19270646572113037,233,,,,,
5,0.16079409420490265,234,,,,,
5,0.17761194705963135,235,,,,,
5,0.1204286739230156,236,,,,,
5,0.16313470900058746,237,,,,,
5,0.1834704726934433,238,,,,,
5,0.1781633496284485,239,,,,,
,,25,0.09939680993556976,,,,
,,26,0.11588706076145172,,,,
,,27,0.09120919555425644,,,,
,,28,0.13233336806297302,,,,
,,29,0.10072264075279236,,,,
5,,239,,0.10790982097387314,,,
5,,239,,,0.59375,0.18633326888084412,0.8062499761581421
6,0.18927358090877533,240,,,,,
6,0.13388538360595703,241,,,,,
6,0.1424275040626526,242,,,,,
6,0.17753833532333374,243,,,,,
6,0.15797865390777588,244,,,,,
6,0.17659777402877808,245,,,,,
6,0.1862659901380539,246,,,,,
6,0.11027218401432037,247,,,,,
6,0.2513769268989563,248,,,,,
6,0.17084738612174988,249,,,,,
6,0.16879695653915405,250,,,,,
6,0.17915518581867218,251,,,,,
6,0.1349642425775528,252,,,,,
6,0.17463725805282593,253,,,,,
6,0.19547855854034424,254,,,,,
6,0.15755413472652435,255,,,,,
6,0.09536311030387878,256,,,,,
6,0.16519410908222198,257,,,,,
6,0.19565658271312714,258,,,,,
6,0.14428021013736725,259,,,,,
6,0.16939011216163635,260,,,,,
6,0.19696064293384552,261,,,,,
6,0.17969860136508942,262,,,,,
6,0.13992923498153687,263,,,,,
6,0.19593100249767303,264,,,,,
6,0.16478532552719116,265,,,,,
6,0.15744931995868683,266,,,,,
6,0.19730252027511597,267,,,,,
6,0.13932515680789948,268,,,,,
6,0.21764804422855377,269,,,,,
6,0.148627370595932,270,,,,,
6,0.2186245173215866,271,,,,,
6,0.11390063166618347,272,,,,,
6,0.175716832280159,273,,,,,
6,0.15016192197799683,274,,,,,
6,0.13053478300571442,275,,,,,
6,0.1831369251012802,276,,,,,
6,0.15130648016929626,277,,,,,
6,0.13858617842197418,278,,,,,
6,0.13955362141132355,279,,,,,
,,30,0.08949562907218933,,,,
,,31,0.10875964909791946,,,,
,,32,0.08735635131597519,,,,
,,33,0.12209794670343399,,,,
,,34,0.09125448018312454,,,,
6,,279,,0.09979280829429626,,,
6,,279,,,0.5874999761581421,0.16540281474590302,0.7718750238418579
7,0.11874812841415405,280,,,,,
7,0.13390854001045227,281,,,,,
7,0.1439802050590515,282,,,,,
7,0.13987262547016144,283,,,,,
7,0.12340760231018066,284,,,,,
7,0.1375337541103363,285,,,,,
7,0.1264219880104065,286,,,,,
7,0.15239250659942627,287,,,,,
7,0.15085124969482422,288,,,,,
7,0.18684221804141998,289,,,,,
7,0.13795654475688934,290,,,,,
7,0.14942039549350739,291,,,,,
7,0.1553245484828949,292,,,,,
7,0.14980094134807587,293,,,,,
7,0.13536764681339264,294,,,,,
7,0.18992088735103607,295,,,,,
7,0.16964058578014374,296,,,,,
7,0.14846763014793396,297,,,,,
7,0.1150631457567215,298,,,,,
7,0.11841980367898941,299,,,,,
7,0.18066702783107758,300,,,,,
7,0.1857113391160965,301,,,,,
7,0.1529327630996704,302,,,,,
7,0.11954384297132492,303,,,,,
7,0.13270868360996246,304,,,,,
7,0.09642061591148376,305,,,,,
7,0.12421737611293793,306,,,,,
7,0.14005666971206665,307,,,,,
7,0.1402261108160019,308,,,,,
7,0.156839519739151,309,,,,,
7,0.15673556923866272,310,,,,,
7,0.21765096485614777,311,,,,,
7,0.09713098406791687,312,,,,,
7,0.12388628721237183,313,,,,,
7,0.1738945096731186,314,,,,,
7,0.15373405814170837,315,,,,,
7,0.11323484033346176,316,,,,,
7,0.2568493187427521,317,,,,,
7,0.14116497337818146,318,,,,,
7,0.14859098196029663,319,,,,,
,,35,0.0825444832444191,,,,
,,36,0.10206577181816101,,,,
,,37,0.08537953346967697,,,,
,,38,0.11582794785499573,,,,
,,39,0.08724045008420944,,,,
7,,319,,0.09461164474487305,,,
7,,319,,,0.6312500238418579,0.14738845825195312,0.8062499761581421
8,0.14982524514198303,320,,,,,
8,0.12970302999019623,321,,,,,
8,0.12537136673927307,322,,,,,
8,0.1641620248556137,323,,,,,
8,0.12979713082313538,324,,,,,
8,0.11040563881397247,325,,,,,
8,0.11056390404701233,326,,,,,
8,0.10632631182670593,327,,,,,
8,0.10438323765993118,328,,,,,
8,0.21421486139297485,329,,,,,
8,0.17853142321109772,330,,,,,
8,0.1244610920548439,331,,,,,
8,0.16776272654533386,332,,,,,
8,0.15493835508823395,333,,,,,
8,0.14055833220481873,334,,,,,
8,0.18349814414978027,335,,,,,
8,0.144906684756279,336,,,,,
8,0.13751982152462006,337,,,,,
8,0.10836946964263916,338,,,,,
8,0.13249316811561584,339,,,,,
8,0.09997271001338959,340,,,,,
8,0.08533787727355957,341,,,,,
8,0.13972815871238708,342,,,,,
8,0.1497892141342163,343,,,,,
8,0.10628051310777664,344,,,,,
8,0.1520952433347702,345,,,,,
8,0.13787628710269928,346,,,,,
8,0.11608482897281647,347,,,,,
8,0.08987494558095932,348,,,,,
8,0.12149612605571747,349,,,,,
8,0.1567036658525467,350,,,,,
8,0.11594125628471375,351,,,,,
8,0.10437874495983124,352,,,,,
8,0.12701568007469177,353,,,,,
8,0.16315039992332458,354,,,,,
8,0.11170192062854767,355,,,,,
8,0.14148256182670593,356,,,,,
8,0.13265006244182587,357,,,,,
8,0.12789352238178253,358,,,,,
8,0.09024035930633545,359,,,,,
,,40,0.07734844088554382,,,,
,,41,0.09311450272798538,,,,
,,42,0.08038587123155594,,,,
,,43,0.10883795469999313,,,,
,,44,0.08173063397407532,,,,
8,,359,,0.0882834792137146,,,
8,,359,,,0.6499999761581421,0.132187157869339,0.8031250238418579
9,0.13272781670093536,360,,,,,
9,0.16017280519008636,361,,,,,
9,0.10158254206180573,362,,,,,
9,0.1548207402229309,363,,,,,
9,0.13201528787612915,364,,,,,
9,0.09223818778991699,365,,,,,
9,0.12659969925880432,366,,,,,
9,0.1283048391342163,367,,,,,
9,0.12081003934144974,368,,,,,
9,0.12953947484493256,369,,,,,
9,0.12768012285232544,370,,,,,
9,0.13721325993537903,371,,,,,
9,0.07186277210712433,372,,,,,
9,0.1461324393749237,373,,,,,
9,0.0859716385602951,374,,,,,
9,0.11167563498020172,375,,,,,
9,0.11999352276325226,376,,,,,
9,0.09320499002933502,377,,,,,
9,0.11674981564283371,378,,,,,
9,0.13408099114894867,379,,,,,
9,0.10591267794370651,380,,,,,
9,0.14329001307487488,381,,,,,
9,0.12521611154079437,382,,,,,
9,0.14903570711612701,383,,,,,
9,0.13506834208965302,384,,,,,
9,0.19033756852149963,385,,,,,
9,0.08875568211078644,386,,,,,
9,0.16261258721351624,387,,,,,
9,0.1036900132894516,388,,,,,
9,0.15814319252967834,389,,,,,
9,0.11767838895320892,390,,,,,
9,0.11990532279014587,391,,,,,
9,0.10275104641914368,392,,,,,
9,0.14075714349746704,393,,,,,
9,0.10994666814804077,394,,,,,
9,0.1473807394504547,395,,,,,
9,0.07749590277671814,396,,,,,
9,0.10054338723421097,397,,,,,
9,0.09598197042942047,398,,,,,
9,0.11383623629808426,399,,,,,
,,45,0.061437591910362244,,,,
,,46,0.08812585473060608,,,,
,,47,0.07904795557260513,,,,
,,48,0.10727199912071228,,,,
,,49,0.07355436682701111,,,,
9,,399,,0.08188755065202713,,,
9,,399,,,0.65625,0.12279288470745087,0.8031250238418579
10,0.13036781549453735,400,,,,,
10,0.11427635699510574,401,,,,,
10,0.13905508816242218,402,,,,,
10,0.10733483731746674,403,,,,,
10,0.14384792745113373,404,,,,,
10,0.1302294135093689,405,,,,,
10,0.06508959829807281,406,,,,,
10,0.13292470574378967,407,,,,,
10,0.14234086871147156,408,,,,,
10,0.10487677156925201,409,,,,,
10,0.12713922560214996,410,,,,,
10,0.09711438417434692,411,,,,,
10,0.1054798886179924,412,,,,,
10,0.1074603796005249,413,,,,,
10,0.14581046998500824,414,,,,,
10,0.12520283460617065,415,,,,,
10,0.1282883882522583,416,,,,,
10,0.11472434550523758,417,,,,,
10,0.15932905673980713,418,,,,,
10,0.090509794652462,419,,,,,
10,0.1136944368481636,420,,,,,
10,0.08248412609100342,421,,,,,
10,0.11063449829816818,422,,,,,
10,0.12793265283107758,423,,,,,
10,0.0958709716796875,424,,,,,
10,0.10709480196237564,425,,,,,
10,0.13082300126552582,426,,,,,
10,0.10235507786273956,427,,,,,
10,0.08513492345809937,428,,,,,
10,0.18446330726146698,429,,,,,
10,0.10511486232280731,430,,,,,
10,0.1011233925819397,431,,,,,
10,0.09931076318025589,432,,,,,
10,0.14972813427448273,433,,,,,
10,0.05555170029401779,434,,,,,
10,0.12718205153942108,435,,,,,
10,0.12987345457077026,436,,,,,
10,0.13768458366394043,437,,,,,
10,0.12232806533575058,438,,,,,
10,0.1701946258544922,439,,,,,
,,50,0.06035952270030975,,,,
,,51,0.08523520827293396,,,,
,,52,0.07811744511127472,,,,
,,53,0.10611429810523987,,,,
,,54,0.07100516557693481,,,,
10,,439,,0.08016632497310638,,,
10,,439,,,0.6656249761581421,0.11874953657388687,0.815625011920929
11,0.10810809582471848,440,,,,,
11,0.07386680692434311,441,,,,,
11,0.1176380142569542,442,,,,,
11,0.10661154240369797,443,,,,,
11,0.07938526570796967,444,,,,,
11,0.10128302872180939,445,,,,,
11,0.13541285693645477,446,,,,,
11,0.1288255900144577,447,,,,,
11,0.07900584489107132,448,,,,,
11,0.1277134120464325,449,,,,,
11,0.10150638222694397,450,,,,,
11,0.07407785207033157,451,,,,,
11,0.06373915821313858,452,,,,,
11,0.15992935001850128,453,,,,,
11,0.1291683316230774,454,,,,,
11,0.1373424082994461,455,,,,,
11,0.10718369483947754,456,,,,,
11,0.10662473738193512,457,,,,,
11,0.15369568765163422,458,,,,,
11,0.0942273885011673,459,,,,,
11,0.07853107154369354,460,,,,,
11,0.09408779442310333,461,,,,,
11,0.07531551271677017,462,,,,,
11,0.098848357796669,463,,,,,
11,0.1261277198791504,464,,,,,
11,0.15502218902111053,465,,,,,
11,0.12444275617599487,466,,,,,
11,0.04972583055496216,467,,,,,
11,0.1270592212677002,468,,,,,
11,0.12724170088768005,469,,,,,
11,0.08914560079574585,470,,,,,
11,0.09635986387729645,471,,,,,
11,0.11033834517002106,472,,,,,
11,0.05729502812027931,473,,,,,
11,0.12486624717712402,474,,,,,
11,0.11616529524326324,475,,,,,
11,0.06806667149066925,476,,,,,
11,0.08050056546926498,477,,,,,
11,0.16729246079921722,478,,,,,
11,0.09243769943714142,479,,,,,
,,55,0.044737059623003006,,,,
,,56,0.06904924660921097,,,,
,,57,0.0584007166326046,,,,
,,58,0.09080681949853897,,,,
,,59,0.056213341653347015,,,,
11,,479,,0.06384144723415375,,,
11,,479,,,0.75,0.10610538721084595,0.8656250238418579
12,0.1074986532330513,480,,,,,
12,0.10967476665973663,481,,,,,
12,0.14181144535541534,482,,,,,
12,0.10598383843898773,483,,,,,
12,0.13151122629642487,484,,,,,
12,0.08534610271453857,485,,,,,
12,0.07439833134412766,486,,,,,
12,0.12401965260505676,487,,,,,
12,0.06002531200647354,488,,,,,
12,0.18620061874389648,489,,,,,
12,0.09215159714221954,490,,,,,
12,0.08150643110275269,491,,,,,
12,0.09513649344444275,492,,,,,
12,0.05749855190515518,493,,,,,
12,0.10641060024499893,494,,,,,
12,0.09207108616828918,495,,,,,
12,0.0978141650557518,496,,,,,
12,0.10428451001644135,497,,,,,
12,0.09126786142587662,498,,,,,
12,0.1110878512263298,499,,,,,
12,0.1011987179517746,500,,,,,
12,0.06102903187274933,501,,,,,
12,0.06570520251989365,502,,,,,
12,0.1163727194070816,503,,,,,
12,0.06034338101744652,504,,,,,
12,0.09741353988647461,505,,,,,
12,0.1098305955529213,506,,,,,
12,0.07587678730487823,507,,,,,
12,0.08596213907003403,508,,,,,
12,0.08807715773582458,509,,,,,
12,0.059471022337675095,510,,,,,
12,0.10413660109043121,511,,,,,
12,0.10453663021326065,512,,,,,
12,0.12789185345172882,513,,,,,
12,0.15737386047840118,514,,,,,
12,0.0891900584101677,515,,,,,
12,0.07232551276683807,516,,,,,
12,0.13143832981586456,517,,,,,
12,0.11692790687084198,518,,,,,
12,0.12214803695678711,519,,,,,
,,60,0.04415690898895264,,,,
,,61,0.07111558318138123,,,,
,,62,0.05976461246609688,,,,
,,63,0.09480781853199005,,,,
,,64,0.05812925100326538,,,,
12,,519,,0.06559483706951141,,,
12,,519,,,0.721875011920929,0.10007371008396149,0.840624988079071
13,0.11097906529903412,520,,,,,
13,0.09700921177864075,521,,,,,
13,0.044486772269010544,522,,,,,
13,0.10315306484699249,523,,,,,
13,0.08365046232938766,524,,,,,
13,0.0516873374581337,525,,,,,
13,0.10630819946527481,526,,,,,
13,0.10087547451257706,527,,,,,
13,0.10534830391407013,528,,,,,
13,0.05132538080215454,529,,,,,
13,0.11027062684297562,530,,,,,
13,0.10615763813257217,531,,,,,
13,0.11675231903791428,532,,,,,
13,0.08919615298509598,533,,,,,
13,0.09206704795360565,534,,,,,
13,0.10710281878709793,535,,,,,
13,0.1483306884765625,536,,,,,
13,0.09836925566196442,537,,,,,
13,0.0979817807674408,538,,,,,
13,0.0723172128200531,539,,,,,
13,0.11581552773714066,540,,,,,
13,0.06606659293174744,541,,,,,
13,0.08565803617238998,542,,,,,
13,0.06731906533241272,543,,,,,
13,0.07780855894088745,544,,,,,
13,0.08428823202848434,545,,,,,
13,0.10946030169725418,546,,,,,
13,0.08546308428049088,547,,,,,
13,0.10050207376480103,548,,,,,
13,0.07681099325418472,549,,,,,
13,0.06911290436983109,550,,,,,
13,0.08149658143520355,551,,,,,
13,0.0744038000702858,552,,,,,
13,0.10352173447608948,553,,,,,
13,0.12172579020261765,554,,,,,
13,0.08260836452245712,555,,,,,
13,0.07626241445541382,556,,,,,
13,0.11988535523414612,557,,,,,
13,0.08269595354795456,558,,,,,
13,0.11953576654195786,559,,,,,
,,65,0.03760324791073799,,,,
,,66,0.06417706608772278,,,,
,,67,0.05307823792099953,,,,
,,68,0.09359098225831985,,,,
,,69,0.05354613438248634,,,,
13,,559,,0.0603991337120533,,,
13,,559,,,0.734375,0.09234525263309479,0.8531249761581421
14,0.11643098294734955,560,,,,,
14,0.13437576591968536,561,,,,,
14,0.08347683399915695,562,,,,,
14,0.09599028527736664,563,,,,,
14,0.0934457927942276,564,,,,,
14,0.14284443855285645,565,,,,,
14,0.061497073620557785,566,,,,,
14,0.10189167410135269,567,,,,,
14,0.07062588632106781,568,,,,,
14,0.0910676047205925,569,,,,,
14,0.121579110622406,570,,,,,
14,0.10316210240125656,571,,,,,
14,0.09642859548330307,572,,,,,
14,0.09649885445833206,573,,,,,
14,0.08579546213150024,574,,,,,
14,0.10054809600114822,575,,,,,
14,0.08712106198072433,576,,,,,
14,0.11821296066045761,577,,,,,
14,0.10809048265218735,578,,,,,
14,0.08402767777442932,579,,,,,
14,0.09658130258321762,580,,,,,
14,0.09895911812782288,581,,,,,
14,0.08573883026838303,582,,,,,
14,0.07230984419584274,583,,,,,
14,0.07071347534656525,584,,,,,
14,0.04672199860215187,585,,,,,
14,0.06448696553707123,586,,,,,
14,0.1099037453532219,587,,,,,
14,0.03890359401702881,588,,,,,
14,0.07978226244449615,589,,,,,
14,0.04889971390366554,590,,,,,
14,0.08244562894105911,591,,,,,
14,0.12158585339784622,592,,,,,
14,0.0846923217177391,593,,,,,
14,0.07235631346702576,594,,,,,
14,0.03610573336482048,595,,,,,
14,0.04972793906927109,596,,,,,
14,0.09299133718013763,597,,,,,
14,0.05200866237282753,598,,,,,
14,0.06237175688147545,599,,,,,
,,70,0.027796510607004166,,,,
,,71,0.05746135860681534,,,,
,,72,0.042311474680900574,,,,
,,73,0.08181320130825043,,,,
,,74,0.04248930513858795,,,,
14,,599,,0.05037437006831169,,,
14,,599,,,0.828125,0.08650992810726166,0.9468749761581421
15,0.044054657220840454,600,,,,,
15,0.03420402109622955,601,,,,,
15,0.09398522228002548,602,,,,,
15,0.08924718201160431,603,,,,,
15,0.07978012412786484,604,,,,,
15,0.07731562107801437,605,,,,,
15,0.08531790226697922,606,,,,,
15,0.09198712557554245,607,,,,,
15,0.07375408709049225,608,,,,,
15,0.09268724173307419,609,,,,,
15,0.0687195360660553,610,,,,,
15,0.05855376273393631,611,,,,,
15,0.054661285132169724,612,,,,,
15,0.09938640892505646,613,,,,,
15,0.10322858393192291,614,,,,,
15,0.10836197435855865,615,,,,,
15,0.06039334088563919,616,,,,,
15,0.0797085091471672,617,,,,,
15,0.1024349182844162,618,,,,,
15,0.05939418077468872,619,,,,,
15,0.09927859902381897,620,,,,,
15,0.058067820966243744,621,,,,,
15,0.08727557957172394,622,,,,,
15,0.09313105791807175,623,,,,,
15,0.06595010310411453,624,,,,,
15,0.09098092466592789,625,,,,,
15,0.10980638861656189,626,,,,,
15,0.10329760611057281,627,,,,,
15,0.06644715368747711,628,,,,,
15,0.08857396245002747,629,,,,,
15,0.06129872798919678,630,,,,,
15,0.05835258960723877,631,,,,,
15,0.0676579475402832,632,,,,,
15,0.06260503083467484,633,,,,,
15,0.07039691507816315,634,,,,,
15,0.08489394932985306,635,,,,,
15,0.051733918488025665,636,,,,,
15,0.11988737434148788,637,,,,,
15,0.1198122650384903,638,,,,,
15,0.08284081518650055,639,,,,,
,,75,0.02493765950202942,,,,
,,76,0.056858666241168976,,,,
,,77,0.03904729336500168,,,,
,,78,0.0792238861322403,,,,
,,79,0.03962763398885727,,,,
15,,639,,0.04793902486562729,,,
15,,639,,,0.828125,0.07998661696910858,0.9437500238418579
16,0.08858693391084671,640,,,,,
16,0.048504069447517395,641,,,,,
16,0.028646590188145638,642,,,,,
16,0.08356940746307373,643,,,,,
16,0.050577662885189056,644,,,,,
16,0.11912284046411514,645,,,,,
16,0.10418593883514404,646,,,,,
16,0.10001929104328156,647,,,,,
16,0.0855441763997078,648,,,,,
16,0.0573577918112278,649,,,,,
16,0.05432962626218796,650,,,,,
16,0.10580431669950485,651,,,,,
16,0.08535222709178925,652,,,,,
16,0.0865895077586174,653,,,,,
16,0.08130083978176117,654,,,,,
16,0.06803309917449951,655,,,,,
16,0.0903330147266388,656,,,,,
16,0.08917425572872162,657,,,,,
16,0.06695449352264404,658,,,,,
16,0.03604397177696228,659,,,,,
16,0.06222139298915863,660,,,,,
16,0.0754009559750557,661,,,,,
16,0.035281453281641006,662,,,,,
16,0.05168195441365242,663,,,,,
16,0.07261209189891815,664,,,,,
16,0.04135039448738098,665,,,,,
16,0.09060893952846527,666,,,,,
16,0.10548840463161469,667,,,,,
16,0.0393582284450531,668,,,,,
16,0.07313558459281921,669,,,,,
16,0.046293195337057114,670,,,,,
16,0.06348693370819092,671,,,,,
16,0.09900589287281036,672,,,,,
16,0.05340321362018585,673,,,,,
16,0.08900989592075348,674,,,,,
16,0.0778520479798317,675,,,,,
16,0.05194972828030586,676,,,,,
16,0.07310407608747482,677,,,,,
16,0.08000726252794266,678,,,,,
16,0.09444838762283325,679,,,,,
,,80,0.024196017533540726,,,,
,,81,0.05336667597293854,,,,
,,82,0.03710659593343735,,,,
,,83,0.07913758605718613,,,,
,,84,0.036539554595947266,,,,
16,,679,,0.04606928676366806,,,
16,,679,,,0.828125,0.07264325767755508,0.9437500238418579
17,0.03954603895545006,680,,,,,
17,0.03688149154186249,681,,,,,
17,0.050605326890945435,682,,,,,
17,0.07140343636274338,683,,,,,
17,0.03552359342575073,684,,,,,
17,0.06673559546470642,685,,,,,
17,0.06346685439348221,686,,,,,
17,0.08464715629816055,687,,,,,
17,0.07916783541440964,688,,,,,
17,0.09705682843923569,689,,,,,
17,0.055303655564785004,690,,,,,
17,0.0389237217605114,691,,,,,
17,0.0629357099533081,692,,,,,
17,0.09859599173069,693,,,,,
17,0.036241766065359116,694,,,,,
17,0.054036155343055725,695,,,,,
17,0.09970059245824814,696,,,,,
17,0.04222393035888672,697,,,,,
17,0.08237937837839127,698,,,,,
17,0.08206050097942352,699,,,,,
17,0.05389539524912834,700,,,,,
17,0.09939559549093246,701,,,,,
17,0.07292676717042923,702,,,,,
17,0.07681643217802048,703,,,,,
17,0.07074384391307831,704,,,,,
17,0.09277193993330002,705,,,,,
17,0.07455231994390488,706,,,,,
17,0.04457695782184601,707,,,,,
17,0.05251080542802811,708,,,,,
17,0.09283697605133057,709,,,,,
17,0.06227684020996094,710,,,,,
17,0.09418128430843353,711,,,,,
17,0.09156182408332825,712,,,,,
17,0.07491397112607956,713,,,,,
17,0.05721152201294899,714,,,,,
17,0.10181159526109695,715,,,,,
17,0.1104365661740303,716,,,,,
17,0.03211624547839165,717,,,,,
17,0.05063457787036896,718,,,,,
17,0.06689808517694473,719,,,,,
,,85,0.024186337366700172,,,,
,,86,0.0495714507997036,,,,
,,87,0.03507227823138237,,,,
,,88,0.0774543508887291,,,,
,,89,0.035768769681453705,,,,
17,,719,,0.04441063851118088,,,
17,,719,,,0.828125,0.0687626302242279,0.9593750238418579
18,0.077752023935318,720,,,,,
18,0.04757014662027359,721,,,,,
18,0.049703024327754974,722,,,,,
18,0.04665275290608406,723,,,,,
18,0.05893426015973091,724,,,,,
18,0.09708858281373978,725,,,,,
18,0.0792514830827713,726,,,,,
18,0.0644647404551506,727,,,,,
18,0.0820523053407669,728,,,,,
18,0.08184657245874405,729,,,,,
18,0.04763064906001091,730,,,,,
18,0.08763046562671661,731,,,,,
18,0.06740124523639679,732,,,,,
18,0.07287495583295822,733,,,,,
18,0.08430130779743195,734,,,,,
18,0.07991266250610352,735,,,,,
18,0.061022885143756866,736,,,,,
18,0.05488850921392441,737,,,,,
18,0.0715457946062088,738,,,,,
18,0.1036837100982666,739,,,,,
18,0.0553353987634182,740,,,,,
18,0.03818407654762268,741,,,,,
18,0.054736990481615067,742,,,,,
18,0.0763171836733818,743,,,,,
18,0.06033375486731529,744,,,,,
18,0.046977922320365906,745,,,,,
18,0.04152054339647293,746,,,,,
18,0.043011825531721115,747,,,,,
18,0.1012684553861618,748,,,,,
18,0.05890157073736191,749,,,,,
18,0.06283852458000183,750,,,,,
18,0.12198130786418915,751,,,,,
18,0.09168040752410889,752,,,,,
18,0.027810772880911827,753,,,,,
18,0.06591503322124481,754,,,,,
18,0.0850086510181427,755,,,,,
18,0.08155014365911484,756,,,,,
18,0.06027299910783768,757,,,,,
18,0.08942703157663345,758,,,,,
18,0.053742773830890656,759,,,,,
,,90,0.022639883682131767,,,,
,,91,0.04793670400977135,,,,
,,92,0.03059185855090618,,,,
,,93,0.07366988062858582,,,,
,,94,0.0342618003487587,,,,
18,,759,,0.04182002693414688,,,
18,,759,,,0.828125,0.06832558661699295,0.984375
19,0.03881542384624481,760,,,,,
19,0.08876081556081772,761,,,,,
19,0.10919602960348129,762,,,,,
19,0.05255470052361488,763,,,,,
19,0.03751761093735695,764,,,,,
19,0.05450551211833954,765,,,,,
19,0.04049954190850258,766,,,,,
19,0.12456783652305603,767,,,,,
19,0.06930167973041534,768,,,,,
19,0.051267094910144806,769,,,,,
19,0.0622686967253685,770,,,,,
19,0.057884879410266876,771,,,,,
19,0.03230828791856766,772,,,,,
19,0.05857078358530998,773,,,,,
19,0.07479555904865265,774,,,,,
19,0.0663333386182785,775,,,,,
19,0.05334889888763428,776,,,,,
19,0.07901887595653534,777,,,,,
19,0.06283409893512726,778,,,,,
19,0.06028769910335541,779,,,,,
19,0.03977777436375618,780,,,,,
19,0.07636266946792603,781,,,,,
19,0.06940902769565582,782,,,,,
19,0.052164316177368164,783,,,,,
19,0.06317422538995743,784,,,,,
19,0.05433433875441551,785,,,,,
19,0.08302795886993408,786,,,,,
19,0.1065889298915863,787,,,,,
19,0.037378400564193726,788,,,,,
19,0.023205291479825974,789,,,,,
19,0.05985995754599571,790,,,,,
19,0.08637479692697525,791,,,,,
19,0.04006274417042732,792,,,,,
19,0.07441862672567368,793,,,,,
19,0.0419098325073719,794,,,,,
19,0.05129200592637062,795,,,,,
19,0.0707123726606369,796,,,,,
19,0.0435665026307106,797,,,,,
19,0.06179393082857132,798,,,,,
19,0.0462113581597805,799,,,,,
,,95,0.022227954119443893,,,,
,,96,0.04821727052330971,,,,
,,97,0.0290511641651392,,,,
,,98,0.07352080941200256,,,,
,,99,0.031568896025419235,,,,
19,,799,,0.04091722518205643,,,
19,,799,,,0.831250011920929,0.061406560242176056,0.984375
20,0.04985499754548073,800,,,,,
20,0.04752250388264656,801,,,,,
20,0.058779217302799225,802,,,,,
20,0.09054657071828842,803,,,,,
20,0.0789060965180397,804,,,,,
20,0.03776819631457329,805,,,,,
20,0.05793832987546921,806,,,,,
20,0.06459326297044754,807,,,,,
20,0.06907901912927628,808,,,,,
20,0.06940962374210358,809,,,,,
20,0.050594065338373184,810,,,,,
20,0.040528930723667145,811,,,,,
20,0.05876776576042175,812,,,,,
20,0.04759795591235161,813,,,,,
20,0.031207405030727386,814,,,,,
20,0.08024749904870987,815,,,,,
20,0.09675752371549606,816,,,,,
20,0.06852293759584427,817,,,,,
20,0.05324815958738327,818,,,,,
20,0.04595072939991951,819,,,,,
20,0.09703774750232697,820,,,,,
20,0.03670112043619156,821,,,,,
20,0.06112128123641014,822,,,,,
20,0.10280978679656982,823,,,,,
20,0.04954567551612854,824,,,,,
20,0.02334725856781006,825,,,,,
20,0.044628120958805084,826,,,,,
20,0.06946060806512833,827,,,,,
20,0.06590259075164795,828,,,,,
20,0.06348211318254471,829,,,,,
20,0.043343402445316315,830,,,,,
20,0.03324401378631592,831,,,,,
20,0.028339501470327377,832,,,,,
20,0.060267962515354156,833,,,,,
20,0.050241075456142426,834,,,,,
20,0.08791441470384598,835,,,,,
20,0.04604446515440941,836,,,,,
20,0.07771998643875122,837,,,,,
20,0.05762941390275955,838,,,,,
20,0.05191337689757347,839,,,,,
,,100,0.02228442020714283,,,,
,,101,0.04574795812368393,,,,
,,102,0.027960948646068573,,,,
,,103,0.07574871182441711,,,,
,,104,0.031108420342206955,,,,
20,,839,,0.04057009145617485,,,
20,,839,,,0.8343750238418579,0.05871286988258362,0.987500011920929
21,0.05928695201873779,840,,,,,
21,0.04806812107563019,841,,,,,
21,0.06526990234851837,842,,,,,
21,0.05277186259627342,843,,,,,
21,0.0407082661986351,844,,,,,
21,0.06243482232093811,845,,,,,
21,0.06135014817118645,846,,,,,
21,0.038409821689128876,847,,,,,
21,0.07224304229021072,848,,,,,
21,0.05453711748123169,849,,,,,
21,0.06519490480422974,850,,,,,
21,0.052674226462841034,851,,,,,
21,0.05561058595776558,852,,,,,
21,0.05250777304172516,853,,,,,
21,0.03823985531926155,854,,,,,
21,0.04670152813196182,855,,,,,
21,0.08118303120136261,856,,,,,
21,0.060486845672130585,857,,,,,
21,0.06901350617408752,858,,,,,
21,0.034357741475105286,859,,,,,
21,0.03673570230603218,860,,,,,
21,0.056661587208509445,861,,,,,
21,0.05272243171930313,862,,,,,
21,0.08739588409662247,863,,,,,
21,0.07938706874847412,864,,,,,
21,0.04844958707690239,865,,,,,
21,0.04518330097198486,866,,,,,
21,0.02976832166314125,867,,,,,
21,0.0480252243578434,868,,,,,
21,0.0855601355433464,869,,,,,
21,0.08678394556045532,870,,,,,
21,0.047545596957206726,871,,,,,
21,0.07174737006425858,872,,,,,
21,0.04107234627008438,873,,,,,
21,0.06131855398416519,874,,,,,
21,0.048326969146728516,875,,,,,
21,0.07726752012968063,876,,,,,
21,0.032531362026929855,877,,,,,
21,0.03968615457415581,878,,,,,
21,0.05695469304919243,879,,,,,
,,105,0.021612659096717834,,,,
,,106,0.044100116938352585,,,,
,,107,0.026194917038083076,,,,
,,108,0.07322058081626892,,,,
,,109,0.028905276209115982,,,,
21,,879,,0.03880670666694641,,,
21,,879,,,0.840624988079071,0.05610434338450432,0.9906250238418579
22,0.06421593576669693,880,,,,,
22,0.01962439902126789,881,,,,,
22,0.0699729174375534,882,,,,,
22,0.024531222879886627,883,,,,,
22,0.016256896778941154,884,,,,,
22,0.028570421040058136,885,,,,,
22,0.07650177925825119,886,,,,,
22,0.06515521556138992,887,,,,,
22,0.07200902700424194,888,,,,,
22,0.05061378329992294,889,,,,,
22,0.05253453552722931,890,,,,,
22,0.050266098231077194,891,,,,,
22,0.030780857428908348,892,,,,,
22,0.03479423746466637,893,,,,,
22,0.09858541935682297,894,,,,,
22,0.06580889225006104,895,,,,,
22,0.044943876564502716,896,,,,,
22,0.04048492759466171,897,,,,,
22,0.06530742347240448,898,,,,,
22,0.067910335958004,899,,,,,
22,0.05164322629570961,900,,,,,
22,0.06469923257827759,901,,,,,
22,0.05071154236793518,902,,,,,
22,0.07413890212774277,903,,,,,
22,0.06762346625328064,904,,,,,
22,0.025352109223604202,905,,,,,
22,0.0723043829202652,906,,,,,
22,0.05829799920320511,907,,,,,
22,0.06973648071289062,908,,,,,
22,0.03126771003007889,909,,,,,
22,0.05265886336565018,910,,,,,
22,0.052519023418426514,911,,,,,
22,0.07379154860973358,912,,,,,
22,0.04791446775197983,913,,,,,
22,0.05733724310994148,914,,,,,
22,0.05665484070777893,915,,,,,
22,0.060392674058675766,916,,,,,
22,0.0805005207657814,917,,,,,
22,0.05158534273505211,918,,,,,
22,0.02851524017751217,919,,,,,
,,110,0.02225547470152378,,,,
,,111,0.045015908777713776,,,,
,,112,0.025322018191218376,,,,
,,113,0.07443608343601227,,,,
,,114,0.027822470292448997,,,,
22,,919,,0.03897038847208023,,,
22,,919,,,0.8343750238418579,0.05416282266378403,0.987500011920929
23,0.06073818728327751,920,,,,,
23,0.032899726182222366,921,,,,,
23,0.06254526972770691,922,,,,,
23,0.0559256374835968,923,,,,,
23,0.05588121339678764,924,,,,,
23,0.052707042545080185,925,,,,,
23,0.06736835837364197,926,,,,,
23,0.0506194643676281,927,,,,,
23,0.037943482398986816,928,,,,,
23,0.06229918450117111,929,,,,,
23,0.0771823450922966,930,,,,,
23,0.0333782397210598,931,,,,,
23,0.06724244356155396,932,,,,,
23,0.02551707625389099,933,,,,,
23,0.04841727018356323,934,,,,,
23,0.061096031218767166,935,,,,,
23,0.07737686485052109,936,,,,,
23,0.04363391548395157,937,,,,,
23,0.04418284446001053,938,,,,,
23,0.015901437029242516,939,,,,,
23,0.051438912749290466,940,,,,,
23,0.07507900148630142,941,,,,,
23,0.03891156241297722,942,,,,,
23,0.04416472464799881,943,,,,,
23,0.038450196385383606,944,,,,,
23,0.06554394960403442,945,,,,,
23,0.06118369847536087,946,,,,,
23,0.054833486676216125,947,,,,,
23,0.047875162214040756,948,,,,,
23,0.07283932715654373,949,,,,,
23,0.08942042291164398,950,,,,,
23,0.07025657594203949,951,,,,,
23,0.08074639737606049,952,,,,,
23,0.08222319185733795,953,,,,,
23,0.056547850370407104,954,,,,,
23,0.02870016358792782,955,,,,,
23,0.03342164680361748,956,,,,,
23,0.03790808096528053,957,,,,,
23,0.055661916732788086,958,,,,,
23,0.0513530969619751,959,,,,,
,,115,0.02152596041560173,,,,
,,116,0.04405460134148598,,,,
,,117,0.02605651319026947,,,,
,,118,0.0738692432641983,,,,
,,119,0.026595339179039,,,,
23,,959,,0.03842033073306084,,,
23,,959,,,0.8343750238418579,0.05423538759350777,0.984375
24,0.04154017195105553,960,,,,,
24,0.033424995839595795,961,,,,,
24,0.054066553711891174,962,,,,,
24,0.03558511286973953,963,,,,,
24,0.054405804723501205,964,,,,,
24,0.05537029355764389,965,,,,,
24,0.05114225670695305,966,,,,,
24,0.043946728110313416,967,,,,,
24,0.048370689153671265,968,,,,,
24,0.0941590964794159,969,,,,,
24,0.03652939945459366,970,,,,,
24,0.05900020897388458,971,,,,,
24,0.04148472473025322,972,,,,,
24,0.03512037172913551,973,,,,,
24,0.05621335655450821,974,,,,,
24,0.06745059043169022,975,,,,,
24,0.06657528132200241,976,,,,,
24,0.04763024300336838,977,,,,,
24,0.046848148107528687,978,,,,,
24,0.021523581817746162,979,,,,,
24,0.04299604892730713,980,,,,,
24,0.0596068799495697,981,,,,,
24,0.05337364226579666,982,,,,,
24,0.041239723563194275,983,,,,,
24,0.03417622670531273,984,,,,,
24,0.05200481042265892,985,,,,,
24,0.04179011657834053,986,,,,,
24,0.056887246668338776,987,,,,,
24,0.07009980827569962,988,,,,,
24,0.06919634342193604,989,,,,,
24,0.033818017691373825,990,,,,,
24,0.04313523694872856,991,,,,,
24,0.05198080092668533,992,,,,,
24,0.04568954184651375,993,,,,,
24,0.048077791929244995,994,,,,,
24,0.0519208088517189,995,,,,,
24,0.0732639878988266,996,,,,,
24,0.04352602735161781,997,,,,,
24,0.06208236515522003,998,,,,,
24,0.060928285121917725,999,,,,,
,,120,0.0205034539103508,,,,
,,121,0.04344213381409645,,,,
,,122,0.02556717023253441,,,,
,,123,0.07053174078464508,,,,
,,124,0.026636846363544464,,,,
24,,999,,0.03733627125620842,,,
24,,999,,,0.84375,0.05065453052520752,0.987500011920929
25,0.040157049894332886,1000,,,,,
25,0.029889535158872604,1001,,,,,
25,0.04295111820101738,1002,,,,,
25,0.05033544450998306,1003,,,,,
25,0.05061637982726097,1004,,,,,
25,0.058053240180015564,1005,,,,,
25,0.05552279204130173,1006,,,,,
25,0.02967647649347782,1007,,,,,
25,0.059396564960479736,1008,,,,,
25,0.03352152556180954,1009,,,,,
25,0.05808636546134949,1010,,,,,
25,0.013894200325012207,1011,,,,,
25,0.0407300665974617,1012,,,,,
25,0.06300768256187439,1013,,,,,
25,0.06053699925541878,1014,,,,,
25,0.03560449182987213,1015,,,,,
25,0.07179723680019379,1016,,,,,
25,0.049638476222753525,1017,,,,,
25,0.045860107988119125,1018,,,,,
25,0.06426472216844559,1019,,,,,
25,0.049069833010435104,1020,,,,,
25,0.06024337187409401,1021,,,,,
25,0.06446916610002518,1022,,,,,
25,0.02172110602259636,1023,,,,,
25,0.09255003184080124,1024,,,,,
25,0.06593884527683258,1025,,,,,
25,0.04980425536632538,1026,,,,,
25,0.05845339596271515,1027,,,,,
25,0.062319472432136536,1028,,,,,
25,0.04320096597075462,1029,,,,,
25,0.04777296632528305,1030,,,,,
25,0.09137621521949768,1031,,,,,
25,0.05207042768597603,1032,,,,,
25,0.036206379532814026,1033,,,,,
25,0.04319636896252632,1034,,,,,
25,0.07043683528900146,1035,,,,,
25,0.033439986407756805,1036,,,,,
25,0.05702836066484451,1037,,,,,
25,0.043480366468429565,1038,,,,,
25,0.044635314494371414,1039,,,,,
,,125,0.022639557719230652,,,,
,,126,0.04234914481639862,,,,
,,127,0.024984998628497124,,,,
,,128,0.07073575258255005,,,,
,,129,0.02578313648700714,,,,
25,,1039,,0.03729851543903351,,,
25,,1039,,,0.840624988079071,0.051023852080106735,0.987500011920929
26,0.04575918987393379,1040,,,,,
26,0.05095183104276657,1041,,,,,
26,0.05445750057697296,1042,,,,,
26,0.03058481775224209,1043,,,,,
26,0.07818751037120819,1044,,,,,
26,0.039593495428562164,1045,,,,,
26,0.05549652874469757,1046,,,,,
26,0.02759568579494953,1047,,,,,
26,0.05320175737142563,1048,,,,,
26,0.04528707265853882,1049,,,,,
26,0.06423629075288773,1050,,,,,
26,0.028799284249544144,1051,,,,,
26,0.06206187605857849,1052,,,,,
26,0.03151047229766846,1053,,,,,
26,0.05695868283510208,1054,,,,,
26,0.05257157236337662,1055,,,,,
26,0.04952896386384964,1056,,,,,
26,0.07465079426765442,1057,,,,,
26,0.024019306525588036,1058,,,,,
26,0.07238657027482986,1059,,,,,
26,0.07398171722888947,1060,,,,,
26,0.04012563079595566,1061,,,,,
26,0.03142685070633888,1062,,,,,
26,0.05670808628201485,1063,,,,,
26,0.07106359302997589,1064,,,,,
26,0.06116099655628204,1065,,,,,
26,0.05345635116100311,1066,,,,,
26,0.05645512416958809,1067,,,,,
26,0.04478251188993454,1068,,,,,
26,0.06703038513660431,1069,,,,,
26,0.06701117008924484,1070,,,,,
26,0.025265682488679886,1071,,,,,
26,0.04490027576684952,1072,,,,,
26,0.04466512054204941,1073,,,,,
26,0.07084410637617111,1074,,,,,
26,0.03845727816224098,1075,,,,,
26,0.03940548747777939,1076,,,,,
26,0.0389690101146698,1077,,,,,
26,0.09422487020492554,1078,,,,,
26,0.05760915204882622,1079,,,,,
,,130,0.02076660469174385,,,,
,,131,0.0401603989303112,,,,
,,132,0.023431265726685524,,,,
,,133,0.07450589537620544,,,,
,,134,0.02569372020661831,,,,
26,,1079,,0.036911576986312866,,,
26,,1079,,,0.840624988079071,0.05188456177711487,0.9906250238418579
27,0.0564630925655365,1080,,,,,
27,0.03910239785909653,1081,,,,,
27,0.08130038529634476,1082,,,,,
27,0.054274775087833405,1083,,,,,
27,0.04812034219503403,1084,,,,,
27,0.05018974840641022,1085,,,,,
27,0.016682051122188568,1086,,,,,
27,0.03967050462961197,1087,,,,,
27,0.056963566690683365,1088,,,,,
27,0.03914778307080269,1089,,,,,
27,0.03948536515235901,1090,,,,,
27,0.04272279143333435,1091,,,,,
27,0.052203692495822906,1092,,,,,
27,0.06663688272237778,1093,,,,,
27,0.052470795810222626,1094,,,,,
27,0.03227300941944122,1095,,,,,
27,0.03337860479950905,1096,,,,,
27,0.03411109372973442,1097,,,,,
27,0.04556040093302727,1098,,,,,
27,0.05120029300451279,1099,,,,,
27,0.0631847158074379,1100,,,,,
27,0.04198891296982765,1101,,,,,
27,0.031554047018289566,1102,,,,,
27,0.029166722670197487,1103,,,,,
27,0.025178054347634315,1104,,,,,
27,0.05086780712008476,1105,,,,,
27,0.04879776015877724,1106,,,,,
27,0.05277000367641449,1107,,,,,
27,0.047931868582963943,1108,,,,,
27,0.03677080199122429,1109,,,,,
27,0.032852478325366974,1110,,,,,
27,0.07620986551046371,1111,,,,,
27,0.02114773727953434,1112,,,,,
27,0.05963475629687309,1113,,,,,
27,0.04613308608531952,1114,,,,,
27,0.024068884551525116,1115,,,,,
27,0.0590684674680233,1116,,,,,
27,0.0509815439581871,1117,,,,,
27,0.0588986761868,1118,,,,,
27,0.06035559996962547,1119,,,,,
,,135,0.021458754315972328,,,,
,,136,0.0411219522356987,,,,
,,137,0.02239181660115719,,,,
,,138,0.07563704997301102,,,,
,,139,0.026217112317681313,,,,
27,,1119,,0.03736533969640732,,,
27,,1119,,,0.840624988079071,0.04623798280954361,0.9906250238418579
28,0.05392362177371979,1120,,,,,
28,0.041940148919820786,1121,,,,,
28,0.07804225385189056,1122,,,,,
28,0.05182845517992973,1123,,,,,
28,0.030600639060139656,1124,,,,,
28,0.025464244186878204,1125,,,,,
28,0.02919083833694458,1126,,,,,
28,0.05508802458643913,1127,,,,,
28,0.06214212626218796,1128,,,,,
28,0.01606716215610504,1129,,,,,
28,0.039520952850580215,1130,,,,,
28,0.03929029777646065,1131,,,,,
28,0.04838869720697403,1132,,,,,
28,0.0701686292886734,1133,,,,,
28,0.04125002399086952,1134,,,,,
28,0.061460573226213455,1135,,,,,
28,0.04809371009469032,1136,,,,,
28,0.03618842363357544,1137,,,,,
28,0.05120324343442917,1138,,,,,
28,0.05129271000623703,1139,,,,,
28,0.040328457951545715,1140,,,,,
28,0.044591255486011505,1141,,,,,
28,0.04288754239678383,1142,,,,,
28,0.0714852511882782,1143,,,,,
28,0.02989126555621624,1144,,,,,
28,0.027303136885166168,1145,,,,,
28,0.04460502415895462,1146,,,,,
28,0.04581502825021744,1147,,,,,
28,0.03965158760547638,1148,,,,,
28,0.04489656165242195,1149,,,,,
28,0.02907608449459076,1150,,,,,
28,0.039007846266031265,1151,,,,,
28,0.020244792103767395,1152,,,,,
28,0.03147013485431671,1153,,,,,
28,0.022701065987348557,1154,,,,,
28,0.04487160965800285,1155,,,,,
28,0.05879829078912735,1156,,,,,
28,0.06279090791940689,1157,,,,,
28,0.05685323476791382,1158,,,,,
28,0.02876032516360283,1159,,,,,
,,140,0.021158354356884956,,,,
,,141,0.03954174369573593,,,,
,,142,0.023732898756861687,,,,
,,143,0.07228448241949081,,,,
,,144,0.024602143093943596,,,,
28,,1159,,0.03626392409205437,,,
28,,1159,,,0.840624988079071,0.04392935708165169,0.9906250238418579
29,0.05079582706093788,1160,,,,,
29,0.04768334701657295,1161,,,,,
29,0.057439450174570084,1162,,,,,
29,0.07053954899311066,1163,,,,,
29,0.03040318191051483,1164,,,,,
29,0.041810620576143265,1165,,,,,
29,0.037504643201828,1166,,,,,
29,0.055039435625076294,1167,,,,,
29,0.051384203135967255,1168,,,,,
29,0.04634234309196472,1169,,,,,
29,0.029730070382356644,1170,,,,,
29,0.05959181860089302,1171,,,,,
29,0.05764004588127136,1172,,,,,
29,0.05129852890968323,1173,,,,,
29,0.04445090517401695,1174,,,,,
29,0.037963077425956726,1175,,,,,
29,0.054145697504282,1176,,,,,
29,0.04313533753156662,1177,,,,,
29,0.039864737540483475,1178,,,,,
29,0.035459838807582855,1179,,,,,
29,0.049263663589954376,1180,,,,,
29,0.046352650970220566,1181,,,,,
29,0.029716836288571358,1182,,,,,
29,0.030439864844083786,1183,,,,,
29,0.05353701487183571,1184,,,,,
29,0.04463917016983032,1185,,,,,
29,0.05113283544778824,1186,,,,,
29,0.05381292477250099,1187,,,,,
29,0.03261633962392807,1188,,,,,
29,0.03745615482330322,1189,,,,,
29,0.05479157716035843,1190,,,,,
29,0.03400823846459389,1191,,,,,
29,0.04060755670070648,1192,,,,,
29,0.03239421918988228,1193,,,,,
29,0.03987252712249756,1194,,,,,
29,0.024378377944231033,1195,,,,,
29,0.037301309406757355,1196,,,,,
29,0.036225635558366776,1197,,,,,
29,0.08537304401397705,1198,,,,,
29,0.05950441211462021,1199,,,,,
,,145,0.019539982080459595,,,,
,,146,0.04259555786848068,,,,
,,147,0.023337382823228836,,,,
,,148,0.07505355030298233,,,,
,,149,0.024578841403126717,,,,
29,,1199,,0.03702106326818466,,,
29,,1199,,,0.840624988079071,0.04539117589592934,0.9906250238418579
30,0.052442505955696106,1200,,,,,
30,0.05384092777967453,1201,,,,,
30,0.03034583479166031,1202,,,,,
30,0.0446266233921051,1203,,,,,
30,0.0467398427426815,1204,,,,,
30,0.04437049850821495,1205,,,,,
30,0.032098665833473206,1206,,,,,
30,0.04484245553612709,1207,,,,,
30,0.030533023178577423,1208,,,,,
30,0.029814908280968666,1209,,,,,
30,0.041530147194862366,1210,,,,,
30,0.062100961804389954,1211,,,,,
30,0.03917098790407181,1212,,,,,
30,0.047191884368658066,1213,,,,,
30,0.014788308180868626,1214,,,,,
30,0.06036071106791496,1215,,,,,
30,0.045420315116643906,1216,,,,,
30,0.04451906681060791,1217,,,,,
30,0.06569664925336838,1218,,,,,
30,0.05828946828842163,1219,,,,,
30,0.027869973331689835,1220,,,,,
30,0.07745877653360367,1221,,,,,
30,0.03917334973812103,1222,,,,,
30,0.045679721981287,1223,,,,,
30,0.03574667498469353,1224,,,,,
30,0.047839824110269547,1225,,,,,
30,0.027588263154029846,1226,,,,,
30,0.03392704948782921,1227,,,,,
30,0.04412482678890228,1228,,,,,
30,0.06647952646017075,1229,,,,,
30,0.03737661987543106,1230,,,,,
30,0.015756618231534958,1231,,,,,
30,0.04095996916294098,1232,,,,,
30,0.035382483154535294,1233,,,,,
30,0.024191945791244507,1234,,,,,
30,0.03582576662302017,1235,,,,,
30,0.03769249469041824,1236,,,,,
30,0.054669711738824844,1237,,,,,
30,0.036039285361766815,1238,,,,,
30,0.04290337860584259,1239,,,,,
,,150,0.020400196313858032,,,,
,,151,0.04103971645236015,,,,
,,152,0.020835943520069122,,,,
,,153,0.07833315432071686,,,,
,,154,0.025938494130969048,,,,
30,,1239,,0.03730950504541397,,,
30,,1239,,,0.8374999761581421,0.04238525405526161,0.9906250238418579
31,0.034257110208272934,1240,,,,,
31,0.03697577863931656,1241,,,,,
31,0.04486871510744095,1242,,,,,
31,0.01980622485280037,1243,,,,,
31,0.06823105365037918,1244,,,,,
31,0.02524466998875141,1245,,,,,
31,0.04010070487856865,1246,,,,,
31,0.053849052637815475,1247,,,,,
31,0.030688824132084846,1248,,,,,
31,0.05125052109360695,1249,,,,,
31,0.027487576007843018,1250,,,,,
31,0.023383118212223053,1251,,,,,
31,0.048923347145318985,1252,,,,,
31,0.04200712591409683,1253,,,,,
31,0.020242705941200256,1254,,,,,
31,0.04303288459777832,1255,,,,,
31,0.01978875882923603,1256,,,,,
31,0.026968371123075485,1257,,,,,
31,0.0482436940073967,1258,,,,,
31,0.03865404799580574,1259,,,,,
31,0.061982233077287674,1260,,,,,
31,0.02094496600329876,1261,,,,,
31,0.05865854769945145,1262,,,,,
31,0.0660458579659462,1263,,,,,
31,0.04162180796265602,1264,,,,,
31,0.06396780908107758,1265,,,,,
31,0.03285348415374756,1266,,,,,
31,0.04545110464096069,1267,,,,,
31,0.05711544305086136,1268,,,,,
31,0.03602301701903343,1269,,,,,
31,0.030033860355615616,1270,,,,,
31,0.04812544956803322,1271,,,,,
31,0.049183160066604614,1272,,,,,
31,0.06926068663597107,1273,,,,,
31,0.033114682883024216,1274,,,,,
31,0.04559251293540001,1275,,,,,
31,0.0454222671687603,1276,,,,,
31,0.026362556964159012,1277,,,,,
31,0.030939744785428047,1278,,,,,
31,0.030521955341100693,1279,,,,,
,,155,0.020034752786159515,,,,
,,156,0.03950890526175499,,,,
,,157,0.0217419620603323,,,,
,,158,0.08149982988834381,,,,
,,159,0.02348342537879944,,,,
31,,1279,,0.03725377097725868,,,
31,,1279,,,0.8374999761581421,0.04093063622713089,0.987500011920929
32,0.023725250735878944,1280,,,,,
32,0.04238433390855789,1281,,,,,
32,0.0331449992954731,1282,,,,,
32,0.043499670922756195,1283,,,,,
32,0.038528330624103546,1284,,,,,
32,0.052360568195581436,1285,,,,,
32,0.05531354621052742,1286,,,,,
32,0.07154002785682678,1287,,,,,
32,0.025941940024495125,1288,,,,,
32,0.037157781422138214,1289,,,,,
32,0.03873751312494278,1290,,,,,
32,0.049910277128219604,1291,,,,,
32,0.02872958965599537,1292,,,,,
32,0.030121291056275368,1293,,,,,
32,0.04568938538432121,1294,,,,,
32,0.046040646731853485,1295,,,,,
32,0.040214903652668,1296,,,,,
32,0.05947532132267952,1297,,,,,
32,0.054618582129478455,1298,,,,,
32,0.015773920342326164,1299,,,,,
32,0.03622753173112869,1300,,,,,
32,0.05771291255950928,1301,,,,,
32,0.045811884105205536,1302,,,,,
32,0.03393873572349548,1303,,,,,
32,0.039352789521217346,1304,,,,,
32,0.03338243067264557,1305,,,,,
32,0.03648652136325836,1306,,,,,
32,0.03475893661379814,1307,,,,,
32,0.06584624201059341,1308,,,,,
32,0.04333728924393654,1309,,,,,
32,0.03942957893013954,1310,,,,,
32,0.03767579793930054,1311,,,,,
32,0.03046106919646263,1312,,,,,
32,0.039591871201992035,1313,,,,,
32,0.04810129478573799,1314,,,,,
32,0.051249321550130844,1315,,,,,
32,0.05880119651556015,1316,,,,,
32,0.039221931248903275,1317,,,,,
32,0.03301533684134483,1318,,,,,
32,0.04482334479689598,1319,,,,,
,,160,0.019681934267282486,,,,
,,161,0.03872895613312721,,,,
,,162,0.02107587642967701,,,,
,,163,0.07663852721452713,,,,
,,164,0.02256835624575615,,,,
32,,1319,,0.03573872894048691,,,
32,,1319,,,0.8500000238418579,0.04205334559082985,0.9906250238418579
33,0.038398757576942444,1320,,,,,
33,0.056913118809461594,1321,,,,,
33,0.036316029727458954,1322,,,,,
33,0.07842744886875153,1323,,,,,
33,0.03753993287682533,1324,,,,,
33,0.053884152323007584,1325,,,,,
33,0.04652030020952225,1326,,,,,
33,0.05305399000644684,1327,,,,,
33,0.023437298834323883,1328,,,,,
33,0.036310359835624695,1329,,,,,
33,0.04250609874725342,1330,,,,,
33,0.042787421494722366,1331,,,,,
33,0.022396786138415337,1332,,,,,
33,0.027481045573949814,1333,,,,,
33,0.04366951808333397,1334,,,,,
33,0.04475323110818863,1335,,,,,
33,0.046518273651599884,1336,,,,,
33,0.06342270970344543,1337,,,,,
33,0.03472278267145157,1338,,,,,
33,0.0327867716550827,1339,,,,,
33,0.050798024982213974,1340,,,,,
33,0.03942174091935158,1341,,,,,
33,0.04472842812538147,1342,,,,,
33,0.034627608954906464,1343,,,,,
33,0.027242355048656464,1344,,,,,
33,0.018574414774775505,1345,,,,,
33,0.03378498554229736,1346,,,,,
33,0.03101169317960739,1347,,,,,
33,0.03845929726958275,1348,,,,,
33,0.027243807911872864,1349,,,,,
33,0.027333423495292664,1350,,,,,
33,0.03644395247101784,1351,,,,,
33,0.028638161718845367,1352,,,,,
33,0.043153684586286545,1353,,,,,
33,0.05116024240851402,1354,,,,,
33,0.052765656262636185,1355,,,,,
33,0.038536228239536285,1356,,,,,
33,0.02974097430706024,1357,,,,,
33,0.043571002781391144,1358,,,,,
33,0.038691285997629166,1359,,,,,
,,165,0.020165830850601196,,,,
,,166,0.03872806206345558,,,,
,,167,0.022064968943595886,,,,
,,168,0.08186596632003784,,,,
,,169,0.02230534888803959,,,,
33,,1359,,0.03702603280544281,,,
33,,1359,,,0.8374999761581421,0.039944324642419815,0.9906250238418579
34,0.02958887442946434,1360,,,,,
34,0.034864433109760284,1361,,,,,
34,0.0456499345600605,1362,,,,,
34,0.044128622859716415,1363,,,,,
34,0.025304820388555527,1364,,,,,
34,0.047064390033483505,1365,,,,,
34,0.033416155725717545,1366,,,,,
34,0.03169956058263779,1367,,,,,
34,0.043316107243299484,1368,,,,,
34,0.03844767436385155,1369,,,,,
34,0.05350128933787346,1370,,,,,
34,0.017031075432896614,1371,,,,,
34,0.04816949740052223,1372,,,,,
34,0.03711036965250969,1373,,,,,
34,0.045411914587020874,1374,,,,,
34,0.039288926869630814,1375,,,,,
34,0.035431936383247375,1376,,,,,
34,0.023022012785077095,1377,,,,,
34,0.03734199330210686,1378,,,,,
34,0.021123016253113747,1379,,,,,
34,0.038664329797029495,1380,,,,,
34,0.054171402007341385,1381,,,,,
34,0.03547680005431175,1382,,,,,
34,0.035813577473163605,1383,,,,,
34,0.0368688628077507,1384,,,,,
34,0.04160139709711075,1385,,,,,
34,0.05631716549396515,1386,,,,,
34,0.031191915273666382,1387,,,,,
34,0.07657407969236374,1388,,,,,
34,0.03716873750090599,1389,,,,,
34,0.03741055727005005,1390,,,,,
34,0.02798469178378582,1391,,,,,
34,0.024681925773620605,1392,,,,,
34,0.016354810446500778,1393,,,,,
34,0.04951561242341995,1394,,,,,
34,0.052422378212213516,1395,,,,,
34,0.05671573430299759,1396,,,,,
34,0.03635687381029129,1397,,,,,
34,0.04413602873682976,1398,,,,,
34,0.020205920562148094,1399,,,,,
,,170,0.020146379247307777,,,,
,,171,0.037673186510801315,,,,
,,172,0.020297901704907417,,,,
,,173,0.07965221256017685,,,,
,,174,0.022080443799495697,,,,
34,,1399,,0.03597002848982811,,,
34,,1399,,,0.8374999761581421,0.038513634353876114,0.9937499761581421
35,0.03362871706485748,1400,,,,,
35,0.053465817123651505,1401,,,,,
35,0.04321226105093956,1402,,,,,
35,0.051323793828487396,1403,,,,,
35,0.03962402418255806,1404,,,,,
35,0.06332622468471527,1405,,,,,
35,0.03066839650273323,1406,,,,,
35,0.03257351741194725,1407,,,,,
35,0.03216034546494484,1408,,,,,
35,0.031274791806936264,1409,,,,,
35,0.027302661910653114,1410,,,,,
35,0.04704824462532997,1411,,,,,
35,0.04169930890202522,1412,,,,,
35,0.0547589436173439,1413,,,,,
35,0.029863622039556503,1414,,,,,
35,0.016351625323295593,1415,,,,,
35,0.05775534734129906,1416,,,,,
35,0.06068355590105057,1417,,,,,
35,0.020874008536338806,1418,,,,,
35,0.025459786877036095,1419,,,,,
35,0.029707856476306915,1420,,,,,
35,0.02687283419072628,1421,,,,,
35,0.07011972367763519,1422,,,,,
35,0.04483916983008385,1423,,,,,
35,0.031584158539772034,1424,,,,,
35,0.049945127218961716,1425,,,,,
35,0.04440741240978241,1426,,,,,
35,0.04030716419219971,1427,,,,,
35,0.02704746276140213,1428,,,,,
35,0.040328364819288254,1429,,,,,
35,0.06861618161201477,1430,,,,,
35,0.05034574866294861,1431,,,,,
35,0.03512367233633995,1432,,,,,
35,0.04717239364981651,1433,,,,,
35,0.04542359709739685,1434,,,,,
35,0.02791355550289154,1435,,,,,
35,0.04531995207071304,1436,,,,,
35,0.030626825988292694,1437,,,,,
35,0.05574465170502663,1438,,,,,
35,0.02357524447143078,1439,,,,,
,,175,0.0202571302652359,,,,
,,176,0.037101488560438156,,,,
,,177,0.021083783358335495,,,,
,,178,0.07807427644729614,,,,
,,179,0.02193777821958065,,,,
35,,1439,,0.03569088876247406,,,
35,,1439,,,0.8500000238418579,0.04070190340280533,0.9906250238418579
36,0.021548768505454063,1440,,,,,
36,0.041951984167099,1441,,,,,
36,0.04053055867552757,1442,,,,,
36,0.03897208720445633,1443,,,,,
36,0.037987515330314636,1444,,,,,
36,0.04231679439544678,1445,,,,,
36,0.03970212861895561,1446,,,,,
36,0.028387919068336487,1447,,,,,
36,0.052648235112428665,1448,,,,,
36,0.04303695634007454,1449,,,,,
36,0.06584635376930237,1450,,,,,
36,0.05199798196554184,1451,,,,,
36,0.02439107373356819,1452,,,,,
36,0.033954620361328125,1453,,,,,
36,0.02064814604818821,1454,,,,,
36,0.046910710632801056,1455,,,,,
36,0.028970489278435707,1456,,,,,
36,0.03628917038440704,1457,,,,,
36,0.027938341721892357,1458,,,,,
36,0.0162289347499609,1459,,,,,
36,0.05309317260980606,1460,,,,,
36,0.05956359952688217,1461,,,,,
36,0.05805341526865959,1462,,,,,
36,0.038248803466558456,1463,,,,,
36,0.04206608235836029,1464,,,,,
36,0.029361184686422348,1465,,,,,
36,0.04990135133266449,1466,,,,,
36,0.026777327060699463,1467,,,,,
36,0.03489196300506592,1468,,,,,
36,0.0436122864484787,1469,,,,,
36,0.040950432419776917,1470,,,,,
36,0.051970139145851135,1471,,,,,
36,0.03546825051307678,1472,,,,,
36,0.01984238065779209,1473,,,,,
36,0.046394575387239456,1474,,,,,
36,0.03506464138627052,1475,,,,,
36,0.03159523010253906,1476,,,,,
36,0.042175695300102234,1477,,,,,
36,0.05395877733826637,1478,,,,,
36,0.04939353093504906,1479,,,,,
,,180,0.020003320649266243,,,,
,,181,0.0396425686776638,,,,
,,182,0.020768240094184875,,,,
,,183,0.07245846837759018,,,,
,,184,0.022523190826177597,,,,
36,,1479,,0.03507915884256363,,,
36,,1479,,,0.840624988079071,0.0395660363137722,0.9937499761581421
37,0.03841783106327057,1480,,,,,
37,0.0401981845498085,1481,,,,,
37,0.03529728204011917,1482,,,,,
37,0.02492677792906761,1483,,,,,
37,0.025270504876971245,1484,,,,,
37,0.02105848491191864,1485,,,,,
37,0.027238879352808,1486,,,,,
37,0.0407242476940155,1487,,,,,
37,0.020445752888917923,1488,,,,,
37,0.049045272171497345,1489,,,,,
37,0.04352027550339699,1490,,,,,
37,0.03220028430223465,1491,,,,,
37,0.03712829574942589,1492,,,,,
37,0.04702245444059372,1493,,,,,
37,0.04418298974633217,1494,,,,,
37,0.027723729610443115,1495,,,,,
37,0.025595013052225113,1496,,,,,
37,0.033304885029792786,1497,,,,,
37,0.03468989580869675,1498,,,,,
37,0.051108647137880325,1499,,,,,
37,0.04299906641244888,1500,,,,,
37,0.030035488307476044,1501,,,,,
37,0.04086828604340553,1502,,,,,
37,0.0650186538696289,1503,,,,,
37,0.036786723881959915,1504,,,,,
37,0.043669186532497406,1505,,,,,
37,0.037129875272512436,1506,,,,,
37,0.04873712360858917,1507,,,,,
37,0.040065914392471313,1508,,,,,
37,0.027452442795038223,1509,,,,,
37,0.045458439737558365,1510,,,,,
37,0.026705428957939148,1511,,,,,
37,0.04271065816283226,1512,,,,,
37,0.054322317242622375,1513,,,,,
37,0.01966755837202072,1514,,,,,
37,0.048447445034980774,1515,,,,,
37,0.04626188799738884,1516,,,,,
37,0.04878206551074982,1517,,,,,
37,0.05270351469516754,1518,,,,,
37,0.047678086906671524,1519,,,,,
,,185,0.01992909610271454,,,,
,,186,0.040367692708969116,,,,
,,187,0.019444771111011505,,,,
,,188,0.07875190675258636,,,,
,,189,0.02033919282257557,,,,
37,,1519,,0.03576653450727463,,,
37,,1519,,,0.846875011920929,0.038614995777606964,0.9906250238418579
38,0.04134116321802139,1520,,,,,
38,0.03502644598484039,1521,,,,,
38,0.03221752494573593,1522,,,,,
38,0.04258648678660393,1523,,,,,
38,0.04059469699859619,1524,,,,,
38,0.038932446390390396,1525,,,,,
38,0.046195078641176224,1526,,,,,
38,0.031033102422952652,1527,,,,,
38,0.03359726071357727,1528,,,,,
38,0.0359552726149559,1529,,,,,
38,0.03403632715344429,1530,,,,,
38,0.0377177894115448,1531,,,,,
38,0.04130740463733673,1532,,,,,
38,0.048766668885946274,1533,,,,,
38,0.03524237498641014,1534,,,,,
38,0.04805368930101395,1535,,,,,
38,0.03915446251630783,1536,,,,,
38,0.025632057338953018,1537,,,,,
38,0.04505474865436554,1538,,,,,
38,0.03503496199846268,1539,,,,,
38,0.05106503516435623,1540,,,,,
38,0.026813004165887833,1541,,,,,
38,0.04277525097131729,1542,,,,,
38,0.025035731494426727,1543,,,,,
38,0.03968114033341408,1544,,,,,
38,0.038070403039455414,1545,,,,,
38,0.04388212412595749,1546,,,,,
38,0.035328831523656845,1547,,,,,
38,0.0269156564027071,1548,,,,,
38,0.0410335510969162,1549,,,,,
38,0.014704732224345207,1550,,,,,
38,0.05679043382406235,1551,,,,,
38,0.03339562565088272,1552,,,,,
38,0.04267348721623421,1553,,,,,
38,0.06391572207212448,1554,,,,,
38,0.017260104417800903,1555,,,,,
38,0.04117557033896446,1556,,,,,
38,0.007438629865646362,1557,,,,,
38,0.025901565328240395,1558,,,,,
38,0.038549065589904785,1559,,,,,
,,190,0.02002919465303421,,,,
,,191,0.04127989336848259,,,,
,,192,0.01876901462674141,,,,
,,193,0.07624475657939911,,,,
,,194,0.022346828132867813,,,,
38,,1559,,0.03573393449187279,,,
38,,1559,,,0.846875011920929,0.03699714317917824,0.9937499761581421
39,0.03470081090927124,1560,,,,,
39,0.029604017734527588,1561,,,,,
39,0.050650447607040405,1562,,,,,
39,0.04436004161834717,1563,,,,,
39,0.030461270362138748,1564,,,,,
39,0.024962173774838448,1565,,,,,
39,0.04249168932437897,1566,,,,,
39,0.04184827208518982,1567,,,,,
39,0.021369516849517822,1568,,,,,
39,0.04827715456485748,1569,,,,,
39,0.04609639570116997,1570,,,,,
39,0.02677766978740692,1571,,,,,
39,0.053853441029787064,1572,,,,,
39,0.04489517584443092,1573,,,,,
39,0.03986668959259987,1574,,,,,
39,0.02235465496778488,1575,,,,,
39,0.03295295685529709,1576,,,,,
39,0.04219049960374832,1577,,,,,
39,0.046178221702575684,1578,,,,,
39,0.03379248082637787,1579,,,,,
39,0.04600901901721954,1580,,,,,
39,0.018701782450079918,1581,,,,,
39,0.04369455575942993,1582,,,,,
39,0.029455319046974182,1583,,,,,
39,0.048930294811725616,1584,,,,,
39,0.025668201968073845,1585,,,,,
39,0.052397578954696655,1586,,,,,
39,0.03070788085460663,1587,,,,,
39,0.03488443046808243,1588,,,,,
39,0.029275085777044296,1589,,,,,
39,0.0332951694726944,1590,,,,,
39,0.02822238765656948,1591,,,,,
39,0.058702874928712845,1592,,,,,
39,0.02936377003788948,1593,,,,,
39,0.05302399769425392,1594,,,,,
39,0.03589542210102081,1595,,,,,
39,0.028273973613977432,1596,,,,,
39,0.04831993952393532,1597,,,,,
39,0.04217410460114479,1598,,,,,
39,0.04970568045973778,1599,,,,,
,,195,0.020395975559949875,,,,
,,196,0.03957248106598854,,,,
,,197,0.01908002234995365,,,,
,,198,0.07884531468153,,,,
,,199,0.02183619886636734,,,,
39,,1599,,0.03594599664211273,,,
39,,1599,,,0.8500000238418579,0.03810962662100792,0.9937499761581421
40,0.036287788301706314,1600,,,,,
40,0.07524096220731735,1601,,,,,
40,0.050047505646944046,1602,,,,,
40,0.05463282763957977,1603,,,,,
40,0.02622375823557377,1604,,,,,
40,0.01841418631374836,1605,,,,,
40,0.04880707338452339,1606,,,,,
40,0.042288582772016525,1607,,,,,
40,0.030624549835920334,1608,,,,,
40,0.032788246870040894,1609,,,,,
40,0.028956174850463867,1610,,,,,
40,0.0363597497344017,1611,,,,,
40,0.04416661709547043,1612,,,,,
40,0.02763286419212818,1613,,,,,
40,0.03947076573967934,1614,,,,,
40,0.03918415307998657,1615,,,,,
40,0.054631106555461884,1616,,,,,
40,0.017469139769673347,1617,,,,,
40,0.04485003277659416,1618,,,,,
40,0.040956124663352966,1619,,,,,
40,0.021171145141124725,1620,,,,,
40,0.03731486573815346,1621,,,,,
40,0.04354766383767128,1622,,,,,
40,0.04284536466002464,1623,,,,,
40,0.03127637505531311,1624,,,,,
40,0.015304855071008205,1625,,,,,
40,0.04127705097198486,1626,,,,,
40,0.060230329632759094,1627,,,,,
40,0.034570589661598206,1628,,,,,
40,0.037103377282619476,1629,,,,,
40,0.035459671169519424,1630,,,,,
40,0.03271476551890373,1631,,,,,
40,0.03254129737615585,1632,,,,,
40,0.0289883054792881,1633,,,,,
40,0.02898915857076645,1634,,,,,
40,0.029475880786776543,1635,,,,,
40,0.03578733280301094,1636,,,,,
40,0.056523390114307404,1637,,,,,
40,0.038130391389131546,1638,,,,,
40,0.023908499628305435,1639,,,,,
,,200,0.02034847065806389,,,,
,,201,0.03851180151104927,,,,
,,202,0.020030051469802856,,,,
,,203,0.07656701654195786,,,,
,,204,0.021057836711406708,,,,
40,,1639,,0.035303033888339996,,,
40,,1639,,,0.8343750238418579,0.03740481287240982,0.9906250238418579
41,0.026976333931088448,1640,,,,,
41,0.04192221537232399,1641,,,,,
41,0.03216226026415825,1642,,,,,
41,0.038954272866249084,1643,,,,,
41,0.03281719982624054,1644,,,,,
41,0.04737447574734688,1645,,,,,
41,0.03696201369166374,1646,,,,,
41,0.03907637298107147,1647,,,,,
41,0.04246941953897476,1648,,,,,
41,0.03227192163467407,1649,,,,,
41,0.042539697140455246,1650,,,,,
41,0.008412325754761696,1651,,,,,
41,0.04180821031332016,1652,,,,,
41,0.031457070261240005,1653,,,,,
41,0.03182277828454971,1654,,,,,
41,0.0392538346350193,1655,,,,,
41,0.021247219294309616,1656,,,,,
41,0.05138397961854935,1657,,,,,
41,0.03454483672976494,1658,,,,,
41,0.04615300893783569,1659,,,,,
41,0.051313064992427826,1660,,,,,
41,0.017454681918025017,1661,,,,,
41,0.02110058255493641,1662,,,,,
41,0.03454730659723282,1663,,,,,
41,0.033289145678281784,1664,,,,,
41,0.03329532966017723,1665,,,,,
41,0.027671808376908302,1666,,,,,
41,0.04906667768955231,1667,,,,,
41,0.03560573607683182,1668,,,,,
41,0.03455531969666481,1669,,,,,
41,0.027708012610673904,1670,,,,,
41,0.03701850026845932,1671,,,,,
41,0.0175426434725523,1672,,,,,
41,0.0372994989156723,1673,,,,,
41,0.03217662498354912,1674,,,,,
41,0.057284675538539886,1675,,,,,
41,0.031687065958976746,1676,,,,,
41,0.040800612419843674,1677,,,,,
41,0.03720961511135101,1678,,,,,
41,0.040922317653894424,1679,,,,,
,,205,0.020521506667137146,,,,
,,206,0.03784249722957611,,,,
,,207,0.01883089542388916,,,,
,,208,0.08177082985639572,,,,
,,209,0.02089954912662506,,,,
41,,1679,,0.03597305342555046,,,
41,,1679,,,0.84375,0.0354289636015892,0.996874988079071
42,0.024752918630838394,1680,,,,,
42,0.04957696795463562,1681,,,,,
42,0.022910308092832565,1682,,,,,
42,0.03344142436981201,1683,,,,,
42,0.024565482512116432,1684,,,,,
42,0.029172305017709732,1685,,,,,
42,0.03875923529267311,1686,,,,,
42,0.026803242042660713,1687,,,,,
42,0.03449194133281708,1688,,,,,
42,0.047007154673337936,1689,,,,,
42,0.04058992490172386,1690,,,,,
42,0.03523695096373558,1691,,,,,
42,0.019049927592277527,1692,,,,,
42,0.03502311930060387,1693,,,,,
42,0.03181789815425873,1694,,,,,
42,0.032429635524749756,1695,,,,,
42,0.03716334328055382,1696,,,,,
42,0.055923379957675934,1697,,,,,
42,0.019352810457348824,1698,,,,,
42,0.042858920991420746,1699,,,,,
42,0.053166139870882034,1700,,,,,
42,0.04312988370656967,1701,,,,,
42,0.02893654815852642,1702,,,,,
42,0.04213807359337807,1703,,,,,
42,0.03726447373628616,1704,,,,,
42,0.01375749334692955,1705,,,,,
42,0.042316023260354996,1706,,,,,
42,0.028745202347636223,1707,,,,,
42,0.0331570990383625,1708,,,,,
42,0.04557187855243683,1709,,,,,
42,0.027602743357419968,1710,,,,,
42,0.03854796290397644,1711,,,,,
42,0.022176161408424377,1712,,,,,
42,0.05597926303744316,1713,,,,,
42,0.03900613263249397,1714,,,,,
42,0.031166352331638336,1715,,,,,
42,0.04193219915032387,1716,,,,,
42,0.03892267122864723,1717,,,,,
42,0.04925420135259628,1718,,,,,
42,0.02451474964618683,1719,,,,,
,,210,0.02089856192469597,,,,
,,211,0.03999379649758339,,,,
,,212,0.018627706915140152,,,,
,,213,0.07730860263109207,,,,
,,214,0.021758897230029106,,,,
42,,1719,,0.03571750968694687,,,
42,,1719,,,0.846875011920929,0.03545530512928963,1.0
43,0.029550250619649887,1720,,,,,
43,0.041182950139045715,1721,,,,,
43,0.041878730058670044,1722,,,,,
43,0.02839171700179577,1723,,,,,
43,0.04439631849527359,1724,,,,,
43,0.06379729509353638,1725,,,,,
43,0.0349707305431366,1726,,,,,
43,0.022745301946997643,1727,,,,,
43,0.040112774819135666,1728,,,,,
43,0.031034762039780617,1729,,,,,
43,0.02350672334432602,1730,,,,,
43,0.049309998750686646,1731,,,,,
43,0.06273841857910156,1732,,,,,
43,0.024180587381124496,1733,,,,,
43,0.019285598769783974,1734,,,,,
43,0.03312765434384346,1735,,,,,
43,0.033192090690135956,1736,,,,,
43,0.026965603232383728,1737,,,,,
43,0.033921971917152405,1738,,,,,
43,0.03361983597278595,1739,,,,,
43,0.03872530162334442,1740,,,,,
43,0.049561046063899994,1741,,,,,
43,0.051690228283405304,1742,,,,,
43,0.02542705088853836,1743,,,,,
43,0.01974540390074253,1744,,,,,
43,0.03236319124698639,1745,,,,,
43,0.03407298028469086,1746,,,,,
43,0.015600187703967094,1747,,,,,
43,0.04719223454594612,1748,,,,,
43,0.028524192050099373,1749,,,,,
43,0.048089753836393356,1750,,,,,
43,0.048031941056251526,1751,,,,,
43,0.033814024180173874,1752,,,,,
43,0.03246225789189339,1753,,,,,
43,0.04169411212205887,1754,,,,,
43,0.02260717935860157,1755,,,,,
43,0.04041428491473198,1756,,,,,
43,0.04990370571613312,1757,,,,,
43,0.018101023510098457,1758,,,,,
43,0.04330950230360031,1759,,,,,
,,215,0.019454455003142357,,,,
,,216,0.04059093818068504,,,,
,,217,0.01996268332004547,,,,
,,218,0.07880847156047821,,,,
,,219,0.020427195355296135,,,,
43,,1759,,0.03584875166416168,,,
43,,1759,,,0.840624988079071,0.03598097339272499,0.9906250238418579
44,0.05478229373693466,1760,,,,,
44,0.02714756689965725,1761,,,,,
44,0.025011813268065453,1762,,,,,
44,0.04109152406454086,1763,,,,,
44,0.038464829325675964,1764,,,,,
44,0.04463066905736923,1765,,,,,
44,0.03863900527358055,1766,,,,,
44,0.03710434213280678,1767,,,,,
44,0.04447693005204201,1768,,,,,
44,0.038206279277801514,1769,,,,,
44,0.01426304504275322,1770,,,,,
44,0.051648788154125214,1771,,,,,
44,0.02162935584783554,1772,,,,,
44,0.036627598106861115,1773,,,,,
44,0.03443221002817154,1774,,,,,
44,0.029587162658572197,1775,,,,,
44,0.030828166753053665,1776,,,,,
44,0.04748285934329033,1777,,,,,
44,0.03187050670385361,1778,,,,,
44,0.025186186656355858,1779,,,,,
44,0.03515416011214256,1780,,,,,
44,0.04890284314751625,1781,,,,,
44,0.024596957489848137,1782,,,,,
44,0.029150230810046196,1783,,,,,
44,0.016107160598039627,1784,,,,,
44,0.02455879934132099,1785,,,,,
44,0.034918706864118576,1786,,,,,
44,0.054903898388147354,1787,,,,,
44,0.04546680673956871,1788,,,,,
44,0.02669093944132328,1789,,,,,
44,0.04536404460668564,1790,,,,,
44,0.048692405223846436,1791,,,,,
44,0.03345527872443199,1792,,,,,
44,0.03453078120946884,1793,,,,,
44,0.03067268431186676,1794,,,,,
44,0.04275079816579819,1795,,,,,
44,0.018743393942713737,1796,,,,,
44,0.02667088806629181,1797,,,,,
44,0.030029773712158203,1798,,,,,
44,0.03493427112698555,1799,,,,,
,,220,0.02013060450553894,,,,
,,221,0.038966935127973557,,,,
,,222,0.018823865801095963,,,,
,,223,0.08127406984567642,,,,
,,224,0.019929207861423492,,,,
44,,1799,,0.035824935883283615,,,
44,,1799,,,0.84375,0.034985147416591644,0.9937499761581421
45,0.024125024676322937,1800,,,,,
45,0.012049676850438118,1801,,,,,
45,0.009939090348780155,1802,,,,,
45,0.030178140848875046,1803,,,,,
45,0.041637782007455826,1804,,,,,
45,0.040535591542720795,1805,,,,,
45,0.046806126832962036,1806,,,,,
45,0.04480898752808571,1807,,,,,
45,0.02779272198677063,1808,,,,,
45,0.0381922721862793,1809,,,,,
45,0.03538663312792778,1810,,,,,
45,0.022975247353315353,1811,,,,,
45,0.02456270158290863,1812,,,,,
45,0.044655777513980865,1813,,,,,
45,0.04403778910636902,1814,,,,,
45,0.027619941160082817,1815,,,,,
45,0.056646935641765594,1816,,,,,
45,0.03159366175532341,1817,,,,,
45,0.04759802669286728,1818,,,,,
45,0.04168836027383804,1819,,,,,
45,0.04341129958629608,1820,,,,,
45,0.02092706225812435,1821,,,,,
45,0.033292561769485474,1822,,,,,
45,0.03029506467282772,1823,,,,,
45,0.03508061543107033,1824,,,,,
45,0.030143678188323975,1825,,,,,
45,0.037144456058740616,1826,,,,,
45,0.04048188775777817,1827,,,,,
45,0.03162391856312752,1828,,,,,
45,0.037802085280418396,1829,,,,,
45,0.0399058572947979,1830,,,,,
45,0.06127648800611496,1831,,,,,
45,0.03056516870856285,1832,,,,,
45,0.03274441882967949,1833,,,,,
45,0.03413717821240425,1834,,,,,
45,0.033575620502233505,1835,,,,,
45,0.027302009984850883,1836,,,,,
45,0.04141626134514809,1837,,,,,
45,0.02844289131462574,1838,,,,,
45,0.020741768181324005,1839,,,,,
,,225,0.02031458169221878,,,,
,,226,0.039274707436561584,,,,
,,227,0.019041551277041435,,,,
,,228,0.07611016184091568,,,,
,,229,0.02092191018164158,,,,
45,,1839,,0.03513258323073387,,,
45,,1839,,,0.846875011920929,0.03457852452993393,0.9937499761581421
46,0.050760697573423386,1840,,,,,
46,0.02556399628520012,1841,,,,,
46,0.027537455782294273,1842,,,,,
46,0.03606196865439415,1843,,,,,
46,0.02393835224211216,1844,,,,,
46,0.02280178666114807,1845,,,,,
46,0.02244981750845909,1846,,,,,
46,0.02664903923869133,1847,,,,,
46,0.03559914976358414,1848,,,,,
46,0.04826277494430542,1849,,,,,
46,0.03109053336083889,1850,,,,,
46,0.02948845364153385,1851,,,,,
46,0.03924259915947914,1852,,,,,
46,0.019190356135368347,1853,,,,,
46,0.0249691903591156,1854,,,,,
46,0.0330105684697628,1855,,,,,
46,0.05408703163266182,1856,,,,,
46,0.0293586328625679,1857,,,,,
46,0.03320964053273201,1858,,,,,
46,0.04009648784995079,1859,,,,,
46,0.03317654877901077,1860,,,,,
46,0.0284226406365633,1861,,,,,
46,0.03687924146652222,1862,,,,,
46,0.035456202924251556,1863,,,,,
46,0.0344327948987484,1864,,,,,
46,0.044059187173843384,1865,,,,,
46,0.037859685719013214,1866,,,,,
46,0.018750421702861786,1867,,,,,
46,0.03307976573705673,1868,,,,,
46,0.030883507803082466,1869,,,,,
46,0.03960639610886574,1870,,,,,
46,0.031643301248550415,1871,,,,,
46,0.026642050594091415,1872,,,,,
46,0.02196206897497177,1873,,,,,
46,0.04343608021736145,1874,,,,,
46,0.029082024469971657,1875,,,,,
46,0.03248181939125061,1876,,,,,
46,0.032434090971946716,1877,,,,,
46,0.04913485795259476,1878,,,,,
46,0.03799883648753166,1879,,,,,
,,230,0.02061813697218895,,,,
,,231,0.04278281703591347,,,,
,,232,0.020156942307949066,,,,
,,233,0.08259646594524384,,,,
,,234,0.01949467323720455,,,,
46,,1879,,0.037129808217287064,,,
46,,1879,,,0.84375,0.03326975181698799,1.0
