80.0-0.02|000100000006000300030001:,0001000000050003027fff
80.0-0.07|000200000006000300030001:,0002000000050003027fff
80.0-0.12|000300000006000300030001:,0003000000050003027f98
80.0-0.13|000400000006000300030001:,0004000000050003027fff
80.0-0.23|000500000006000300030001:,0005000000050003027edc
80.0-0.24|000600000006000300030001:,0006000000050003027fa6
80.0-0.33|000700000006000300030001:,0007000000050003027fc6
80.0-0.38|000800000006000300030001:,0008000000050003027fff
80.0-0.39|000900000006000300030001:,0009000000050003027fff
80.0-0.48|000a00000006000300030001:,000a000000050003027fff
80.0-0.53|000b00000006000300030001:,000b000000050003027fff
80.0-0.58|000c00000006000300030001:,000c000000050003027fff
80.0-0.60|000d00000006000300030001:,000d000000050003027fff
80.0-0.65|000e00000006000300030001:,000e000000050003027fff
80.0-0.70|000f00000006000300030001:,000f000000050003027fff
80.0-0.75|001000000006000300030001:,0010000000050003027fbf
80.0-0.85|001100000006000300030001:,0011000000050003027fe6
80.0-0.86|001200000006000300030001:,0012000000050003027fff
80.0-0.95|001300000006000300030001:,0013000000050003027fbf
80.0-1.00|001400000006000300030001:,0014000000050003027fff
80.0-1.01|001500000006000300030001:,0015000000050003027fff
80.0-1.10|001600000006000300030001:,0016000000050003027edd
80.0-1.12|001700000006000300030001:,0017000000050003027edc
80.0-1.21|001800000006000300030001:,0018000000050003027fff
80.0-1.26|001900000006000300030001:,0019000000050003027fe6
80.0-1.27|001a00000006000300030001:,001a000000050003027fe7
80.0-1.33|001b00000006000300030001:,001b000000050003027fff
80.0-1.38|001c00000006000300030001:,001c000000050003027fff
80.0-1.47|001d00000006000300030001:,001d000000050003027fbe
80.0-1.52|001e00000006000300030001:,001e000000050003027fa1
80.0-1.53|001f00000006000300030001:,001f000000050003027fff
80.0-1.58|002000000006000300030001:,0020000000050003027fc6
80.0-1.67|002100000006000300030001:,0021000000050003027fff
80.0-1.69|002200000006000300030001:,0022000000050003027fff
80.0-1.78|002300000006000300030001:,0023000000050003027fff
80.0-1.79|002400000006000300030001:,0024000000050003027fff
80.0-1.88|002500000006000300030001:,0025000000050003027fe8
80.0-1.89|002600000006000300030001:,0026000000050003027f98
80.0-1.94|002700000006000300030001:,0027000000050003027fff
80.0-1.99|002800000006000300030001:,0028000000050003027fff
80.0-2.08|002900000006000300030001:,0029000000050003027f6b
80.0-2.14|002a00000006000300030001:,002a000000050003027fff
80.0-2.19|002b00000006000300030001:,002b000000050003027fda
80.0-2.20|002c00000006000300030001:,002c000000050003027f46
80.0-2.29|002d00000006000300030001:,002d000000050003027f96
80.0-2.30|002e00000006000300030001:,002e000000050003027fa1
80.0-2.35|002f00000006000300030001:,002f000000050003027fa1
80.0-2.41|003000000006000300030001:,0030000000050003027fff
80.0-2.50|003100000006000300030001:,0031000000050003027fff
80.0-2.55|003200000006000300030001:,0032000000050003027edc
80.0-2.56|003300000006000300030001:,0033000000050003027fff
80.0-2.65|003400000006000300030001:,0034000000050003027f68
80.0-2.70|003500000006000300030001:,0035000000050003027fff
80.0-2.75|003600000006000300030001:,0036000000050003027fc6
80.0-2.76|003700000006000300030001:,0037000000050003027fff
80.0-2.85|003800000006000300030001:,0038000000050003027f96
80.0-2.87|003900000006000300030001:,0039000000050003027fff
80.0-2.96|003a00000006000300030001:,003a000000050003027fff
80.0-2.97|003b00000006000300030001:,003b000000050003027fff
80.0-3.06|003c00000006000300030001:,003c000000050003027f19
80.0-3.07|003d00000006000300030001:,003d000000050003027fbe
80.0-3.12|003e00000006000300030001:,003e000000050003027fff
80.0-3.21|003f00000006000300030001:,003f000000050003027fe1
80.0-3.27|004000000006000300030001:,0040000000050003027fff
80.0-3.32|004100000006000300030001:,0041000000050003027fc6
80.0-3.37|004200000006000300030001:,0042000000050003027fe7
80.0-3.42|004300000006000300030001:,0043000000050003027fc6
80.0-3.47|004400000006000300030001:,0044000000050003027f68
80.0-3.53|004500000006000300030001:,0045000000050003027fff
80.0-3.58|004600000006000300030001:,0046000000050003027fff
80.0-3.59|004700000006000300030001:,0047000000050003027fe7
80.0-3.68|004800000006000300030001:,0048000000050003027fff
80.0-3.73|004900000006000300030001:,0049000000050003027f6b
80.0-3.78|004a00000006000300030001:,004a000000050003027fe7
80.0-3.80|004b00000006000300030001:,004b000000050003027fff
80.0-3.85|004c00000006000300030001:,004c000000050003027fff
80.0-3.90|004d00000006000300030001:,004d000000050003027fff
80.0-3.99|004e00000006000300030001:,004e000000050003027fff
80.0-4.00|004f00000006000300030001:,004f000000050003027f6a
80.0-4.06|005000000006000300030001:,0050000000050003027edc
80.0-4.11|005100000006000300030001:,0051000000050003027fad
80.0-4.20|005200000006000300030001:,0052000000050003027fff
80.0-4.21|005300000006000300030001:,0053000000050003027fff
80.0-4.30|005400000006000300030001:,0054000000050003027fff
80.0-4.35|005500000006000300030001:,0055000000050003027fe7
80.0-4.36|005600000006000300030001:,0056000000050003027fbe
80.0-4.46|005700000006000300030001:,0057000000050003027edd
80.0-4.47|005800000006000300030001:,0058000000050003027fff
80.0-4.56|005900000006000300030001:,0059000000050003027fff
80.0-4.61|005a00000006000300030001:,005a000000050003027f46
80.0-4.62|005b00000006000300030001:,005b000000050003027f96
80.0-4.67|005c00000006000300030001:,005c000000050003027fff
80.0-4.76|005d00000006000300030001:,005d000000050003027fc6
80.0-4.77|005e00000006000300030001:,005e000000050003027fff
80.0-4.86|005f00000006000300030001:,005f000000050003027fff
80.0-4.92|006000000006000300030001:,0060000000050003027f5f
80.0-4.97|006100000006000300030001:,0061000000050003027fff
80.0-4.98|006200000006000300030001:,0062000000050003027f96
80.0-5.03|006300000006000300030001:,0063000000050003027fff
80.0-5.08|006400000006000300030001:,0064000000050003027fff
80.0-5.13|006500000006000300030001:,0065000000050003027fff
80.0-5.18|006600000006000300030001:,0066000000050003027edc
80.0-5.23|006700000006000300030001:,0067000000050003027fe7
80.0-5.33|006800000006000300030001:,0068000000050003027edd
80.0-5.38|006900000006000300030001:,0069000000050003027fc6
80.0-5.39|006a00000006000300030001:,006a000000050003027fff
80.0-5.48|006b00000006000300030001:,006b000000050003027f48
80.0-5.53|006c00000006000300030001:,006c000000050003027fff
80.0-5.58|006d00000006000300030001:,006d000000050003027fff
80.0-5.63|006e00000006000300030001:,006e000000050003027fff
80.0-5.69|006f00000006000300030001:,006f000000050003027fff
80.0-5.70|007000000006000300030001:,0070000000050003027fff
80.0-5.79|007100000006000300030001:,0071000000050003027fff
80.0-5.84|007200000006000300030001:,0072000000050003027fff
80.0-5.85|007300000006000300030001:,0073000000050003027fff
80.0-5.94|007400000006000300030001:,0074000000050003027fff
80.0-5.99|007500000006000300030001:,0075000000050003027fce
80.0-6.05|007600000006000300030001:,0076000000050003027fff
80.0-6.10|007700000006000300030001:,0077000000050003027edc
80.0-6.11|007800000006000300030001:,0078000000050003027fea
80.0-6.20|007900000006000300030001:,0079000000050003027fce
80.0-6.25|007a00000006000300030001:,007a000000050003027fff
80.0-6.30|007b00000006000300030001:,007b000000050003027fc6
80.0-6.31|007c00000006000300030001:,007c000000050003027fe7
80.0-6.36|007d00000006000300030001:,007d000000050003027fe7
80.0-6.42|007e00000006000300030001:,007e000000050003027fff
80.0-6.51|007f00000006000300030001:,007f000000050003027fff
80.0-6.56|008000000006000300030001:,0080000000050003027fff
80.0-6.57|008100000006000300030001:,0081000000050003027fff
80.0-6.66|008200000006000300030001:,0082000000050003027fe6
80.0-6.67|008300000006000300030001:,0083000000050003027fff
80.0-6.72|008400000006000300030001:,0084000000050003027fff
80.0-6.81|008500000006000300030001:,0085000000050003027fff
80.0-6.86|008600000006000300030001:,0086000000050003027fa6
80.0-6.92|008700000006000300030001:,0087000000050003027fc6
80.0-6.93|008800000006000300030001:,0088000000050003027f6a
80.0-6.98|008900000006000300030001:,0089000000050003027f6b
80.0-7.03|008a00000006000300030001:,008a000000050003027fff
80.0-7.12|008b00000006000300030001:,008b000000050003027fff
80.0-7.13|008c00000006000300030001:,008c000000050003027fff
80.0-7.22|008d00000006000300030001:,008d000000050003027fff
80.0-7.24|008e00000006000300030001:,008e000000050003027fff
80.0-7.29|008f00000006000300030001:,008f000000050003027f96
80.0-7.34|009000000006000300030001:,0090000000050003027f6e
80.0-7.43|009100000006000300030001:,0091000000050003027fff
80.0-7.48|009200000006000300030001:,0092000000050003027fff
80.0-7.53|009300000006000300030001:,0093000000050003027fa6
80.0-7.55|009400000006000300030001:,0094000000050003027fff
80.0-7.64|009500000006000300030001:,0095000000050003027fff
80.0-7.65|009600000006000300030001:,0096000000050003027fff
80.0-7.74|009700000006000300030001:,0097000000050003027fff
80.0-7.75|009800000006000300030001:,0098000000050003027f6b
80.0-7.81|009900000006000300030001:,0099000000050003027fe8
80.0-7.86|009a00000006000300030001:,009a000000050003027fce
80.0-7.95|009b00000006000300030001:,009b000000050003027f6b
80.0-8.00|009c00000006000300030001:,009c000000050003027fff
80.0-8.01|009d00000006000300030001:,009d000000050003027fff
80.0-8.06|009e00000006000300030001:,009e000000050003027fff
80.0-8.15|009f00000006000300030001:,009f000000050003027edc
80.0-8.20|00a000000006000300030001:,00a0000000050003027fe6
80.0-8.21|00a100000006000300030001:,00a1000000050003027f96
80.0-8.31|00a200000006000300030001:,00a2000000050003027f6b
80.0-8.32|00a300000006000300030001:,00a3000000050003027fd2
80.0-8.41|00a400000006000300030001:,00a4000000050003027f6b
80.0-8.42|00a500000006000300030001:,00a5000000050003027edd
80.0-8.47|00a600000006000300030001:,00a6000000050003027fff
80.0-8.52|00a700000006000300030001:,00a7000000050003027f91
80.0-8.58|00a800000006000300030001:,00a8000000050003027fe7
80.0-8.67|00a900000006000300030001:,00a9000000050003027fc6
80.0-8.68|00aa00000006000300030001:,00aa000000050003027f96
80.0-8.73|00ab00000006000300030001:,00ab000000050003027f6b
80.0-8.78|00ac00000006000300030001:,00ac000000050003027f49
80.0-8.87|00ad00000006000300030001:,00ad000000050003027f96
80.0-8.88|00ae00000006000300030001:,00ae000000050003027fff
80.0-8.94|00af00000006000300030001:,00af000000050003027fff
80.0-9.03|00b000000006000300030001:,00b0000000050003027f96
80.0-9.08|00b100000006000300030001:,00b1000000050003027fff
80.0-9.13|00b200000006000300030001:,00b2000000050003027f68
80.0-9.14|00b300000006000300030001:,00b3000000050003027f46
80.0-9.20|00b400000006000300030001:,00b4000000050003027f8a
80.0-9.25|00b500000006000300030001:,00b5000000050003027fff
80.0-9.30|00b600000006000300030001:,00b6000000050003027fff
80.0-9.39|00b700000006000300030001:,00b7000000050003027fff
80.0-9.44|00b800000006000300030001:,00b8000000050003027fd4
80.0-9.45|00b900000006000300030001:,00b9000000050003027fff
80.0-9.51|00ba00000006000300030001:,00ba000000050003027f9c
80.0-9.56|00bb00000006000300030001:,00bb000000050003027fff
80.0-9.65|00bc00000006000300030001:,00bc000000050003027fff
80.0-9.66|00bd00000006000300030001:,00bd000000050003027f46
80.0-9.75|00be00000006000300030001:,00be000000050003027f96
80.0-9.80|00bf00000006000300030001:,00bf000000050003027fff
80.0-9.85|00c000000006000300030001:,00c0000000050003027fff
80.0-9.91|00c100000006000300030001:,00c1000000050003027fac
80.0-9.96|00c200000006000300030001:,00c2000000050003027f6b
80.0-10.01|00c300000006000300030001:,00c3000000050003027fff
80.0-10.02|00c400000006000300030001:,00c4000000050003027fff
80.0-10.11|00c500000006000300030001:,00c5000000050003027f96
80.0-10.12|00c600000006000300030001:,00c6000000050003027fe7
80.0-10.17|00c700000006000300030001:,00c7000000050003027f6b
80.0-10.22|00c800000006000300030001:,00c8000000050003027fff
80.0-10.32|00c900000006000300030001:,00c9000000050003027fbe
80.0-10.33|00ca00000006000300030001:,00ca000000050003027fba
80.0-10.42|00cb00000006000300030001:,00cb000000050003027fff
80.0-10.47|00cc00000006000300030001:,00cc000000050003027fff
80.0-10.48|00cd00000006000300030001:,00cd000000050003027fff
80.0-10.53|00ce00000006000300030001:,00ce000000050003027fff
80.0-10.58|00cf00000006000300030001:,00cf000000050003027fff
80.0-10.64|00d000000006000300030001:,00d0000000050003027fff
80.0-10.73|00d100000006000300030001:,00d1000000050003027ff6
80.0-10.74|00d200000006000300030001:,00d2000000050003027f6b
80.0-10.83|00d300000006000300030001:,00d3000000050003027ff6
80.0-10.88|00d400000006000300030001:,00d4000000050003027fff
80.0-10.89|00d500000006000300030001:,00d5000000050003027f98
80.0-10.98|00d600000006000300030001:,00d6000000050003027f98
80.0-10.99|00d700000006000300030001:,00d7000000050003027fff
80.0-11.09|00d800000006000300030001:,00d8000000050003027fa6
80.0-11.14|00d900000006000300030001:,00d9000000050003027fff
80.0-11.15|00da00000006000300030001:,00da000000050003027f46
80.0-11.20|00db00000006000300030001:,00db000000050003027fff
80.0-11.29|00dc00000006000300030001:,00dc000000050003027ff9
80.0-11.30|00dd00000006000300030001:,00dd000000050003027fff
80.0-11.39|00de00000006000300030001:,00de000000050003027f46
80.0-11.40|00df00000006000300030001:,00df000000050003027fe6
80.0-11.50|00e000000006000300030001:,00e0000000050003027f96
80.0-11.51|00e100000006000300030001:,00e1000000050003027fff
80.0-11.60|00e200000006000300030001:,00e2000000050003027fb2
80.0-11.65|00e300000006000300030001:,00e3000000050003027fff
80.0-11.70|00e400000006000300030001:,00e4000000050003027fff
80.0-11.75|00e500000006000300030001:,00e5000000050003027fff
80.0-11.77|00e600000006000300030001:,00e6000000050003027fbf
80.0-11.82|00e700000006000300030001:,00e7000000050003027fff
80.0-11.87|00e800000006000300030001:,00e8000000050003027f96
80.0-11.96|00e900000006000300030001:,00e9000000050003027fff
80.0-12.01|00ea00000006000300030001:,00ea000000050003027f6b
80.0-12.06|00eb00000006000300030001:,00eb000000050003027fff
80.0-12.07|00ec00000006000300030001:,00ec000000050003027f98
80.0-12.17|00ed00000006000300030001:,00ed000000050003027f96
80.0-12.18|00ee00000006000300030001:,00ee000000050003027fa8
80.0-12.23|00ef00000006000300030001:,00ef000000050003027fff
80.0-12.32|00f000000006000300030001:,00f0000000050003027fff
80.0-12.37|00f100000006000300030001:,00f1000000050003027fff
80.0-12.42|00f200000006000300030001:,00f2000000050003027f46
80.0-12.48|00f300000006000300030001:,00f3000000050003027fff
80.0-12.53|00f400000006000300030001:,00f4000000050003027fc6
80.0-12.58|00f500000006000300030001:,00f5000000050003027fff
80.0-12.59|00f600000006000300030001:,00f6000000050003027fff
80.0-12.68|00f700000006000300030001:,00f7000000050003027fe6
80.0-12.73|00f800000006000300030001:,00f8000000050003027edd
80.0-12.78|00f900000006000300030001:,00f9000000050003027edf
80.0-12.83|00fa00000006000300030001:,00fa000000050003027fe6
80.0-12.89|00fb00000006000300030001:,00fb000000050003027fff
80.0-12.94|00fc00000006000300030001:,00fc000000050003027fda
80.0-12.95|00fd00000006000300030001:,00fd000000050003027fff
80.0-13.04|00fe00000006000300030001:,00fe000000050003027fff
80.0-13.09|00ff00000006000300030001:,00ff000000050003027f46
80.0-13.10|010000000006000300030001:,0100000000050003027f96
80.0-13.19|010100000006000300030001:,0101000000050003027f91
80.0-13.21|010200000006000300030001:,0102000000050003027fc6
80.0-13.30|010300000006000300030001:,0103000000050003027f46
80.0-13.31|010400000006000300030001:,0104000000050003027fff
80.0-13.40|010500000006000300030001:,0105000000050003027f6a
80.0-13.41|010600000006000300030001:,0106000000050003027fff
80.0-13.46|010700000006000300030001:,0107000000050003027fff
80.0-13.51|010800000006000300030001:,0108000000050003027f46
80.0-13.56|010900000006000300030001:,0109000000050003027fc6
80.0-13.66|010a00000006000300030001:,010a000000050003027fd2
80.0-13.67|010b00000006000300030001:,010b000000050003027fff
80.0-13.76|010c00000006000300030001:,010c000000050003027fff
80.0-13.81|010d00000006000300030001:,010d000000050003027fff
80.0-13.86|010e00000006000300030001:,010e000000050003027fff
80.0-13.87|010f00000006000300030001:,010f000000050003027edc
80.0-13.92|011000000006000300030001:,0110000000050003027fff
80.0-14.01|011100000006000300030001:,0111000000050003027fce
80.0-14.06|011200000006000300030001:,0112000000050003027f6b
80.0-14.08|011300000006000300030001:,0113000000050003027edc
80.0-14.17|011400000006000300030001:,0114000000050003027edc
80.0-14.18|011500000006000300030001:,0115000000050003027edc
80.0-14.27|011600000006000300030001:,0116000000050003027fce
80.0-14.28|011700000006000300030001:,0117000000050003027f96
80.0-14.33|011800000006000300030001:,0118000000050003027fff
80.0-14.38|011900000006000300030001:,0119000000050003027fce
80.0-14.44|011a00000006000300030001:,011a000000050003027fce
80.0-14.53|011b00000006000300030001:,011b000000050003027fff
80.0-14.58|011c00000006000300030001:,011c000000050003027fbe
80.0-14.63|011d00000006000300030001:,011d000000050003027f96
80.0-14.68|011e00000006000300030001:,011e000000050003027f96
80.0-14.69|011f00000006000300030001:,011f000000050003027fff
80.0-14.75|012000000006000300030001:,0120000000050003027fff
80.0-14.80|012100000006000300030001:,0121000000050003027fff
80.0-14.89|012200000006000300030001:,0122000000050003027f6b
80.0-14.90|012300000006000300030001:,0123000000050003027fff
80.0-14.95|012400000006000300030001:,0124000000050003027f68
80.0-15.04|012500000006000300030001:,0125000000050003027fda
80.0-15.06|012600000006000300030001:,0126000000050003027f9a
80.0-15.11|012700000006000300030001:,0127000000050003027edc
80.0-15.20|012800000006000300030001:,0128000000050003027fff
80.0-15.21|012900000006000300030001:,0129000000050003027fff
80.0-15.30|012a00000006000300030001:,012a000000050003027fc6
80.0-15.35|012b00000006000300030001:,012b000000050003027fff
80.0-15.36|012c00000006000300030001:,012c000000050003027fff
80.0-15.45|012d00000006000300030001:,012d000000050003027edf
80.0-15.47|012e00000006000300030001:,012e000000050003027fce
80.0-15.56|012f00000006000300030001:,012f000000050003027fff
80.0-15.61|013000000006000300030001:,0130000000050003027f9c
80.0-15.62|013100000006000300030001:,0131000000050003027fff
80.0-15.67|013200000006000300030001:,0132000000050003027fff
80.0-15.76|013300000006000300030001:,0133000000050003027fff
80.0-15.82|013400000006000300030001:,0134000000050003027fff
80.0-15.87|013500000006000300030001:,0135000000050003027fff
80.0-15.92|013600000006000300030001:,0136000000050003027fa4
80.0-15.97|013700000006000300030001:,0137000000050003027f46
80.0-15.98|013800000006000300030001:,0138000000050003027f96
80.0-16.03|013900000006000300030001:,0139000000050003027fff
80.0-16.12|013a00000006000300030001:,013a000000050003027f96
80.0-16.18|013b00000006000300030001:,013b000000050003027edf
80.0-16.19|013c00000006000300030001:,013c000000050003027fe6
80.0-16.28|013d00000006000300030001:,013d000000050003027fce
80.0-16.29|013e00000006000300030001:,013e000000050003027f96
80.0-16.38|013f00000006000300030001:,013f000000050003027fff
80.0-16.43|014000000006000300030001:,0140000000050003027edc
80.0-16.48|014100000006000300030001:,0141000000050003027f96
80.0-16.54|014200000006000300030001:,0142000000050003027f6b
80.0-16.59|014300000006000300030001:,0143000000050003027fad
80.0-16.64|014400000006000300030001:,0144000000050003027f6a
80.0-16.65|014500000006000300030001:,0145000000050003027fff
80.0-16.70|014600000006000300030001:,0146000000050003027f96
80.0-16.75|014700000006000300030001:,0147000000050003027f96
80.0-16.84|014800000006000300030001:,0148000000050003027edf
80.0-16.85|014900000006000300030001:,0149000000050003027fad
80.0-16.95|014a00000006000300030001:,014a000000050003027fce
80.0-17.00|014b00000006000300030001:,014b000000050003027fff
80.0-17.01|014c00000006000300030001:,014c000000050003027f6b
80.0-17.10|014d00000006000300030001:,014d000000050003027fff
80.0-17.15|014e00000006000300030001:,014e000000050003027f8a
80.0-17.20|014f00000006000300030001:,014f000000050003027edc
80.0-17.21|015000000006000300030001:,0150000000050003027fff
80.0-17.31|015100000006000300030001:,0151000000050003027fff
80.0-17.32|015200000006000300030001:,0152000000050003027fff
80.0-17.41|015300000006000300030001:,0153000000050003027fff
80.0-17.46|015400000006000300030001:,0154000000050003027edd
80.0-17.47|015500000006000300030001:,0155000000050003027f96
80.0-17.56|015600000006000300030001:,0156000000050003027fff
80.0-17.57|015700000006000300030001:,0157000000050003027fff
80.0-17.63|015800000006000300030001:,0158000000050003027f6b
80.0-17.72|015900000006000300030001:,0159000000050003027f68
80.0-17.77|015a00000006000300030001:,015a000000050003027fff
80.0-17.82|015b00000006000300030001:,015b000000050003027fff
80.0-17.87|015c00000006000300030001:,015c000000050003027fff
80.0-17.88|015d00000006000300030001:,015d000000050003027fff
80.0-17.93|015e00000006000300030001:,015e000000050003027fd0
80.0-18.02|015f00000006000300030001:,015f000000050003027f8b
80.0-18.07|016000000006000300030001:,0160000000050003027fff
80.0-18.09|016100000006000300030001:,0161000000050003027fe7
80.0-18.14|016200000006000300030001:,0162000000050003027fff
80.0-18.23|016300000006000300030001:,0163000000050003027f96
80.0-18.28|016400000006000300030001:,0164000000050003027f01
80.0-18.33|016500000006000300030001:,0165000000050003027fff
80.0-18.34|016600000006000300030001:,0166000000050003027fc6
80.0-18.44|016700000006000300030001:,0167000000050003027fff
80.0-18.45|016800000006000300030001:,0168000000050003027fff
80.0-18.54|016900000006000300030001:,0169000000050003027fce
80.0-18.55|016a00000006000300030001:,016a000000050003027fe7
80.0-18.64|016b00000006000300030001:,016b000000050003027fff
80.0-18.69|016c00000006000300030001:,016c000000050003027fff
80.0-18.70|016d00000006000300030001:,016d000000050003027fff
80.0-18.76|016e00000006000300030001:,016e000000050003027fff
80.0-18.81|016f00000006000300030001:,016f000000050003027fff
80.0-18.90|017000000006000300030001:,0170000000050003027ff6
80.0-18.95|017100000006000300030001:,0171000000050003027fff
80.0-18.96|017200000006000300030001:,0172000000050003027f6b
80.0-19.02|017300000006000300030001:,0173000000050003027f96
80.0-19.11|017400000006000300030001:,0174000000050003027f6b
80.0-19.12|017500000006000300030001:,0175000000050003027fce
80.0-19.21|017600000006000300030001:,0176000000050003027fce
80.0-19.22|017700000006000300030001:,0177000000050003027fff
80.0-19.31|017800000006000300030001:,0178000000050003027fff
80.0-19.33|017900000006000300030001:,0179000000050003027fff
80.0-19.42|017a00000006000300030001:,017a000000050003027fda
80.0-19.47|017b00000006000300030001:,017b000000050003027fe6
80.0-19.52|017c00000006000300030001:,017c000000050003027fff
80.0-19.57|017d00000006000300030001:,017d000000050003027fff
80.0-19.58|017e00000006000300030001:,017e000000050003027fff
80.0-19.63|017f00000006000300030001:,017f000000050003027fff
80.0-19.69|018000000006000300030001:,0180000000050003027fd6
80.0-19.78|018100000006000300030001:,0181000000050003027f6b
80.0-19.83|018200000006000300030001:,0182000000050003027f6b
80.0-19.84|018300000006000300030001:,0183000000050003027fc6
80.0-19.89|018400000006000300030001:,0184000000050003027fff
80.0-19.98|018500000006000300030001:,0185000000050003027fce
70.0-20.02|018700000006000300030001:,0187000000050003027fff
70.0-20.07|018800000006000300030001:,0188000000050003027f4d
70.0-20.17|018900000006000300030001:,0189000000050003027fe7
70.0-20.22|018a00000006000300030001:,018a000000050003027fbf
70.0-20.23|018b00000006000300030001:,018b000000050003027fff
70.0-20.32|018c00000006000300030001:,018c000000050003027f98
70.0-20.37|018d00000006000300030001:,018d000000050003027fff
70.0-20.38|018e00000006000300030001:,018e000000050003027fff
70.0-20.47|018f00000006000300030001:,018f000000050003027f6b
70.0-20.53|019000000006000300030001:,0190000000050003027ed0
70.0-20.58|019100000006000300030001:,0191000000050003027edc
70.0-20.59|019200000006000300030001:,0192000000050003027fa6
70.0-20.68|019300000006000300030001:,0193000000050003027f68
70.0-20.73|019400000006000300030001:,0194000000050003027fba
70.0-20.78|019500000006000300030001:,0195000000050003027f6b
70.0-20.83|019600000006000300030001:,0196000000050003027fb8
70.0-20.88|019700000006000300030001:,0197000000050003027f6b
70.0-20.93|019800000006000300030001:,0198000000050003027f46
70.0-20.99|019900000006000300030001:,0199000000050003027f6e
70.0-21.00|019a00000006000300030001:,019a000000050003027fdb
70.0-21.05|019b00000006000300030001:,019b000000050003027edc
70.0-21.10|019c00000006000300030001:,019c000000050003027fff
70.0-21.19|019d00000006000300030001:,019d000000050003027ede
70.0-21.24|019e00000006000300030001:,019e000000050003027fff
70.0-21.25|019f00000006000300030001:,019f000000050003027fff
70.0-21.35|01a000000006000300030001:,01a0000000050003027edc
70.0-21.36|01a100000006000300030001:,01a1000000050003027fe7
70.0-21.45|01a200000006000300030001:,01a2000000050003027f6b
70.0-21.46|01a300000006000300030001:,01a3000000050003027fff
70.0-21.51|01a400000006000300030001:,01a4000000050003027f97
70.0-21.60|01a500000006000300030001:,01a5000000050003027fff
70.0-21.65|01a600000006000300030001:,01a6000000050003027fbe
70.0-21.70|01a700000006000300030001:,01a7000000050003027fff
70.0-21.71|01a800000006000300030001:,01a8000000050003027ef6
70.0-21.77|01a900000006000300030001:,01a9000000050003027f6b
70.0-21.86|01aa00000006000300030001:,01aa000000050003027fff
70.0-21.91|01ab00000006000300030001:,01ab000000050003027efa
70.0-21.96|01ac00000006000300030001:,01ac000000050003027fff
70.0-21.97|01ad00000006000300030001:,01ad000000050003027fff
70.0-22.02|01ae00000006000300030001:,01ae000000050003027fff
70.0-22.07|01af00000006000300030001:,01af000000050003027fff
70.0-22.16|01b000000006000300030001:,01b0000000050003027fe6
70.0-22.22|01b100000006000300030001:,01b1000000050003027fff
70.0-22.23|01b200000006000300030001:,01b2000000050003027f46
70.0-22.28|01b300000006000300030001:,01b3000000050003027edf
70.0-22.33|01b400000006000300030001:,01b4000000050003027fff
70.0-22.38|01b500000006000300030001:,01b5000000050003027f6a
70.0-22.43|01b600000006000300030001:,01b6000000050003027fff
70.0-22.53|01b700000006000300030001:,01b7000000050003027e8d
70.0-22.54|01b800000006000300030001:,01b8000000050003027f46
70.0-22.63|01b900000006000300030001:,01b9000000050003027fff
70.0-22.64|01ba00000006000300030001:,01ba000000050003027fda
70.0-22.73|01bb00000006000300030001:,01bb000000050003027edc
70.0-22.74|01bc00000006000300030001:,01bc000000050003027ef6
70.0-22.79|01bd00000006000300030001:,01bd000000050003027f96
70.0-22.85|01be00000006000300030001:,01be000000050003027f8a
70.0-22.94|01bf00000006000300030001:,01bf000000050003027f6e
70.0-22.99|01c000000006000300030001:,01c0000000050003027fe6
70.0-23.00|01c100000006000300030001:,01c1000000050003027fff
70.0-23.09|01c200000006000300030001:,01c2000000050003027fb2
70.0-23.14|01c300000006000300030001:,01c3000000050003027fff
70.0-23.19|01c400000006000300030001:,01c4000000050003027edc
70.0-23.24|01c500000006000300030001:,01c5000000050003027fff
70.0-23.26|01c600000006000300030001:,01c6000000050003027f8a
70.0-23.31|01c700000006000300030001:,01c7000000050003027edc
70.0-23.36|01c800000006000300030001:,01c8000000050003027fdb
70.0-23.41|01c900000006000300030001:,01c9000000050003027fa6
70.0-23.50|01ca00000006000300030001:,01ca000000050003027fff
70.0-23.51|01cb00000006000300030001:,01cb000000050003027fff
70.0-23.56|01cc00000006000300030001:,01cc000000050003027fff
70.0-23.65|01cd00000006000300030001:,01cd000000050003027fff
70.0-23.67|01ce00000006000300030001:,01ce000000050003027fff
70.0-23.72|01cf00000006000300030001:,01cf000000050003027f96
70.0-23.77|01d000000006000300030001:,01d0000000050003027fff
70.0-23.86|01d100000006000300030001:,01d1000000050003027fff
70.0-23.87|01d200000006000300030001:,01d2000000050003027fff
70.0-23.96|01d300000006000300030001:,01d3000000050003027edc
70.0-24.01|01d400000006000300030001:,01d4000000050003027f68
70.0-24.03|01d500000006000300030001:,01d5000000050003027ef4
70.0-24.08|01d600000006000300030001:,01d6000000050003027fa6
70.0-24.13|01d700000006000300030001:,01d7000000050003027fff
70.0-24.18|01d800000006000300030001:,01d8000000050003027f46
70.0-24.27|01d900000006000300030001:,01d9000000050003027f6b
70.0-24.28|01da00000006000300030001:,01da000000050003027edc
70.0-24.33|01db00000006000300030001:,01db000000050003027fff
70.0-24.38|01dc00000006000300030001:,01dc000000050003027f6e
70.0-24.44|01dd00000006000300030001:,01dd000000050003027edd
70.0-24.53|01de00000006000300030001:,01de000000050003027ede
70.0-24.54|01df00000006000300030001:,01df000000050003027fff
70.0-24.63|01e000000006000300030001:,01e0000000050003027fff
70.0-24.64|01e100000006000300030001:,01e1000000050003027f8b
70.0-24.73|01e200000006000300030001:,01e2000000050003027fff
70.0-24.74|01e300000006000300030001:,01e3000000050003027fa3
70.0-24.79|01e400000006000300030001:,01e4000000050003027fff
70.0-24.89|01e500000006000300030001:,01e5000000050003027f8a
70.0-24.90|01e600000006000300030001:,01e6000000050003027f46
70.0-24.99|01e700000006000300030001:,01e7000000050003027fff
70.0-25.04|01e800000006000300030001:,01e8000000050003027f9c
70.0-25.09|01e900000006000300030001:,01e9000000050003027f8a
70.0-25.10|01ea00000006000300030001:,01ea000000050003027fff
70.0-25.19|01eb00000006000300030001:,01eb000000050003027ede
70.0-25.20|01ec00000006000300030001:,01ec000000050003027fff
70.0-25.30|01ed00000006000300030001:,01ed000000050003027fff
70.0-25.31|01ee00000006000300030001:,01ee000000050003027fce
70.0-25.40|01ef00000006000300030001:,01ef000000050003027fff
70.0-25.45|01f000000006000300030001:,01f0000000050003027fff
70.0-25.50|01f100000006000300030001:,01f1000000050003027f89
70.0-25.55|01f200000006000300030001:,01f2000000050003027eff
70.0-25.61|01f300000006000300030001:,01f3000000050003027f96
70.0-25.62|01f400000006000300030001:,01f4000000050003027f96
70.0-25.71|01f500000006000300030001:,01f5000000050003027f6e
70.0-25.72|01f600000006000300030001:,01f6000000050003027f98
70.0-25.77|01f700000006000300030001:,01f7000000050003027fe7
70.0-25.82|01f800000006000300030001:,01f8000000050003027fb8
70.0-25.87|01f900000006000300030001:,01f9000000050003027f6b
70.0-25.96|01fa00000006000300030001:,01fa000000050003027fff
70.0-26.01|01fb00000006000300030001:,01fb000000050003027fff
70.0-26.07|01fc00000006000300030001:,01fc000000050003027f98
70.0-26.12|01fd00000006000300030001:,01fd000000050003027edc
70.0-26.17|01fe00000006000300030001:,01fe000000050003027f96
70.0-26.22|01ff00000006000300030001:,01ff000000050003027fff
70.0-26.27|020000000006000300030001:,0200000000050003027fff
70.0-26.32|020100000006000300030001:,0201000000050003027fff
70.0-26.33|020200000006000300030001:,0202000000050003027f96
70.0-26.43|020300000006000300030001:,0203000000050003027fff
70.0-26.48|020400000006000300030001:,0204000000050003027fc6
70.0-26.53|020500000006000300030001:,0205000000050003027fba
70.0-26.54|020600000006000300030001:,0206000000050003027fff
70.0-26.59|020700000006000300030001:,0207000000050003027f98
70.0-26.68|020800000006000300030001:,0208000000050003027fa6
70.0-26.69|020900000006000300030001:,0209000000050003027fff
70.0-26.78|020a00000006000300030001:,020a000000050003027f6b
70.0-26.84|020b00000006000300030001:,020b000000050003027fff
70.0-26.89|020c00000006000300030001:,020c000000050003027f89
70.0-26.90|020d00000006000300030001:,020d000000050003027fff
70.0-26.95|020e00000006000300030001:,020e000000050003027fc6
70.0-27.04|020f00000006000300030001:,020f000000050003027f96
70.0-27.05|021000000006000300030001:,0210000000050003027f6e
70.0-27.10|021100000006000300030001:,0211000000050003027fff
70.0-27.20|021200000006000300030001:,0212000000050003027f8c
70.0-27.25|021300000006000300030001:,0213000000050003027edc
70.0-27.26|021400000006000300030001:,0214000000050003027f98
70.0-27.31|021500000006000300030001:,0215000000050003027edc
70.0-27.36|021600000006000300030001:,0216000000050003027f96
70.0-27.41|021700000006000300030001:,0217000000050003027f6a
70.0-27.50|021800000006000300030001:,0218000000050003027fff
70.0-27.55|021900000006000300030001:,0219000000050003027fff
70.0-27.57|021a00000006000300030001:,021a000000050003027fff
70.0-27.62|021b00000006000300030001:,021b000000050003027f98
70.0-27.71|021c00000006000300030001:,021c000000050003027f8a
70.0-27.72|021d00000006000300030001:,021d000000050003027f46
70.0-27.77|021e00000006000300030001:,021e000000050003027fff
70.0-27.82|021f00000006000300030001:,021f000000050003027f96
70.0-27.91|022000000006000300030001:,0220000000050003027f96
70.0-27.93|022100000006000300030001:,0221000000050003027f96
70.0-28.02|022200000006000300030001:,0222000000050003027f4d
70.0-28.07|022300000006000300030001:,0223000000050003027fc6
70.0-28.12|022400000006000300030001:,0224000000050003027f96
70.0-28.17|022500000006000300030001:,0225000000050003027fff
70.0-28.18|022600000006000300030001:,0226000000050003027fe6
70.0-28.28|022700000006000300030001:,0227000000050003027f4d
70.0-28.29|022800000006000300030001:,0228000000050003027edc
70.0-28.38|022900000006000300030001:,0229000000050003027fa6
70.0-28.39|022a00000006000300030001:,022a000000050003027fff
70.0-28.44|022b00000006000300030001:,022b000000050003027f46
70.0-28.54|022c00000006000300030001:,022c000000050003027f19
70.0-28.55|022d00000006000300030001:,022d000000050003027fff
70.0-28.64|022e00000006000300030001:,022e000000050003027f6b
70.0-28.69|022f00000006000300030001:,022f000000050003027fff
70.0-28.74|023000000006000300030001:,0230000000050003027fff
70.0-28.75|023100000006000300030001:,0231000000050003027fff
70.0-28.84|023200000006000300030001:,0232000000050003027fff
70.0-28.85|023300000006000300030001:,0233000000050003027fff
70.0-28.90|023400000006000300030001:,0234000000050003027fff
70.0-28.95|023500000006000300030001:,0235000000050003027f89
70.0-29.05|023600000006000300030001:,0236000000050003027fff
70.0-29.10|023700000006000300030001:,0237000000050003027f4d
70.0-29.15|023800000006000300030001:,0238000000050003027edf
70.0-29.16|023900000006000300030001:,0239000000050003027fff
70.0-29.21|023a00000006000300030001:,023a000000050003027f96
70.0-29.30|023b00000006000300030001:,023b000000050003027edd
70.0-29.31|023c00000006000300030001:,023c000000050003027f96
70.0-29.36|023d00000006000300030001:,023d000000050003027f46
70.0-29.42|023e00000006000300030001:,023e000000050003027fff
70.0-29.51|023f00000006000300030001:,023f000000050003027fff
70.0-29.52|024000000006000300030001:,0240000000050003027fff
70.0-29.61|024100000006000300030001:,0241000000050003027fff
70.0-29.66|024200000006000300030001:,0242000000050003027fd6
70.0-29.71|024300000006000300030001:,0243000000050003027f6a
70.0-29.76|024400000006000300030001:,0244000000050003027fda
70.0-29.82|024500000006000300030001:,0245000000050003027f96
70.0-29.87|024600000006000300030001:,0246000000050003027f8c
70.0-29.88|024700000006000300030001:,0247000000050003027fff
70.0-29.93|024800000006000300030001:,0248000000050003027f96
70.0-29.98|024900000006000300030001:,0249000000050003027fff
70.0-30.07|024a00000006000300030001:,024a000000050003027f89
70.0-30.12|024b00000006000300030001:,024b000000050003027fff
70.0-30.14|024c00000006000300030001:,024c000000050003027f8a
70.0-30.19|024d00000006000300030001:,024d000000050003027f9c
70.0-30.28|024e00000006000300030001:,024e000000050003027f96
70.0-30.33|024f00000006000300030001:,024f000000050003027f96
70.0-30.38|025000000006000300030001:,0250000000050003027fff
70.0-30.43|025100000006000300030001:,0251000000050003027f46
70.0-30.48|025200000006000300030001:,0252000000050003027fff
70.0-30.54|025300000006000300030001:,0253000000050003027fff
70.0-30.55|025400000006000300030001:,0254000000050003027fff
70.0-30.60|025500000006000300030001:,0255000000050003027edc
70.0-30.65|025600000006000300030001:,0256000000050003027fff
70.0-30.74|025700000006000300030001:,0257000000050003027f6a
70.0-30.79|025800000006000300030001:,0258000000050003027fa6
70.0-30.80|025900000006000300030001:,0259000000050003027fff
70.0-30.89|025a00000006000300030001:,025a000000050003027fff
70.0-30.95|025b00000006000300030001:,025b000000050003027fff
70.0-30.96|025c00000006000300030001:,025c000000050003027fff
70.0-31.01|025d00000006000300030001:,025d000000050003027fe6
70.0-31.06|025e00000006000300030001:,025e000000050003027f6a
70.0-31.15|025f00000006000300030001:,025f000000050003027fff
70.0-31.20|026000000006000300030001:,0260000000050003027fff
70.0-31.25|026100000006000300030001:,0261000000050003027f96
70.0-31.26|026200000006000300030001:,0262000000050003027fc6
70.0-31.36|026300000006000300030001:,0263000000050003027fff
70.0-31.37|026400000006000300030001:,0264000000050003027f8a
70.0-31.42|026500000006000300030001:,0265000000050003027f96
70.0-31.51|026600000006000300030001:,0266000000050003027fa1
70.0-31.52|026700000006000300030001:,0267000000050003027fff
70.0-31.57|026800000006000300030001:,0268000000050003027fff
70.0-31.62|026900000006000300030001:,0269000000050003027fc6
70.0-31.68|026a00000006000300030001:,026a000000050003027fff
70.0-31.73|026b00000006000300030001:,026b000000050003027fff
70.0-31.78|026c00000006000300030001:,026c000000050003027f96
70.0-31.87|026d00000006000300030001:,026d000000050003027fa1
70.0-31.88|026e00000006000300030001:,026e000000050003027f96
70.0-31.93|026f00000006000300030001:,026f000000050003027fff
70.0-32.02|027000000006000300030001:,0270000000050003027f9c
70.0-32.08|027100000006000300030001:,0271000000050003027fa8
70.0-32.09|027200000006000300030001:,0272000000050003027fff
70.0-32.18|027300000006000300030001:,0273000000050003027edf
70.0-32.19|027400000006000300030001:,0274000000050003027f9a
70.0-32.28|027500000006000300030001:,0275000000050003027fff
70.0-32.30|027600000006000300030001:,0276000000050003027fff
70.0-32.39|027700000006000300030001:,0277000000050003027fff
70.0-32.44|027800000006000300030001:,0278000000050003027f19
70.0-32.49|027900000006000300030001:,0279000000050003027fce
70.0-32.54|027a00000006000300030001:,027a000000050003027fff
70.0-32.56|027b00000006000300030001:,027b000000050003027fc6
70.0-32.61|027c00000006000300030001:,027c000000050003027fff
70.0-32.70|027d00000006000300030001:,027d000000050003027fff
70.0-32.75|027e00000006000300030001:,027e000000050003027f96
70.0-32.76|027f00000006000300030001:,027f000000050003027fff
70.0-32.81|028000000006000300030001:,0280000000050003027f96
70.0-32.90|028100000006000300030001:,0281000000050003027f96
70.0-32.96|028200000006000300030001:,0282000000050003027f96
70.0-33.01|028300000006000300030001:,0283000000050003027fff
70.0-33.06|028400000006000300030001:,0284000000050003027fc6
70.0-33.11|028500000006000300030001:,0285000000050003027fa1
70.0-33.16|028600000006000300030001:,0286000000050003027fc6
70.0-33.17|028700000006000300030001:,0287000000050003027f6b
70.0-33.26|028800000006000300030001:,0288000000050003027f46
70.0-33.28|028900000006000300030001:,0289000000050003027fff
70.0-33.37|028a00000006000300030001:,028a000000050003027f96
70.0-33.42|028b00000006000300030001:,028b000000050003027fff
70.0-33.43|028c00000006000300030001:,028c000000050003027f46
70.0-33.48|028d00000006000300030001:,028d000000050003027fff
70.0-33.53|028e00000006000300030001:,028e000000050003027fff
70.0-33.58|028f00000006000300030001:,028f000000050003027fff
70.0-33.64|029000000006000300030001:,0290000000050003027fff
70.0-33.73|029100000006000300030001:,0291000000050003027ed0
70.0-33.74|029200000006000300030001:,0292000000050003027edf
70.0-33.83|029300000006000300030001:,0293000000050003027fff
70.0-33.84|029400000006000300030001:,0294000000050003027edc
70.0-33.93|029500000006000300030001:,0295000000050003027f4c
70.0-33.94|029600000006000300030001:,0296000000050003027f14
70.0-34.00|029700000006000300030001:,0297000000050003027f6a
70.0-34.09|029800000006000300030001:,0298000000050003027f46
70.0-34.10|029900000006000300030001:,0299000000050003027ed0
70.0-34.15|029a00000006000300030001:,029a000000050003027fe7
70.0-34.24|029b00000006000300030001:,029b000000050003027f46
70.0-34.25|029c00000006000300030001:,029c000000050003027f8a
70.0-34.34|029d00000006000300030001:,029d000000050003027fff
70.0-34.40|029e00000006000300030001:,029e000000050003027fff
70.0-34.45|029f00000006000300030001:,029f000000050003027fff
70.0-34.50|02a000000006000300030001:,02a0000000050003027fff
70.0-34.51|02a100000006000300030001:,02a1000000050003027f2d
70.0-34.60|02a200000006000300030001:,02a2000000050003027f96
70.0-34.65|02a300000006000300030001:,02a3000000050003027f6b
70.0-34.70|02a400000006000300030001:,02a4000000050003027f68
70.0-34.72|02a500000006000300030001:,02a5000000050003027f96
70.0-34.77|02a600000006000300030001:,02a6000000050003027fff
70.0-34.86|02a700000006000300030001:,02a7000000050003027fff
70.0-34.91|02a800000006000300030001:,02a8000000050003027fb9
70.0-34.92|02a900000006000300030001:,02a9000000050003027f46
70.0-34.97|02aa00000006000300030001:,02aa000000050003027fff
70.0-35.02|02ab00000006000300030001:,02ab000000050003027f96
70.0-35.07|02ac00000006000300030001:,02ac000000050003027fb9
70.0-35.17|02ad00000006000300030001:,02ad000000050003027f68
70.0-35.18|02ae00000006000300030001:,02ae000000050003027f9c
70.0-35.27|02af00000006000300030001:,02af000000050003027f4d
70.0-35.32|02b000000006000300030001:,02b0000000050003027fff
70.0-35.37|02b100000006000300030001:,02b1000000050003027fff
70.0-35.42|02b200000006000300030001:,02b2000000050003027f8a
70.0-35.47|02b300000006000300030001:,02b3000000050003027fc6
70.0-35.52|02b400000006000300030001:,02b4000000050003027fff
70.0-35.58|02b500000006000300030001:,02b5000000050003027fc6
70.0-35.63|02b600000006000300030001:,02b6000000050003027fff
70.0-35.68|02b700000006000300030001:,02b7000000050003027fa4
70.0-35.73|02b800000006000300030001:,02b8000000050003027f96
70.0-35.74|02b900000006000300030001:,02b9000000050003027f68
70.0-35.83|02ba00000006000300030001:,02ba000000050003027edd
70.0-35.85|02bb00000006000300030001:,02bb000000050003027fc6
70.0-35.94|02bc00000006000300030001:,02bc000000050003027fff
70.0-35.95|02bd00000006000300030001:,02bd000000050003027fff
70.0-36.04|02be00000006000300030001:,02be000000050003027fff
70.0-36.09|02bf00000006000300030001:,02bf000000050003027f46
70.0-36.14|02c000000006000300030001:,02c0000000050003027f96
70.0-36.16|02c100000006000300030001:,02c1000000050003027fff
70.0-36.21|02c200000006000300030001:,02c2000000050003027f46
70.0-36.30|02c300000006000300030001:,02c3000000050003027f19
70.0-36.31|02c400000006000300030001:,02c4000000050003027f1a
70.0-36.40|02c500000006000300030001:,02c5000000050003027f96
70.0-36.45|02c600000006000300030001:,02c6000000050003027fa6
70.0-36.46|02c700000006000300030001:,02c7000000050003027fff
70.0-36.56|02c800000006000300030001:,02c8000000050003027fff
70.0-36.57|02c900000006000300030001:,02c9000000050003027edc
70.0-36.62|02ca00000006000300030001:,02ca000000050003027fff
70.0-36.67|02cb00000006000300030001:,02cb000000050003027f98
70.0-36.76|02cc00000006000300030001:,02cc000000050003027fff
70.0-36.81|02cd00000006000300030001:,02cd000000050003027fff
70.0-36.86|02ce00000006000300030001:,02ce000000050003027f96
70.0-36.88|02cf00000006000300030001:,02cf000000050003027fff
70.0-36.93|02d000000006000300030001:,02d0000000050003027f46
70.0-37.02|02d100000006000300030001:,02d1000000050003027f8a
70.0-37.07|02d200000006000300030001:,02d2000000050003027fc6
70.0-37.08|02d300000006000300030001:,02d3000000050003027f14
70.0-37.17|02d400000006000300030001:,02d4000000050003027f96
70.0-37.18|02d500000006000300030001:,02d5000000050003027fe7
70.0-37.27|02d600000006000300030001:,02d6000000050003027fff
70.0-37.28|02d700000006000300030001:,02d7000000050003027fc6
70.0-37.38|02d800000006000300030001:,02d8000000050003027f46
70.0-37.43|02d900000006000300030001:,02d9000000050003027fff
70.0-37.44|02da00000006000300030001:,02da000000050003027f6b
70.0-37.53|02db00000006000300030001:,02db000000050003027f96
70.0-37.54|02dc00000006000300030001:,02dc000000050003027f44
70.0-37.63|02dd00000006000300030001:,02dd000000050003027fff
70.0-37.69|02de00000006000300030001:,02de000000050003027f89
70.0-37.74|02df00000006000300030001:,02df000000050003027f6b
70.0-37.79|02e000000006000300030001:,02e0000000050003027f6b
70.0-37.80|02e100000006000300030001:,02e1000000050003027f8a
70.0-37.85|02e200000006000300030001:,02e2000000050003027fad
70.0-37.94|02e300000006000300030001:,02e3000000050003027fc6
70.0-38.00|02e400000006000300030001:,02e4000000050003027fff
70.0-38.01|02e500000006000300030001:,02e5000000050003027f19
70.0-38.06|02e600000006000300030001:,02e6000000050003027fff
70.0-38.15|02e700000006000300030001:,02e7000000050003027f6a
70.0-38.16|02e800000006000300030001:,02e8000000050003027f68
70.0-38.22|02e900000006000300030001:,02e9000000050003027f46
70.0-38.27|02ea00000006000300030001:,02ea000000050003027f96
70.0-38.36|02eb00000006000300030001:,02eb000000050003027fc6
70.0-38.37|02ec00000006000300030001:,02ec000000050003027f46
70.0-38.46|02ed00000006000300030001:,02ed000000050003027fff
70.0-38.51|02ee00000006000300030001:,02ee000000050003027f4d
70.0-38.56|02ef00000006000300030001:,02ef000000050003027fff
70.0-38.62|02f000000006000300030001:,02f0000000050003027fc6
70.0-38.67|02f100000006000300030001:,02f1000000050003027fff
70.0-38.68|02f200000006000300030001:,02f2000000050003027fff
70.0-38.73|02f300000006000300030001:,02f3000000050003027fc6
70.0-38.82|02f400000006000300030001:,02f4000000050003027edc
70.0-38.87|02f500000006000300030001:,02f5000000050003027f96
70.0-38.88|02f600000006000300030001:,02f6000000050003027f98
70.0-38.97|02f700000006000300030001:,02f7000000050003027f46
70.0-38.98|02f800000006000300030001:,02f8000000050003027f96
70.0-39.08|02f900000006000300030001:,02f9000000050003027f46
70.0-39.13|02fa00000006000300030001:,02fa000000050003027f19
70.0-39.18|02fb00000006000300030001:,02fb000000050003027f96
70.0-39.19|02fc00000006000300030001:,02fc000000050003027fff
70.0-39.28|02fd00000006000300030001:,02fd000000050003027fff
70.0-39.29|02fe00000006000300030001:,02fe000000050003027fc6
70.0-39.38|02ff00000006000300030001:,02ff000000050003027f6b
70.0-39.39|030000000006000300030001:,0300000000050003027fff
70.0-39.45|030100000006000300030001:,0301000000050003027fff
70.0-39.50|030200000006000300030001:,0302000000050003027f6b
70.0-39.55|030300000006000300030001:,0303000000050003027f96
70.0-39.64|030400000006000300030001:,0304000000050003027f6e
70.0-39.65|030500000006000300030001:,0305000000050003027fd6
70.0-39.70|030600000006000300030001:,0306000000050003027fff
70.0-39.75|030700000006000300030001:,0307000000050003027edd
70.0-39.80|030800000006000300030001:,0308000000050003027edc
70.0-39.89|030900000006000300030001:,0309000000050003027fff
70.0-39.91|030a00000006000300030001:,030a000000050003027f96
85.0-40.02|030c00000006000300030001:,030c000000050003027f6b
85.0-40.07|030d00000006000300030001:,030d000000050003027f46
85.0-40.16|030e00000006000300030001:,030e000000050003027fff
85.0-40.21|030f00000006000300030001:,030f000000050003027fa6
85.0-40.23|031000000006000300030001:,0310000000050003027fff
85.0-40.28|031100000006000300030001:,0311000000050003027fff
85.0-40.33|031200000006000300030001:,0312000000050003027edc
85.0-40.42|031300000006000300030001:,0313000000050003027fff
85.0-40.48|031400000006000300030001:,0314000000050003027fff
85.0-40.53|031500000006000300030001:,0315000000050003027fff
85.0-40.58|031600000006000300030001:,0316000000050003027fe7
85.0-40.63|031700000006000300030001:,0317000000050003027fff
85.0-40.64|031800000006000300030001:,0318000000050003027edd
85.0-40.73|031900000006000300030001:,0319000000050003027fff
85.0-40.78|031a00000006000300030001:,031a000000050003027f96
85.0-40.79|031b00000006000300030001:,031b000000050003027f6a
85.0-40.89|031c00000006000300030001:,031c000000050003027fff
85.0-40.90|031d00000006000300030001:,031d000000050003027ed0
85.0-40.99|031e00000006000300030001:,031e000000050003027f6b
85.0-41.04|031f00000006000300030001:,031f000000050003027fff
85.0-41.05|032000000006000300030001:,0320000000050003027fff
85.0-41.10|032100000006000300030001:,0321000000050003027fff
85.0-41.19|032200000006000300030001:,0322000000050003027f41
85.0-41.20|032300000006000300030001:,0323000000050003027fce
85.0-41.25|032400000006000300030001:,0324000000050003027fff
85.0-41.35|032500000006000300030001:,0325000000050003027fff
85.0-41.40|032600000006000300030001:,0326000000050003027f41
85.0-41.41|032700000006000300030001:,0327000000050003027fff
85.0-41.46|032800000006000300030001:,0328000000050003027f96
85.0-41.51|032900000006000300030001:,0329000000050003027f41
85.0-41.56|032a00000006000300030001:,032a000000050003027fff
85.0-41.65|032b00000006000300030001:,032b000000050003027fc6
85.0-41.66|032c00000006000300030001:,032c000000050003027f8b
85.0-41.76|032d00000006000300030001:,032d000000050003027fc6
85.0-41.81|032e00000006000300030001:,032e000000050003027fc6
85.0-41.86|032f00000006000300030001:,032f000000050003027f6a
85.0-41.87|033000000006000300030001:,0330000000050003027fe6
85.0-41.92|033100000006000300030001:,0331000000050003027fff
85.0-41.98|033200000006000300030001:,0332000000050003027f98
85.0-42.03|033300000006000300030001:,0333000000050003027f96
85.0-42.08|033400000006000300030001:,0334000000050003027f62
85.0-42.13|033500000006000300030001:,0335000000050003027f19
85.0-42.22|033600000006000300030001:,0336000000050003027fc6
85.0-42.27|033700000006000300030001:,0337000000050003027fff
85.0-42.32|033800000006000300030001:,0338000000050003027fa6
85.0-42.33|033900000006000300030001:,0339000000050003027edc
85.0-42.39|033a00000006000300030001:,033a000000050003027fff
85.0-42.48|033b00000006000300030001:,033b000000050003027fa6
85.0-42.49|033c00000006000300030001:,033c000000050003027f96
85.0-42.58|033d00000006000300030001:,033d000000050003027fc6
85.0-42.63|033e00000006000300030001:,033e000000050003027fbf
85.0-42.64|033f00000006000300030001:,033f000000050003027f62
85.0-42.73|034000000006000300030001:,0340000000050003027fc6
85.0-42.79|034100000006000300030001:,0341000000050003027fff
85.0-42.84|034200000006000300030001:,0342000000050003027fff
85.0-42.85|034300000006000300030001:,0343000000050003027edd
85.0-42.94|034400000006000300030001:,0344000000050003027fff
85.0-42.95|034500000006000300030001:,0345000000050003027fff
85.0-43.00|034600000006000300030001:,0346000000050003027fff
85.0-43.06|034700000006000300030001:,0347000000050003027f8a
85.0-43.11|034800000006000300030001:,0348000000050003027edd
85.0-43.16|034900000006000300030001:,0349000000050003027fff
85.0-43.25|034a00000006000300030001:,034a000000050003027fff
85.0-43.30|034b00000006000300030001:,034b000000050003027f96
85.0-43.31|034c00000006000300030001:,034c000000050003027fe7
85.0-43.36|034d00000006000300030001:,034d000000050003027fff
85.0-43.41|034e00000006000300030001:,034e000000050003027fff
85.0-43.50|034f00000006000300030001:,034f000000050003027f96
85.0-43.52|035000000006000300030001:,0350000000050003027fff
85.0-43.57|035100000006000300030001:,0351000000050003027f96
85.0-43.66|035200000006000300030001:,0352000000050003027edd
85.0-43.67|035300000006000300030001:,0353000000050003027fe6
85.0-43.72|035400000006000300030001:,0354000000050003027fff
85.0-43.78|035500000006000300030001:,0355000000050003027edd
85.0-43.83|035600000006000300030001:,0356000000050003027fff
85.0-43.92|035700000006000300030001:,0357000000050003027fc6
85.0-43.97|035800000006000300030001:,0358000000050003027fff
85.0-44.02|035900000006000300030001:,0359000000050003027fff
85.0-44.03|035a00000006000300030001:,035a000000050003027fc6
85.0-44.08|035b00000006000300030001:,035b000000050003027fc6
85.0-44.18|035c00000006000300030001:,035c000000050003027f8a
85.0-44.23|035d00000006000300030001:,035d000000050003027fff
85.0-44.24|035e00000006000300030001:,035e000000050003027fff
85.0-44.29|035f00000006000300030001:,035f000000050003027f96
85.0-44.34|036000000006000300030001:,0360000000050003027fff
85.0-44.39|036100000006000300030001:,0361000000050003027fff
85.0-44.48|036200000006000300030001:,0362000000050003027fad
85.0-44.49|036300000006000300030001:,0363000000050003027edc
85.0-44.55|036400000006000300030001:,0364000000050003027fff
85.0-44.60|036500000006000300030001:,0365000000050003027fff
85.0-44.69|036600000006000300030001:,0366000000050003027f96
85.0-44.74|036700000006000300030001:,0367000000050003027f89
85.0-44.79|036800000006000300030001:,0368000000050003027f96
85.0-44.84|036900000006000300030001:,0369000000050003027fff
85.0-44.89|036a00000006000300030001:,036a000000050003027f96
85.0-44.95|036b00000006000300030001:,036b000000050003027f19
85.0-45.00|036c00000006000300030001:,036c000000050003027fff
85.0-45.05|036d00000006000300030001:,036d000000050003027f45
85.0-45.06|036e00000006000300030001:,036e000000050003027fff
85.0-45.11|036f00000006000300030001:,036f000000050003027fff
85.0-45.16|037000000006000300030001:,0370000000050003027fff
85.0-45.22|037100000006000300030001:,0371000000050003027ed0
85.0-45.27|037200000006000300030001:,0372000000050003027fff
85.0-45.36|037300000006000300030001:,0373000000050003027edd
85.0-45.41|037400000006000300030001:,0374000000050003027fff
85.0-45.46|037500000006000300030001:,0375000000050003027fff
85.0-45.51|037600000006000300030001:,0376000000050003027fe7
85.0-45.56|037700000006000300030001:,0377000000050003027fad
85.0-45.61|037800000006000300030001:,0378000000050003027f45
85.0-45.66|037900000006000300030001:,0379000000050003027fe6
85.0-45.68|037a00000006000300030001:,037a000000050003027fff
85.0-45.77|037b00000006000300030001:,037b000000050003027fff
85.0-45.78|037c00000006000300030001:,037c000000050003027fad
85.0-45.83|037d00000006000300030001:,037d000000050003027fff
85.0-45.89|037e00000006000300030001:,037e000000050003027fff
85.0-45.94|037f00000006000300030001:,037f000000050003027fff
85.0-46.03|038000000006000300030001:,0380000000050003027fff
85.0-46.04|038100000006000300030001:,0381000000050003027fff
85.0-46.13|038200000006000300030001:,0382000000050003027edd
85.0-46.18|038300000006000300030001:,0383000000050003027f19
85.0-46.23|038400000006000300030001:,0384000000050003027fff
85.0-46.25|038500000006000300030001:,0385000000050003027fff
85.0-46.30|038600000006000300030001:,0386000000050003027f96
85.0-46.35|038700000006000300030001:,0387000000050003027f68
85.0-46.44|038800000006000300030001:,0388000000050003027fff
85.0-46.49|038900000006000300030001:,0389000000050003027fff
85.0-46.54|038a00000006000300030001:,038a000000050003027fff
85.0-46.55|038b00000006000300030001:,038b000000050003027fff
85.0-46.65|038c00000006000300030001:,038c000000050003027f46
85.0-46.70|038d00000006000300030001:,038d000000050003027fff
85.0-46.75|038e00000006000300030001:,038e000000050003027f6b
85.0-46.80|038f00000006000300030001:,038f000000050003027fff
85.0-46.81|039000000006000300030001:,0390000000050003027f8a
85.0-46.90|039100000006000300030001:,0391000000050003027edc
85.0-46.91|039200000006000300030001:,0392000000050003027edd
85.0-46.97|039300000006000300030001:,0393000000050003027edf
85.0-47.06|039400000006000300030001:,0394000000050003027fff
85.0-47.07|039500000006000300030001:,0395000000050003027fff
85.0-47.16|039600000006000300030001:,0396000000050003027fff
85.0-47.21|039700000006000300030001:,0397000000050003027fff
85.0-47.22|039800000006000300030001:,0398000000050003027fff
85.0-47.31|039900000006000300030001:,0399000000050003027ed0
85.0-47.32|039a00000006000300030001:,039a000000050003027fff
85.0-47.38|039b00000006000300030001:,039b000000050003027fff
85.0-47.43|039c00000006000300030001:,039c000000050003027f68
85.0-47.52|039d00000006000300030001:,039d000000050003027fc6
85.0-47.57|039e00000006000300030001:,039e000000050003027f46
85.0-47.58|039f00000006000300030001:,039f000000050003027f1e
85.0-47.67|03a000000006000300030001:,03a0000000050003027f96
85.0-47.69|03a100000006000300030001:,03a1000000050003027edd
85.0-47.74|03a200000006000300030001:,03a2000000050003027fff
85.0-47.83|03a300000006000300030001:,03a3000000050003027f68
85.0-47.84|03a400000006000300030001:,03a4000000050003027f96
85.0-47.89|03a500000006000300030001:,03a5000000050003027fff
85.0-47.94|03a600000006000300030001:,03a6000000050003027f8b
85.0-48.03|03a700000006000300030001:,03a7000000050003027fff
85.0-48.04|03a800000006000300030001:,03a8000000050003027f68
85.0-48.10|03a900000006000300030001:,03a9000000050003027f68
85.0-48.19|03aa00000006000300030001:,03aa000000050003027f68
85.0-48.20|03ab00000006000300030001:,03ab000000050003027f68
85.0-48.29|03ac00000006000300030001:,03ac000000050003027fff
85.0-48.34|03ad00000006000300030001:,03ad000000050003027f96
85.0-48.35|03ae00000006000300030001:,03ae000000050003027fff
85.0-48.44|03af00000006000300030001:,03af000000050003027fc6
85.0-48.49|03b000000006000300030001:,03b0000000050003027f98
85.0-48.55|03b100000006000300030001:,03b1000000050003027fff
85.0-48.56|03b200000006000300030001:,03b2000000050003027f68
85.0-48.65|03b300000006000300030001:,03b3000000050003027fff
85.0-48.70|03b400000006000300030001:,03b4000000050003027f96
85.0-48.75|03b500000006000300030001:,03b5000000050003027edc
85.0-48.81|03b600000006000300030001:,03b6000000050003027edc
85.0-48.82|03b700000006000300030001:,03b7000000050003027f96
85.0-48.91|03b800000006000300030001:,03b8000000050003027fff
85.0-48.92|03b900000006000300030001:,03b9000000050003027fff
85.0-49.01|03ba00000006000300030001:,03ba000000050003027fff
85.0-49.02|03bb00000006000300030001:,03bb000000050003027fff
85.0-49.07|03bc00000006000300030001:,03bc000000050003027f46
85.0-49.17|03bd00000006000300030001:,03bd000000050003027fff
85.0-49.18|03be00000006000300030001:,03be000000050003027f46
85.0-49.23|03bf00000006000300030001:,03bf000000050003027fff
85.0-49.28|03c000000006000300030001:,03c0000000050003027fff
85.0-49.37|03c100000006000300030001:,03c1000000050003027edc
85.0-49.42|03c200000006000300030001:,03c2000000050003027f96
85.0-49.48|03c300000006000300030001:,03c3000000050003027fff
85.0-49.49|03c400000006000300030001:,03c4000000050003027fff
85.0-49.54|03c500000006000300030001:,03c5000000050003027f6b
85.0-49.59|03c600000006000300030001:,03c6000000050003027edc
85.0-49.68|03c700000006000300030001:,03c7000000050003027edc
85.0-49.73|03c800000006000300030001:,03c8000000050003027f46
85.0-49.75|03c900000006000300030001:,03c9000000050003027fff
85.0-49.84|03ca00000006000300030001:,03ca000000050003027fff
85.0-49.85|03cb00000006000300030001:,03cb000000050003027ef6
85.0-49.94|03cc00000006000300030001:,03cc000000050003027fff
85.0-49.95|03cd00000006000300030001:,03cd000000050003027f89
85.0-50.05|03ce00000006000300030001:,03ce000000050003027fff
85.0-50.10|03cf00000006000300030001:,03cf000000050003027fff
85.0-50.11|03d000000006000300030001:,03d0000000050003027f89
85.0-50.16|03d100000006000300030001:,03d1000000050003027f96
85.0-50.25|03d200000006000300030001:,03d2000000050003027f46
85.0-50.30|03d300000006000300030001:,03d3000000050003027fff
85.0-50.31|03d400000006000300030001:,03d4000000050003027fff
85.0-50.41|03d500000006000300030001:,03d5000000050003027edc
85.0-50.42|03d600000006000300030001:,03d6000000050003027fff
85.0-50.47|03d700000006000300030001:,03d7000000050003027fff
85.0-50.52|03d800000006000300030001:,03d8000000050003027f14
85.0-50.57|03d900000006000300030001:,03d9000000050003027f6e
85.0-50.66|03da00000006000300030001:,03da000000050003027f96
85.0-50.67|03db00000006000300030001:,03db000000050003027f96
85.0-50.73|03dc00000006000300030001:,03dc000000050003027f6a
85.0-50.78|03dd00000006000300030001:,03dd000000050003027ef6
85.0-50.83|03de00000006000300030001:,03de000000050003027fff
85.0-50.92|03df00000006000300030001:,03df000000050003027f6e
85.0-50.93|03e000000006000300030001:,03e0000000050003027f68
85.0-50.98|03e100000006000300030001:,03e1000000050003027f98
85.0-51.03|03e200000006000300030001:,03e2000000050003027fff
85.0-51.08|03e300000006000300030001:,03e3000000050003027fff
85.0-51.14|03e400000006000300030001:,03e4000000050003027fff
85.0-51.19|03e500000006000300030001:,03e5000000050003027f96
85.0-51.24|03e600000006000300030001:,03e6000000050003027fd2
85.0-51.29|03e700000006000300030001:,03e7000000050003027fff
85.0-51.34|03e800000006000300030001:,03e8000000050003027f46
85.0-51.39|03e900000006000300030001:,03e9000000050003027fff
85.0-51.48|03ea00000006000300030001:,03ea000000050003027fff
85.0-51.49|03eb00000006000300030001:,03eb000000050003027edf
85.0-51.59|03ec00000006000300030001:,03ec000000050003027fff
85.0-51.60|03ed00000006000300030001:,03ed000000050003027f96
85.0-51.69|03ee00000006000300030001:,03ee000000050003027fff
85.0-51.74|03ef00000006000300030001:,03ef000000050003027f96
85.0-51.75|03f000000006000300030001:,03f0000000050003027f96
85.0-51.84|03f100000006000300030001:,03f1000000050003027f96
85.0-51.85|03f200000006000300030001:,03f2000000050003027f6a
85.0-51.91|03f300000006000300030001:,03f3000000050003027f6b
85.0-52.00|03f400000006000300030001:,03f4000000050003027f89
85.0-52.05|03f500000006000300030001:,03f5000000050003027fff
85.0-52.10|03f600000006000300030001:,03f6000000050003027f46
85.0-52.11|03f700000006000300030001:,03f7000000050003027fff
85.0-52.20|03f800000006000300030001:,03f8000000050003027fff
85.0-52.25|03f900000006000300030001:,03f9000000050003027f19
85.0-52.31|03fa00000006000300030001:,03fa000000050003027edd
85.0-52.36|03fb00000006000300030001:,03fb000000050003027f96
85.0-52.41|03fc00000006000300030001:,03fc000000050003027f96
85.0-52.42|03fd00000006000300030001:,03fd000000050003027f1e
85.0-52.51|03fe00000006000300030001:,03fe000000050003027fff
85.0-52.56|03ff00000006000300030001:,03ff000000050003027fff
85.0-52.58|040000000006000300030001:,0400000000050003027fff
85.0-52.63|040100000006000300030001:,0401000000050003027fff
85.0-52.72|040200000006000300030001:,0402000000050003027fa1
85.0-52.73|040300000006000300030001:,0403000000050003027edd
85.0-52.78|040400000006000300030001:,0404000000050003027f89
85.0-52.87|040500000006000300030001:,0405000000050003027fff
85.0-52.89|040600000006000300030001:,0406000000050003027fa6
85.0-52.98|040700000006000300030001:,0407000000050003027fff
85.0-52.99|040800000006000300030001:,0408000000050003027fff
85.0-53.04|040900000006000300030001:,0409000000050003027f6e
85.0-53.13|040a00000006000300030001:,040a000000050003027fce
85.0-53.19|040b00000006000300030001:,040b000000050003027edc
85.0-53.20|040c00000006000300030001:,040c000000050003027f6e
85.0-53.29|040d00000006000300030001:,040d000000050003027fc6
85.0-53.30|040e00000006000300030001:,040e000000050003027f96
85.0-53.40|040f00000006000300030001:,040f000000050003027fa3
85.0-53.41|041000000006000300030001:,0410000000050003027f89
85.0-53.50|041100000006000300030001:,0411000000050003027fa1
85.0-53.55|041200000006000300030001:,0412000000050003027fff
85.0-53.56|041300000006000300030001:,0413000000050003027f96
85.0-53.65|041400000006000300030001:,0414000000050003027fff
85.0-53.66|041500000006000300030001:,0415000000050003027edf
85.0-53.72|041600000006000300030001:,0416000000050003027fd0
85.0-53.77|041700000006000300030001:,0417000000050003027fa6
85.0-53.86|041800000006000300030001:,0418000000050003027f6e
85.0-53.91|041900000006000300030001:,0419000000050003027fff
85.0-53.92|041a00000006000300030001:,041a000000050003027fff
85.0-54.01|041b00000006000300030001:,041b000000050003027fda
85.0-54.06|041c00000006000300030001:,041c000000050003027f96
85.0-54.07|041d00000006000300030001:,041d000000050003027fff
85.0-54.17|041e00000006000300030001:,041e000000050003027f96
85.0-54.18|041f00000006000300030001:,041f000000050003027fff
85.0-54.23|042000000006000300030001:,0420000000050003027f89
85.0-54.32|042100000006000300030001:,0421000000050003027fff
85.0-54.33|042200000006000300030001:,0422000000050003027fa6
85.0-54.42|042300000006000300030001:,0423000000050003027f9a
85.0-54.43|042400000006000300030001:,0424000000050003027f96
85.0-54.52|042500000006000300030001:,0425000000050003027f8a
85.0-54.58|042600000006000300030001:,0426000000050003027f96
85.0-54.59|042700000006000300030001:,0427000000050003027f96
85.0-54.64|042800000006000300030001:,0428000000050003027fff
85.0-54.73|042900000006000300030001:,0429000000050003027fd0
85.0-54.74|042a00000006000300030001:,042a000000050003027fff
85.0-54.83|042b00000006000300030001:,042b000000050003027fff
85.0-54.84|042c00000006000300030001:,042c000000050003027fff
85.0-54.89|042d00000006000300030001:,042d000000050003027fff
85.0-54.99|042e00000006000300030001:,042e000000050003027f89
85.0-55.04|042f00000006000300030001:,042f000000050003027fad
85.0-55.09|043000000006000300030001:,0430000000050003027f96
85.0-55.14|043100000006000300030001:,0431000000050003027fff
85.0-55.19|043200000006000300030001:,0432000000050003027fff
85.0-55.24|043300000006000300030001:,0433000000050003027fa3
85.0-55.29|043400000006000300030001:,0434000000050003027fc6
85.0-55.30|043500000006000300030001:,0435000000050003027f96
85.0-55.35|043600000006000300030001:,0436000000050003027fad
85.0-55.45|043700000006000300030001:,0437000000050003027f96
85.0-55.46|043800000006000300030001:,0438000000050003027fc6
85.0-55.51|043900000006000300030001:,0439000000050003027fda
85.0-55.56|043a00000006000300030001:,043a000000050003027f19
85.0-55.61|043b00000006000300030001:,043b000000050003027fa6
85.0-55.66|043c00000006000300030001:,043c000000050003027fff
85.0-55.76|043d00000006000300030001:,043d000000050003027fff
85.0-55.77|043e00000006000300030001:,043e000000050003027fa6
85.0-55.82|043f00000006000300030001:,043f000000050003027fff
85.0-55.91|044000000006000300030001:,0440000000050003027edc
85.0-55.92|044100000006000300030001:,0441000000050003027fff
85.0-56.01|044200000006000300030001:,0442000000050003027fff
85.0-56.06|044300000006000300030001:,0443000000050003027fff
85.0-56.07|044400000006000300030001:,0444000000050003027fff
85.0-56.17|044500000006000300030001:,0445000000050003027fff
85.0-56.18|044600000006000300030001:,0446000000050003027f19
85.0-56.27|044700000006000300030001:,0447000000050003027fff
85.0-56.32|044800000006000300030001:,0448000000050003027fad
85.0-56.33|044900000006000300030001:,0449000000050003027fe7
85.0-56.42|044a00000006000300030001:,044a000000050003027fff
85.0-56.47|044b00000006000300030001:,044b000000050003027ec3
85.0-56.53|044c00000006000300030001:,044c000000050003027fff
85.0-56.54|044d00000006000300030001:,044d000000050003027fff
85.0-56.59|044e00000006000300030001:,044e000000050003027fff
85.0-56.68|044f00000006000300030001:,044f000000050003027fa6
85.0-56.69|045000000006000300030001:,0450000000050003027f96
85.0-56.74|045100000006000300030001:,0451000000050003027fff
85.0-56.83|045200000006000300030001:,0452000000050003027fff
85.0-56.89|045300000006000300030001:,0453000000050003027fff
85.0-56.94|045400000006000300030001:,0454000000050003027fff
85.0-56.95|045500000006000300030001:,0455000000050003027fff
85.0-57.04|045600000006000300030001:,0456000000050003027fea
85.0-57.09|045700000006000300030001:,0457000000050003027fff
85.0-57.14|045800000006000300030001:,0458000000050003027edd
85.0-57.15|045900000006000300030001:,0459000000050003027fff
85.0-57.20|045a00000006000300030001:,045a000000050003027fff
85.0-57.30|045b00000006000300030001:,045b000000050003027fff
85.0-57.35|045c00000006000300030001:,045c000000050003027fe7
85.0-57.36|045d00000006000300030001:,045d000000050003027fff
85.0-57.41|045e00000006000300030001:,045e000000050003027fff
85.0-57.50|045f00000006000300030001:,045f000000050003027fff
85.0-57.55|046000000006000300030001:,0460000000050003027fff
85.0-57.56|046100000006000300030001:,0461000000050003027fff
85.0-57.61|046200000006000300030001:,0462000000050003027f98
85.0-57.70|046300000006000300030001:,0463000000050003027fff
85.0-57.72|046400000006000300030001:,0464000000050003027fff
85.0-57.77|046500000006000300030001:,0465000000050003027f19
85.0-57.82|046600000006000300030001:,0466000000050003027fa6
85.0-57.91|046700000006000300030001:,0467000000050003027fff
85.0-57.92|046800000006000300030001:,0468000000050003027f96
85.0-58.01|046900000006000300030001:,0469000000050003027ed0
85.0-58.06|046a00000006000300030001:,046a000000050003027edc
85.0-58.11|046b00000006000300030001:,046b000000050003027f8a
85.0-58.16|046c00000006000300030001:,046c000000050003027fe7
85.0-58.22|046d00000006000300030001:,046d000000050003027fff
85.0-58.23|046e00000006000300030001:,046e000000050003027f19
85.0-58.28|046f00000006000300030001:,046f000000050003027fff
85.0-58.37|047000000006000300030001:,0470000000050003027fff
85.0-58.38|047100000006000300030001:,0471000000050003027f8a
85.0-58.43|047200000006000300030001:,0472000000050003027f89
85.0-58.52|047300000006000300030001:,0473000000050003027f9a
85.0-58.54|047400000006000300030001:,0474000000050003027fea
85.0-58.59|047500000006000300030001:,0475000000050003027fff
85.0-58.68|047600000006000300030001:,0476000000050003027fce
85.0-58.73|047700000006000300030001:,0477000000050003027f96
85.0-58.78|047800000006000300030001:,0478000000050003027fa8
85.0-58.79|047900000006000300030001:,0479000000050003027fff
85.0-58.85|047a00000006000300030001:,047a000000050003027fff
85.0-58.94|047b00000006000300030001:,047b000000050003027fff
85.0-58.95|047c00000006000300030001:,047c000000050003027fff
85.0-59.00|047d00000006000300030001:,047d000000050003027fce
85.0-59.09|047e00000006000300030001:,047e000000050003027fff
85.0-59.14|047f00000006000300030001:,047f000000050003027fa6
85.0-59.19|048000000006000300030001:,0480000000050003027f19
85.0-59.21|048100000006000300030001:,0481000000050003027fff
85.0-59.30|048200000006000300030001:,0482000000050003027fc1
85.0-59.35|048300000006000300030001:,0483000000050003027fc6
85.0-59.36|048400000006000300030001:,0484000000050003027fff
85.0-59.45|048500000006000300030001:,0485000000050003027f96
85.0-59.50|048600000006000300030001:,0486000000050003027fff
85.0-59.51|048700000006000300030001:,0487000000050003027fff
85.0-59.61|048800000006000300030001:,0488000000050003027fff
85.0-59.62|048900000006000300030001:,0489000000050003027fff
85.0-59.67|048a00000006000300030001:,048a000000050003027f6b
85.0-59.72|048b00000006000300030001:,048b000000050003027fff
85.0-59.82|048c00000006000300030001:,048c000000050003027fff
85.0-59.87|048d00000006000300030001:,048d000000050003027f68
85.0-59.92|048e00000006000300030001:,048e000000050003027f96
85.0-59.97|048f00000006000300030001:,048f000000050003027f6a
75.0-60.01|049100000006000300030001:,0491000000050003027fff
75.0-60.10|049200000006000300030001:,0492000000050003027fce
75.0-60.11|049300000006000300030001:,0493000000050003027fff
75.0-60.20|049400000006000300030001:,0494000000050003027fff
75.0-60.21|049500000006000300030001:,0495000000050003027edc
75.0-60.26|049600000006000300030001:,0496000000050003027fc6
75.0-60.32|049700000006000300030001:,0497000000050003027edc
75.0-60.41|049800000006000300030001:,0498000000050003027fff
75.0-60.46|049900000006000300030001:,0499000000050003027fa6
75.0-60.51|049a00000006000300030001:,049a000000050003027fff
75.0-60.52|049b00000006000300030001:,049b000000050003027fe7
75.0-60.61|049c00000006000300030001:,049c000000050003027fff
75.0-60.62|049d00000006000300030001:,049d000000050003027fe7
75.0-60.71|049e00000006000300030001:,049e000000050003027fff
75.0-60.73|049f00000006000300030001:,049f000000050003027fff
75.0-60.82|04a000000006000300030001:,04a0000000050003027f96
75.0-60.83|04a100000006000300030001:,04a1000000050003027fff
75.0-60.92|04a200000006000300030001:,04a2000000050003027edd
75.0-60.93|04a300000006000300030001:,04a3000000050003027fc6
75.0-61.02|04a400000006000300030001:,04a4000000050003027edf
75.0-61.07|04a500000006000300030001:,04a5000000050003027fff
75.0-61.09|04a600000006000300030001:,04a6000000050003027fff
75.0-61.14|04a700000006000300030001:,04a7000000050003027fbe
75.0-61.23|04a800000006000300030001:,04a8000000050003027fff
75.0-61.24|04a900000006000300030001:,04a9000000050003027fb8
75.0-61.33|04aa00000006000300030001:,04aa000000050003027fff
75.0-61.34|04ab00000006000300030001:,04ab000000050003027fff
75.0-61.39|04ac00000006000300030001:,04ac000000050003027fff
75.0-61.48|04ad00000006000300030001:,04ad000000050003027fff
75.0-61.54|04ae00000006000300030001:,04ae000000050003027f6b
75.0-61.55|04af00000006000300030001:,04af000000050003027f96
75.0-61.64|04b000000006000300030001:,04b0000000050003027fff
75.0-61.65|04b100000006000300030001:,04b1000000050003027fc6
75.0-61.70|04b200000006000300030001:,04b2000000050003027edd
75.0-61.79|04b300000006000300030001:,04b3000000050003027fff
75.0-61.80|04b400000006000300030001:,04b4000000050003027fff
75.0-61.85|04b500000006000300030001:,04b5000000050003027f6b
75.0-61.91|04b600000006000300030001:,04b6000000050003027edd
75.0-62.00|04b700000006000300030001:,04b7000000050003027fa6
75.0-62.05|04b800000006000300030001:,04b8000000050003027f6a
75.0-62.10|04b900000006000300030001:,04b9000000050003027fff
75.0-62.11|04ba00000006000300030001:,04ba000000050003027fff
75.0-62.20|04bb00000006000300030001:,04bb000000050003027fff
75.0-62.25|04bc00000006000300030001:,04bc000000050003027fff
75.0-62.31|04bd00000006000300030001:,04bd000000050003027fff
75.0-62.32|04be00000006000300030001:,04be000000050003027fff
75.0-62.37|04bf00000006000300030001:,04bf000000050003027f19
75.0-62.46|04c000000006000300030001:,04c0000000050003027ea3
75.0-62.47|04c100000006000300030001:,04c1000000050003027fff
75.0-62.52|04c200000006000300030001:,04c2000000050003027fff
75.0-62.58|04c300000006000300030001:,04c3000000050003027f6b
75.0-62.63|04c400000006000300030001:,04c4000000050003027fff
75.0-62.68|04c500000006000300030001:,04c5000000050003027fb8
75.0-62.73|04c600000006000300030001:,04c6000000050003027fba
75.0-62.78|04c700000006000300030001:,04c7000000050003027fb8
75.0-62.87|04c800000006000300030001:,04c8000000050003027f96
75.0-62.88|04c900000006000300030001:,04c9000000050003027f8b
75.0-62.98|04ca00000006000300030001:,04ca000000050003027f96
75.0-63.03|04cb00000006000300030001:,04cb000000050003027fe7
75.0-63.08|04cc00000006000300030001:,04cc000000050003027edc
75.0-63.09|04cd00000006000300030001:,04cd000000050003027fff
75.0-63.18|04ce00000006000300030001:,04ce000000050003027fbe
75.0-63.19|04cf00000006000300030001:,04cf000000050003027fff
75.0-63.25|04d000000006000300030001:,04d0000000050003027fc6
75.0-63.30|04d100000006000300030001:,04d1000000050003027fe7
75.0-63.35|04d200000006000300030001:,04d2000000050003027fc6
75.0-63.40|04d300000006000300030001:,04d3000000050003027fff
75.0-63.45|04d400000006000300030001:,04d4000000050003027f45
75.0-63.50|04d500000006000300030001:,04d5000000050003027fad
75.0-63.55|04d600000006000300030001:,04d6000000050003027fe7
75.0-63.61|04d700000006000300030001:,04d7000000050003027fff
75.0-63.70|04d800000006000300030001:,04d8000000050003027fc6
75.0-63.71|04d900000006000300030001:,04d9000000050003027f8c
75.0-63.76|04da00000006000300030001:,04da000000050003027fff
75.0-63.85|04db00000006000300030001:,04db000000050003027edc
75.0-63.90|04dc00000006000300030001:,04dc000000050003027fff
75.0-63.91|04dd00000006000300030001:,04dd000000050003027fe6
75.0-63.97|04de00000006000300030001:,04de000000050003027fc6
75.0-64.06|04df00000006000300030001:,04df000000050003027fff
75.0-64.11|04e000000006000300030001:,04e0000000050003027f6b
75.0-64.12|04e100000006000300030001:,04e1000000050003027fff
75.0-64.21|04e200000006000300030001:,04e2000000050003027f6b
75.0-64.22|04e300000006000300030001:,04e3000000050003027f68
75.0-64.27|04e400000006000300030001:,04e4000000050003027f6b
75.0-64.37|04e500000006000300030001:,04e5000000050003027fff
75.0-64.42|04e600000006000300030001:,04e6000000050003027f89
75.0-64.43|04e700000006000300030001:,04e7000000050003027fa6
75.0-64.52|04e800000006000300030001:,04e8000000050003027fff
75.0-64.57|04e900000006000300030001:,04e9000000050003027f6a
75.0-64.58|04ea00000006000300030001:,04ea000000050003027fff
75.0-64.67|04eb00000006000300030001:,04eb000000050003027f96
75.0-64.72|04ec00000006000300030001:,04ec000000050003027fff
75.0-64.78|04ed00000006000300030001:,04ed000000050003027fff
75.0-64.83|04ee00000006000300030001:,04ee000000050003027fae
75.0-64.88|04ef00000006000300030001:,04ef000000050003027f6b
75.0-64.93|04f000000006000300030001:,04f0000000050003027fff
75.0-64.94|04f100000006000300030001:,04f1000000050003027fc6
75.0-64.99|04f200000006000300030001:,04f2000000050003027f96
75.0-65.04|04f300000006000300030001:,04f3000000050003027fff
75.0-65.14|04f400000006000300030001:,04f4000000050003027fc6
75.0-65.19|04f500000006000300030001:,04f5000000050003027fff
75.0-65.20|04f600000006000300030001:,04f6000000050003027f96
75.0-65.25|04f700000006000300030001:,04f7000000050003027fda
75.0-65.34|04f800000006000300030001:,04f8000000050003027f96
75.0-65.39|04f900000006000300030001:,04f9000000050003027fff
75.0-65.44|04fa00000006000300030001:,04fa000000050003027fff
75.0-65.45|04fb00000006000300030001:,04fb000000050003027fff
75.0-65.55|04fc00000006000300030001:,04fc000000050003027fff
75.0-65.60|04fd00000006000300030001:,04fd000000050003027fff
75.0-65.61|04fe00000006000300030001:,04fe000000050003027fff
75.0-65.66|04ff00000006000300030001:,04ff000000050003027fff
75.0-65.75|050000000006000300030001:,0500000000050003027edc
75.0-65.80|050100000006000300030001:,0501000000050003027fff
75.0-65.81|050200000006000300030001:,0502000000050003027fff
75.0-65.90|050300000006000300030001:,0503000000050003027edc
75.0-65.96|050400000006000300030001:,0504000000050003027fba
75.0-66.01|050500000006000300030001:,0505000000050003027f96
75.0-66.02|050600000006000300030001:,0506000000050003027fff
75.0-66.07|050700000006000300030001:,0507000000050003027fc6
75.0-66.16|050800000006000300030001:,0508000000050003027f6b
75.0-66.21|050900000006000300030001:,0509000000050003027fff
75.0-66.27|050a00000006000300030001:,050a000000050003027edc
75.0-66.28|050b00000006000300030001:,050b000000050003027edd
75.0-66.37|050c00000006000300030001:,050c000000050003027fff
75.0-66.38|050d00000006000300030001:,050d000000050003027fff
75.0-66.43|050e00000006000300030001:,050e000000050003027f98
75.0-66.52|050f00000006000300030001:,050f000000050003027fff
75.0-66.57|051000000006000300030001:,0510000000050003027fff
75.0-66.63|051100000006000300030001:,0511000000050003027f6e
75.0-66.64|051200000006000300030001:,0512000000050003027f46
75.0-66.69|051300000006000300030001:,0513000000050003027edd
75.0-66.78|051400000006000300030001:,0514000000050003027edd
75.0-66.79|051500000006000300030001:,0515000000050003027edc
75.0-66.84|051600000006000300030001:,0516000000050003027f46
75.0-66.93|051700000006000300030001:,0517000000050003027fff
75.0-66.98|051800000006000300030001:,0518000000050003027f46
75.0-67.04|051900000006000300030001:,0519000000050003027edc
75.0-67.09|051a00000006000300030001:,051a000000050003027fff
75.0-67.14|051b00000006000300030001:,051b000000050003027fff
75.0-67.15|051c00000006000300030001:,051c000000050003027fff
75.0-67.24|051d00000006000300030001:,051d000000050003027f8b
75.0-67.25|051e00000006000300030001:,051e000000050003027fff
75.0-67.35|051f00000006000300030001:,051f000000050003027edc
75.0-67.36|052000000006000300030001:,0520000000050003027fff
75.0-67.41|052100000006000300030001:,0521000000050003027fff
75.0-67.46|052200000006000300030001:,0522000000050003027f96
75.0-67.51|052300000006000300030001:,0523000000050003027fff
75.0-67.56|052400000006000300030001:,0524000000050003027fff
75.0-67.61|052500000006000300030001:,0525000000050003027fff
75.0-67.66|052600000006000300030001:,0526000000050003027fff
75.0-67.76|052700000006000300030001:,0527000000050003027f96
75.0-67.77|052800000006000300030001:,0528000000050003027fba
75.0-67.86|052900000006000300030001:,0529000000050003027fba
75.0-67.87|052a00000006000300030001:,052a000000050003027edc
75.0-67.96|052b00000006000300030001:,052b000000050003027fd6
75.0-68.01|052c00000006000300030001:,052c000000050003027edc
75.0-68.02|052d00000006000300030001:,052d000000050003027f61
75.0-68.07|052e00000006000300030001:,052e000000050003027fbe
75.0-68.17|052f00000006000300030001:,052f000000050003027f6b
75.0-68.22|053000000006000300030001:,0530000000050003027fff
75.0-68.27|053100000006000300030001:,0531000000050003027fff
75.0-68.28|053200000006000300030001:,0532000000050003027ef4
75.0-68.37|053300000006000300030001:,0533000000050003027fff
75.0-68.38|053400000006000300030001:,0534000000050003027fff
75.0-68.47|053500000006000300030001:,0535000000050003027fff
75.0-68.53|053600000006000300030001:,0536000000050003027fff
75.0-68.54|053700000006000300030001:,0537000000050003027edc
75.0-68.59|053800000006000300030001:,0538000000050003027fff
75.0-68.68|053900000006000300030001:,0539000000050003027f8a
75.0-68.69|053a00000006000300030001:,053a000000050003027fff
75.0-68.78|053b00000006000300030001:,053b000000050003027f44
75.0-68.83|053c00000006000300030001:,053c000000050003027fff
75.0-68.84|053d00000006000300030001:,053d000000050003027edc
75.0-68.90|053e00000006000300030001:,053e000000050003027fbe
75.0-68.99|053f00000006000300030001:,053f000000050003027fff
75.0-69.00|054000000006000300030001:,0540000000050003027fe7
75.0-69.05|054100000006000300030001:,0541000000050003027f9c
75.0-69.10|054200000006000300030001:,0542000000050003027fba
75.0-69.15|054300000006000300030001:,0543000000050003027edf
75.0-69.24|054400000006000300030001:,0544000000050003027fff
75.0-69.26|054500000006000300030001:,0545000000050003027edc
75.0-69.31|054600000006000300030001:,0546000000050003027fff
75.0-69.36|054700000006000300030001:,0547000000050003027f96
75.0-69.41|054800000006000300030001:,0548000000050003027fff
75.0-69.50|054900000006000300030001:,0549000000050003027fe7
75.0-69.51|054a00000006000300030001:,054a000000050003027f96
75.0-69.60|054b00000006000300030001:,054b000000050003027fad
75.0-69.65|054c00000006000300030001:,054c000000050003027fff
75.0-69.67|054d00000006000300030001:,054d000000050003027f8a
75.0-69.72|054e00000006000300030001:,054e000000050003027fd2
75.0-69.81|054f00000006000300030001:,054f000000050003027fff
75.0-69.86|055000000006000300030001:,0550000000050003027fff
75.0-69.87|055100000006000300030001:,0551000000050003027fce
75.0-69.96|055200000006000300030001:,0552000000050003027fad
75.0-69.98|055300000006000300030001:,0553000000050003027f19
75.0-70.03|055400000006000300030001:,0554000000050003027fff
75.0-70.08|055500000006000300030001:,0555000000050003027fff
75.0-70.13|055600000006000300030001:,0556000000050003027fff
75.0-70.18|055700000006000300030001:,0557000000050003027fc6
75.0-70.27|055800000006000300030001:,0558000000050003027fff
75.0-70.28|055900000006000300030001:,0559000000050003027edc
75.0-70.33|055a00000006000300030001:,055a000000050003027fba
75.0-70.39|055b00000006000300030001:,055b000000050003027fff
75.0-70.44|055c00000006000300030001:,055c000000050003027fff
75.0-70.49|055d00000006000300030001:,055d000000050003027fff
75.0-70.54|055e00000006000300030001:,055e000000050003027fff
75.0-70.59|055f00000006000300030001:,055f000000050003027f68
75.0-70.64|056000000006000300030001:,0560000000050003027ef4
75.0-70.69|056100000006000300030001:,0561000000050003027fbf
75.0-70.78|056200000006000300030001:,0562000000050003027f96
75.0-70.84|056300000006000300030001:,0563000000050003027fff
75.0-70.85|056400000006000300030001:,0564000000050003027ef4
75.0-70.90|056500000006000300030001:,0565000000050003027ef4
75.0-70.99|056600000006000300030001:,0566000000050003027edc
75.0-71.04|056700000006000300030001:,0567000000050003027edc
75.0-71.05|056800000006000300030001:,0568000000050003027fff
75.0-71.14|056900000006000300030001:,0569000000050003027edc
75.0-71.20|056a00000006000300030001:,056a000000050003027ecf
75.0-71.21|056b00000006000300030001:,056b000000050003027fff
75.0-71.26|056c00000006000300030001:,056c000000050003027fff
75.0-71.35|056d00000006000300030001:,056d000000050003027fff
75.0-71.40|056e00000006000300030001:,056e000000050003027f14
75.0-71.45|056f00000006000300030001:,056f000000050003027fff
75.0-71.46|057000000006000300030001:,0570000000050003027fff
75.0-71.52|057100000006000300030001:,0571000000050003027fff
75.0-71.57|057200000006000300030001:,0572000000050003027fa6
75.0-71.66|057300000006000300030001:,0573000000050003027f96
75.0-71.71|057400000006000300030001:,0574000000050003027fff
75.0-71.76|057500000006000300030001:,0575000000050003027fff
75.0-71.77|057600000006000300030001:,0576000000050003027f97
75.0-71.87|057700000006000300030001:,0577000000050003027f96
75.0-71.92|057800000006000300030001:,0578000000050003027fc6
75.0-71.97|057900000006000300030001:,0579000000050003027f46
75.0-72.02|057a00000006000300030001:,057a000000050003027fe7
75.0-72.03|057b00000006000300030001:,057b000000050003027fce
75.0-72.12|057c00000006000300030001:,057c000000050003027fff
75.0-72.13|057d00000006000300030001:,057d000000050003027fff
75.0-72.22|057e00000006000300030001:,057e000000050003027fce
75.0-72.24|057f00000006000300030001:,057f000000050003027fff
75.0-72.29|058000000006000300030001:,0580000000050003027fff
75.0-72.34|058100000006000300030001:,0581000000050003027fff
75.0-72.43|058200000006000300030001:,0582000000050003027fc6
75.0-72.48|058300000006000300030001:,0583000000050003027f41
75.0-72.53|058400000006000300030001:,0584000000050003027eb4
75.0-72.59|058500000006000300030001:,0585000000050003027f98
75.0-72.60|058600000006000300030001:,0586000000050003027fc6
75.0-72.65|058700000006000300030001:,0587000000050003027f96
75.0-72.74|058800000006000300030001:,0588000000050003027fff
75.0-72.79|058900000006000300030001:,0589000000050003027fd2
75.0-72.84|058a00000006000300030001:,058a000000050003027fba
75.0-72.85|058b00000006000300030001:,058b000000050003027fff
75.0-72.95|058c00000006000300030001:,058c000000050003027fff
75.0-73.00|058d00000006000300030001:,058d000000050003027f96
75.0-73.01|058e00000006000300030001:,058e000000050003027fba
75.0-73.10|058f00000006000300030001:,058f000000050003027fff
75.0-73.15|059000000006000300030001:,0590000000050003027fff
75.0-73.16|059100000006000300030001:,0591000000050003027edf
75.0-73.21|059200000006000300030001:,0592000000050003027f45
75.0-73.31|059300000006000300030001:,0593000000050003027f68
75.0-73.36|059400000006000300030001:,0594000000050003027fad
75.0-73.41|059500000006000300030001:,0595000000050003027edc
75.0-73.42|059600000006000300030001:,0596000000050003027ef4
75.0-73.51|059700000006000300030001:,0597000000050003027f6b
75.0-73.56|059800000006000300030001:,0598000000050003027ed8
75.0-73.61|059900000006000300030001:,0599000000050003027eb4
75.0-73.66|059a00000006000300030001:,059a000000050003027fff
75.0-73.71|059b00000006000300030001:,059b000000050003027fc6
75.0-73.72|059c00000006000300030001:,059c000000050003027fff
75.0-73.78|059d00000006000300030001:,059d000000050003027fff
75.0-73.83|059e00000006000300030001:,059e000000050003027f5c
75.0-73.92|059f00000006000300030001:,059f000000050003027fff
75.0-73.93|05a000000006000300030001:,05a0000000050003027fff
75.0-74.02|05a100000006000300030001:,05a1000000050003027efa
75.0-74.07|05a200000006000300030001:,05a2000000050003027fff
75.0-74.12|05a300000006000300030001:,05a3000000050003027edc
75.0-74.17|05a400000006000300030001:,05a4000000050003027fe6
75.0-74.23|05a500000006000300030001:,05a5000000050003027f46
75.0-74.28|05a600000006000300030001:,05a6000000050003027fff
75.0-74.33|05a700000006000300030001:,05a7000000050003027efa
75.0-74.34|05a800000006000300030001:,05a8000000050003027f46
75.0-74.43|05a900000006000300030001:,05a9000000050003027f46
75.0-74.48|05aa00000006000300030001:,05aa000000050003027fff
75.0-74.53|05ab00000006000300030001:,05ab000000050003027fff
75.0-74.55|05ac00000006000300030001:,05ac000000050003027fff
75.0-74.60|05ad00000006000300030001:,05ad000000050003027f5e
75.0-74.65|05ae00000006000300030001:,05ae000000050003027fff
75.0-74.74|05af00000006000300030001:,05af000000050003027fe7
75.0-74.79|05b000000006000300030001:,05b0000000050003027fff
75.0-74.80|05b100000006000300030001:,05b1000000050003027edc
75.0-74.90|05b200000006000300030001:,05b2000000050003027fff
75.0-74.91|05b300000006000300030001:,05b3000000050003027edc
75.0-75.00|05b400000006000300030001:,05b4000000050003027fff
75.0-75.05|05b500000006000300030001:,05b5000000050003027fff
75.0-75.10|05b600000006000300030001:,05b6000000050003027edc
75.0-75.15|05b700000006000300030001:,05b7000000050003027fff
75.0-75.21|05b800000006000300030001:,05b8000000050003027edc
75.0-75.22|05b900000006000300030001:,05b9000000050003027fab
75.0-75.27|05ba00000006000300030001:,05ba000000050003027f96
75.0-75.32|05bb00000006000300030001:,05bb000000050003027fff
75.0-75.37|05bc00000006000300030001:,05bc000000050003027edc
75.0-75.46|05bd00000006000300030001:,05bd000000050003027fff
75.0-75.51|05be00000006000300030001:,05be000000050003027f9c
75.0-75.53|05bf00000006000300030001:,05bf000000050003027ecf
75.0-75.58|05c000000006000300030001:,05c0000000050003027eb0
75.0-75.67|05c100000006000300030001:,05c1000000050003027fff
75.0-75.68|05c200000006000300030001:,05c2000000050003027fff
75.0-75.77|05c300000006000300030001:,05c3000000050003027fff
75.0-75.78|05c400000006000300030001:,05c4000000050003027edc
75.0-75.83|05c500000006000300030001:,05c5000000050003027fcb
75.0-75.89|05c600000006000300030001:,05c6000000050003027edc
75.0-75.98|05c700000006000300030001:,05c7000000050003027f96
75.0-75.99|05c800000006000300030001:,05c8000000050003027fda
75.0-76.08|05c900000006000300030001:,05c9000000050003027ecf
75.0-76.09|05ca00000006000300030001:,05ca000000050003027ecc
75.0-76.14|05cb00000006000300030001:,05cb000000050003027fff
75.0-76.19|05cc00000006000300030001:,05cc000000050003027fff
75.0-76.25|05cd00000006000300030001:,05cd000000050003027fac
75.0-76.30|05ce00000006000300030001:,05ce000000050003027fbe
75.0-76.39|05cf00000006000300030001:,05cf000000050003027f6b
75.0-76.40|05d000000006000300030001:,05d0000000050003027fad
75.0-76.45|05d100000006000300030001:,05d1000000050003027f46
75.0-76.50|05d200000006000300030001:,05d2000000050003027f46
75.0-76.59|05d300000006000300030001:,05d3000000050003027f96
75.0-76.65|05d400000006000300030001:,05d4000000050003027fad
75.0-76.70|05d500000006000300030001:,05d5000000050003027fff
75.0-76.75|05d600000006000300030001:,05d6000000050003027f45
75.0-76.80|05d700000006000300030001:,05d7000000050003027fff
75.0-76.85|05d800000006000300030001:,05d8000000050003027fff
75.0-76.86|05d900000006000300030001:,05d9000000050003027f6b
75.0-76.91|05da00000006000300030001:,05da000000050003027edc
75.0-77.01|05db00000006000300030001:,05db000000050003027edc
75.0-77.06|05dc00000006000300030001:,05dc000000050003027fe7
75.0-77.07|05dd00000006000300030001:,05dd000000050003027f96
75.0-77.16|05de00000006000300030001:,05de000000050003027ede
75.0-77.21|05df00000006000300030001:,05df000000050003027f96
75.0-77.22|05e000000006000300030001:,05e0000000050003027fff
75.0-77.31|05e100000006000300030001:,05e1000000050003027edc
75.0-77.33|05e200000006000300030001:,05e2000000050003027fff
75.0-77.42|05e300000006000300030001:,05e3000000050003027fda
75.0-77.47|05e400000006000300030001:,05e4000000050003027ede
75.0-77.48|05e500000006000300030001:,05e5000000050003027fae
75.0-77.53|05e600000006000300030001:,05e6000000050003027edc
75.0-77.58|05e700000006000300030001:,05e7000000050003027edc
75.0-77.64|05e800000006000300030001:,05e8000000050003027fbf
75.0-77.69|05e900000006000300030001:,05e9000000050003027edc
75.0-77.78|05ea00000006000300030001:,05ea000000050003027fff
75.0-77.79|05eb00000006000300030001:,05eb000000050003027fce
75.0-77.88|05ec00000006000300030001:,05ec000000050003027ede
75.0-77.89|05ed00000006000300030001:,05ed000000050003027f96
75.0-77.98|05ee00000006000300030001:,05ee000000050003027ede
75.0-78.00|05ef00000006000300030001:,05ef000000050003027fff
75.0-78.05|05f000000006000300030001:,05f0000000050003027fff
75.0-78.14|05f100000006000300030001:,05f1000000050003027fff
75.0-78.19|05f200000006000300030001:,05f2000000050003027f96
75.0-78.20|05f300000006000300030001:,05f3000000050003027fff
75.0-78.29|05f400000006000300030001:,05f4000000050003027fff
75.0-78.34|05f500000006000300030001:,05f5000000050003027fff
75.0-78.39|05f600000006000300030001:,05f6000000050003027fbf
75.0-78.41|05f700000006000300030001:,05f7000000050003027fe7
75.0-78.50|05f800000006000300030001:,05f8000000050003027fff
75.0-78.51|05f900000006000300030001:,05f9000000050003027fff
75.0-78.56|05fa00000006000300030001:,05fa000000050003027eff
75.0-78.61|05fb00000006000300030001:,05fb000000050003027fff
75.0-78.66|05fc00000006000300030001:,05fc000000050003027eff
75.0-78.71|05fd00000006000300030001:,05fd000000050003027fff
75.0-78.81|05fe00000006000300030001:,05fe000000050003027fbf
75.0-78.82|05ff00000006000300030001:,05ff000000050003027fff
75.0-78.87|060000000006000300030001:,0600000000050003027fce
75.0-78.96|060100000006000300030001:,0601000000050003027f96
75.0-79.01|060200000006000300030001:,0602000000050003027fb2
75.0-79.06|060300000006000300030001:,0603000000050003027edc
75.0-79.07|060400000006000300030001:,0604000000050003027fff
75.0-79.13|060500000006000300030001:,0605000000050003027fff
75.0-79.22|060600000006000300030001:,0606000000050003027fff
75.0-79.27|060700000006000300030001:,0607000000050003027fe7
75.0-79.32|060800000006000300030001:,0608000000050003027fff
75.0-79.37|060900000006000300030001:,0609000000050003027fff
75.0-79.38|060a00000006000300030001:,060a000000050003027fff
75.0-79.43|060b00000006000300030001:,060b000000050003027fff
75.0-79.49|060c00000006000300030001:,060c000000050003027edc
75.0-79.58|060d00000006000300030001:,060d000000050003027fff
75.0-79.63|060e00000006000300030001:,060e000000050003027f46
75.0-79.64|060f00000006000300030001:,060f000000050003027fff
75.0-79.69|061000000006000300030001:,0610000000050003027fff
75.0-79.74|061100000006000300030001:,0611000000050003027fff
75.0-79.79|061200000006000300030001:,0612000000050003027fff
75.0-79.89|061300000006000300030001:,0613000000050003027fff
75.0-79.94|061400000006000300030001:,0614000000050003027f89
75.0-79.99|061500000006000300030001:,0615000000050003027fad
