70-source_text,target_text
70-0.00|000100000006000300030001:,0001000000050003027ecc
70-0.05|000200000006000300030001:,0002000000050003027e9f
70-0.10|000300000006000300030001:,0003000000050003027e9f
70-0.15|000400000006000300030001:,0004000000050003027eb6
70-0.21|000500000006000300030001:,0005000000050003027eb6
70-0.26|000600000006000300030001:,0006000000050003027fff
70-0.31|000700000006000300030001:,0007000000050003027fff
70-0.36|000800000006000300030001:,0008000000050003027f84
70-0.41|000900000006000300030001:,0009000000050003027f84
70-0.46|000a00000006000300030001:,000a000000050003027f08
70-0.51|000b00000006000300030001:,000b000000050003027f08
70-0.56|000c00000006000300030001:,000c000000050003027ec3
70-0.62|000d00000006000300030001:,000d000000050003027ec3
70-0.67|000e00000006000300030001:,000e000000050003027eae
70-0.72|000f00000006000300030001:,000f000000050003027eae
70-0.77|001000000006000300030001:,0010000000050003027fff
70-0.82|001100000006000300030001:,0011000000050003027fff
70-0.87|001200000006000300030001:,0012000000050003027fd8
70-0.93|001300000006000300030001:,0013000000050003027fd8
70-0.98|001400000006000300030001:,0014000000050003027fe2
70-1.03|001500000006000300030001:,0015000000050003027fe2
70-1.08|001600000006000300030001:,0016000000050003027f19
70-1.13|001700000006000300030001:,0017000000050003027f19
70-1.18|001800000006000300030001:,0018000000050003027f9d
70-1.23|001900000006000300030001:,0019000000050003027f9d
70-1.29|001a00000006000300030001:,001a000000050003027fff
70-1.34|001b00000006000300030001:,001b000000050003027fff
70-1.39|001c00000006000300030001:,001c000000050003027fff
70-1.44|001d00000006000300030001:,001d000000050003027fff
70-1.49|001e00000006000300030001:,001e000000050003027f80
70-1.54|001f00000006000300030001:,001f000000050003027f80
70-1.59|002000000006000300030001:,0020000000050003027eef
70-1.64|002100000006000300030001:,0021000000050003027f8b
70-1.69|002200000006000300030001:,0022000000050003027f8b
70-1.75|002300000006000300030001:,0023000000050003027fff
70-1.80|002400000006000300030001:,0024000000050003027fff
70-1.85|002500000006000300030001:,0025000000050003027f80
70-1.90|002600000006000300030001:,0026000000050003027f80
70-1.95|002700000006000300030001:,0027000000050003027fff
70-2.00|002800000006000300030001:,0028000000050003027fff
70-2.06|002900000006000300030001:,0029000000050003027f06
70-2.11|002a00000006000300030001:,002a000000050003027f06
70-2.16|002b00000006000300030001:,002b000000050003027f1d
70-2.21|002c00000006000300030001:,002c000000050003027f1d
70-2.26|002d00000006000300030001:,002d000000050003027fff
70-2.31|002e00000006000300030001:,002e000000050003027fff
70-2.36|002f00000006000300030001:,002f000000050003027fff
70-2.41|003000000006000300030001:,0030000000050003027fff
70-2.47|003100000006000300030001:,0031000000050003027fb0
70-2.52|003200000006000300030001:,0032000000050003027fb0
70-2.57|003300000006000300030001:,0033000000050003027eef
70-2.62|003400000006000300030001:,0034000000050003027eef
70-2.67|003500000006000300030001:,0035000000050003027f47
70-2.72|003600000006000300030001:,0036000000050003027f47
70-2.77|003700000006000300030001:,0037000000050003027faf
70-2.83|003800000006000300030001:,0038000000050003027faf
70-2.88|003900000006000300030001:,0039000000050003027f36
70-2.93|003a00000006000300030001:,003a000000050003027f36
70-2.98|003b00000006000300030001:,003b000000050003027fff
70-3.03|003c00000006000300030001:,003c000000050003027fff
70-3.09|003d00000006000300030001:,003d000000050003027eb2
70-3.14|003e00000006000300030001:,003e000000050003027eb2
70-3.19|003f00000006000300030001:,003f000000050003027e78
70-3.24|004000000006000300030001:,0040000000050003027f40
70-3.30|004100000006000300030001:,0041000000050003027f40
70-3.35|004200000006000300030001:,0042000000050003027fea
70-3.40|004300000006000300030001:,0043000000050003027fea
70-3.45|004400000006000300030001:,0044000000050003027fff
70-3.51|004500000006000300030001:,0045000000050003027fff
70-3.56|004600000006000300030001:,0046000000050003027f30
70-3.61|004700000006000300030001:,0047000000050003027f30
70-3.66|004800000006000300030001:,0048000000050003027ef3
70-3.71|004900000006000300030001:,0049000000050003027ef3
70-3.76|004a00000006000300030001:,004a000000050003027ecb
70-3.82|004b00000006000300030001:,004b000000050003027ecb
70-3.87|004c00000006000300030001:,004c000000050003027ed6
70-3.92|004d00000006000300030001:,004d000000050003027ed6
70-3.97|004e00000006000300030001:,004e000000050003027fff
70-4.02|004f00000006000300030001:,004f000000050003027fff
70-4.07|005000000006000300030001:,0050000000050003027fc5
70-4.12|005100000006000300030001:,0051000000050003027fc5
70-4.18|005200000006000300030001:,0052000000050003027ec1
70-4.23|005300000006000300030001:,0053000000050003027ec1
70-4.28|005400000006000300030001:,0054000000050003027e63
70-4.33|005500000006000300030001:,0055000000050003027e63
70-4.38|005600000006000300030001:,0056000000050003027fbc
70-4.43|005700000006000300030001:,0057000000050003027fbc
70-4.49|005800000006000300030001:,0058000000050003027fff
70-4.54|005900000006000300030001:,0059000000050003027fff
70-4.59|005a00000006000300030001:,005a000000050003027f98
70-4.64|005b00000006000300030001:,005b000000050003027f98
70-4.69|005c00000006000300030001:,005c000000050003027ebb
70-4.74|005d00000006000300030001:,005d000000050003027ebb
70-4.79|005e00000006000300030001:,005e000000050003027ed7
70-4.85|005f00000006000300030001:,005f000000050003027e9d
70-4.90|006000000006000300030001:,0060000000050003027e9d
70-4.95|006100000006000300030001:,0061000000050003027fff
70-5.00|006200000006000300030001:,0062000000050003027fff
70-5.05|006300000006000300030001:,0063000000050003027fa4
70-5.11|006400000006000300030001:,0064000000050003027fa4
70-5.16|006500000006000300030001:,0065000000050003027ed4
70-5.21|006600000006000300030001:,0066000000050003027ed4
70-5.27|006700000006000300030001:,0067000000050003027ee3
70-5.32|006800000006000300030001:,0068000000050003027ee3
70-5.37|006900000006000300030001:,0069000000050003027f9b
70-5.42|006a00000006000300030001:,006a000000050003027f9b
70-5.47|006b00000006000300030001:,006b000000050003027fff
70-5.52|006c00000006000300030001:,006c000000050003027fff
70-5.57|006d00000006000300030001:,006d000000050003027f60
70-5.62|006e00000006000300030001:,006e000000050003027f60
70-5.68|006f00000006000300030001:,006f000000050003027ec0
70-5.73|007000000006000300030001:,0070000000050003027ec0
70-5.78|007100000006000300030001:,0071000000050003027e9f
70-5.83|007200000006000300030001:,0072000000050003027e9f
70-5.88|007300000006000300030001:,0073000000050003027eb6
70-5.93|007400000006000300030001:,0074000000050003027eb6
70-5.98|007500000006000300030001:,0075000000050003027fff
70-6.04|007600000006000300030001:,0076000000050003027fff
70-6.09|007700000006000300030001:,0077000000050003027f90
70-6.14|007800000006000300030001:,0078000000050003027f90
70-6.19|007900000006000300030001:,0079000000050003027f14
70-6.24|007a00000006000300030001:,007a000000050003027f14
70-6.29|007b00000006000300030001:,007b000000050003027ecf
70-6.34|007c00000006000300030001:,007c000000050003027f88
70-6.40|007d00000006000300030001:,007d000000050003027f88
70-6.45|007e00000006000300030001:,007e000000050003027fff
70-6.50|007f00000006000300030001:,007f000000050003027fff
70-6.55|008000000006000300030001:,0080000000050003027f9c
70-6.60|008100000006000300030001:,0081000000050003027f9c
70-6.65|008200000006000300030001:,0082000000050003027f45
70-6.70|008300000006000300030001:,0083000000050003027f45
70-6.75|008400000006000300030001:,0084000000050003027e8b
70-6.80|008500000006000300030001:,0085000000050003027e8b
70-6.86|008600000006000300030001:,0086000000050003027ef2
70-6.91|008700000006000300030001:,0087000000050003027ef2
70-6.96|008800000006000300030001:,0088000000050003027fff
70-7.01|008900000006000300030001:,0089000000050003027fff
70-7.06|008a00000006000300030001:,008a000000050003027fac
70-7.11|008b00000006000300030001:,008b000000050003027fac
70-7.16|008c00000006000300030001:,008c000000050003027f7d
70-7.21|008d00000006000300030001:,008d000000050003027f7d
70-7.26|008e00000006000300030001:,008e000000050003027eec
70-7.32|008f00000006000300030001:,008f000000050003027eec
70-7.37|009000000006000300030001:,0090000000050003027f1f
70-7.42|009100000006000300030001:,0091000000050003027f1f
70-7.47|009200000006000300030001:,0092000000050003027fff
70-7.52|009300000006000300030001:,0093000000050003027fff
70-7.57|009400000006000300030001:,0094000000050003027fff
70-7.62|009500000006000300030001:,0095000000050003027fff
70-7.67|009600000006000300030001:,0096000000050003027f73
70-7.72|009700000006000300030001:,0097000000050003027f73
70-7.78|009800000006000300030001:,0098000000050003027f3e
70-7.83|009900000006000300030001:,0099000000050003027f3e
70-7.88|009a00000006000300030001:,009a000000050003027f55
70-7.93|009b00000006000300030001:,009b000000050003027f55
70-7.98|009c00000006000300030001:,009c000000050003027fff
70-8.03|009d00000006000300030001:,009d000000050003027fff
70-8.08|009e00000006000300030001:,009e000000050003027fff
70-8.13|009f00000006000300030001:,009f000000050003027fff
70-8.19|00a000000006000300030001:,00a0000000050003027fff
70-8.24|00a100000006000300030001:,00a1000000050003027fff
70-8.29|00a200000006000300030001:,00a2000000050003027ee2
70-8.34|00a300000006000300030001:,00a3000000050003027ee2
70-8.39|00a400000006000300030001:,00a4000000050003027f97
70-8.44|00a500000006000300030001:,00a5000000050003027f97
70-8.49|00a600000006000300030001:,00a6000000050003027fa3
70-8.55|00a700000006000300030001:,00a7000000050003027fff
70-8.60|00a800000006000300030001:,00a8000000050003027fff
70-8.65|00a900000006000300030001:,00a9000000050003027f66
70-8.70|00aa00000006000300030001:,00aa000000050003027f66
70-8.75|00ab00000006000300030001:,00ab000000050003027fdf
70-8.80|00ac00000006000300030001:,00ac000000050003027fdf
70-8.85|00ad00000006000300030001:,00ad000000050003027f56
70-8.90|00ae00000006000300030001:,00ae000000050003027f56
70-8.96|00af00000006000300030001:,00af000000050003027fce
70-9.01|00b000000006000300030001:,00b0000000050003027fce
70-9.06|00b100000006000300030001:,00b1000000050003027fff
70-9.11|00b200000006000300030001:,00b2000000050003027fff
70-9.16|00b300000006000300030001:,00b3000000050003027fff
70-9.21|00b400000006000300030001:,00b4000000050003027fff
70-9.26|00b500000006000300030001:,00b5000000050003027f24
70-9.31|00b600000006000300030001:,00b6000000050003027f24
70-9.37|00b700000006000300030001:,00b7000000050003027ee7
70-9.42|00b800000006000300030001:,00b8000000050003027ee7
70-9.47|00b900000006000300030001:,00b9000000050003027ebf
70-9.52|00ba00000006000300030001:,00ba000000050003027ebf
70-9.57|00bb00000006000300030001:,00bb000000050003027eca
70-9.62|00bc00000006000300030001:,00bc000000050003027eca
70-9.67|00bd00000006000300030001:,00bd000000050003027f62
70-9.72|00be00000006000300030001:,00be000000050003027f62
70-9.78|00bf00000006000300030001:,00bf000000050003027f9a
70-9.83|00c000000006000300030001:,00c0000000050003027f9a
70-9.88|00c100000006000300030001:,00c1000000050003027f36
70-9.93|00c200000006000300030001:,00c2000000050003027f36
70-9.98|00c300000006000300030001:,00c3000000050003027f29
70-10.03|00c400000006000300030001:,00c4000000050003027f29
70-10.08|00c500000006000300030001:,00c5000000050003027fff
70-10.13|00c600000006000300030001:,00c6000000050003027fff
70-10.18|00c700000006000300030001:,00c7000000050003027fff
70-10.23|00c800000006000300030001:,00c8000000050003027fff
70-10.29|00c900000006000300030001:,00c9000000050003027ef8
70-10.34|00ca00000006000300030001:,00ca000000050003027ef8
70-10.39|00cb00000006000300030001:,00cb000000050003027ebb
70-10.44|00cc00000006000300030001:,00cc000000050003027ebb
70-10.49|00cd00000006000300030001:,00cd000000050003027e86
70-10.54|00ce00000006000300030001:,00ce000000050003027e86
70-10.59|00cf00000006000300030001:,00cf000000050003027f90
70-10.64|00d000000006000300030001:,00d0000000050003027fff
70-10.69|00d100000006000300030001:,00d1000000050003027fff
70-10.75|00d200000006000300030001:,00d2000000050003027f54
70-10.80|00d300000006000300030001:,00d3000000050003027f54
70-10.85|00d400000006000300030001:,00d4000000050003027e98
70-10.90|00d500000006000300030001:,00d5000000050003027e98
70-10.95|00d600000006000300030001:,00d6000000050003027e93
70-11.00|00d700000006000300030001:,00d7000000050003027e93
70-11.05|00d800000006000300030001:,00d8000000050003027f4b
70-11.10|00d900000006000300030001:,00d9000000050003027f4b
70-11.16|00da00000006000300030001:,00da000000050003027fff
70-11.21|00db00000006000300030001:,00db000000050003027fff
70-11.26|00dc00000006000300030001:,00dc000000050003027f6c
70-11.31|00dd00000006000300030001:,00dd000000050003027f6c
70-11.36|00de00000006000300030001:,00de000000050003027ed8
70-11.41|00df00000006000300030001:,00df000000050003027ed8
70-11.46|00e000000006000300030001:,00e0000000050003027eab
70-11.52|00e100000006000300030001:,00e1000000050003027eab
70-11.57|00e200000006000300030001:,00e2000000050003027ec2
70-11.62|00e300000006000300030001:,00e3000000050003027ec2
70-11.67|00e400000006000300030001:,00e4000000050003027fff
70-11.72|00e500000006000300030001:,00e5000000050003027fff
70-11.77|00e600000006000300030001:,00e6000000050003027f9c
70-11.82|00e700000006000300030001:,00e7000000050003027f9c
70-11.87|00e800000006000300030001:,00e8000000050003027f61
70-11.93|00e900000006000300030001:,00e9000000050003027f61
70-11.98|00ea00000006000300030001:,00ea000000050003027edc
70-12.03|00eb00000006000300030001:,00eb000000050003027edc
70-12.08|00ec00000006000300030001:,00ec000000050003027ef3
70-12.13|00ed00000006000300030001:,00ed000000050003027ef3
70-12.18|00ee00000006000300030001:,00ee000000050003027fff
70-12.23|00ef00000006000300030001:,00ef000000050003027fff
70-12.29|00f000000006000300030001:,00f0000000050003027fd8
70-12.34|00f100000006000300030001:,00f1000000050003027fd8
70-12.39|00f200000006000300030001:,00f2000000050003027f4c
70-12.44|00f300000006000300030001:,00f3000000050003027f4c
70-12.49|00f400000006000300030001:,00f4000000050003027ec6
70-12.54|00f500000006000300030001:,00f5000000050003027ec6
70-12.59|00f600000006000300030001:,00f6000000050003027f2d
70-12.64|00f700000006000300030001:,00f7000000050003027f2d
70-12.69|00f800000006000300030001:,00f8000000050003027fff
70-12.74|00f900000006000300030001:,00f9000000050003027fff
70-12.80|00fa00000006000300030001:,00fa000000050003027fff
70-12.85|00fb00000006000300030001:,00fb000000050003027fe8
70-12.90|00fc00000006000300030001:,00fc000000050003027fe8
70-12.95|00fd00000006000300030001:,00fd000000050003027f3f
70-13.00|00fe00000006000300030001:,00fe000000050003027f3f
70-13.05|00ff00000006000300030001:,00ff000000050003027f56
70-13.10|010000000006000300030001:,0100000000050003027f56
70-13.16|010100000006000300030001:,0101000000050003027fff
70-13.21|010200000006000300030001:,0102000000050003027fff
70-13.26|010300000006000300030001:,0103000000050003027f80
70-13.31|010400000006000300030001:,0104000000050003027f80
70-13.36|010500000006000300030001:,0105000000050003027ee8
70-13.41|010600000006000300030001:,0106000000050003027ee8
70-13.46|010700000006000300030001:,0107000000050003027ebf
70-13.52|010800000006000300030001:,0108000000050003027ebf
70-13.57|010900000006000300030001:,0109000000050003027e85
70-13.62|010a00000006000300030001:,010a000000050003027e85
70-13.67|010b00000006000300030001:,010b000000050003027f7e
70-13.72|010c00000006000300030001:,010c000000050003027f7e
70-13.77|010d00000006000300030001:,010d000000050003027ff7
70-13.82|010e00000006000300030001:,010e000000050003027ff7
70-13.88|010f00000006000300030001:,010f000000050003027fff
70-13.93|011000000006000300030001:,0110000000050003027fff
70-13.98|011100000006000300030001:,0111000000050003027ef6
70-14.03|011200000006000300030001:,0112000000050003027ef6
70-14.08|011300000006000300030001:,0113000000050003027ebc
70-14.14|011400000006000300030001:,0114000000050003027ebc
70-14.19|011500000006000300030001:,0115000000050003027fff
70-14.24|011600000006000300030001:,0116000000050003027fff
70-14.29|011700000006000300030001:,0117000000050003027fbc
70-14.34|011800000006000300030001:,0118000000050003027fbc
70-14.39|011900000006000300030001:,0119000000050003027f1c
70-14.44|011a00000006000300030001:,011a000000050003027f1c
70-14.49|011b00000006000300030001:,011b000000050003027f9d
70-14.54|011c00000006000300030001:,011c000000050003027f14
70-14.60|011d00000006000300030001:,011d000000050003027f14
70-14.65|011e00000006000300030001:,011e000000050003027f5b
70-14.70|011f00000006000300030001:,011f000000050003027f5b
70-14.75|012000000006000300030001:,0120000000050003027fff
70-14.80|012100000006000300030001:,0121000000050003027fff
70-14.85|012200000006000300030001:,0122000000050003027fff
70-14.90|012300000006000300030001:,0123000000050003027fff
70-14.95|012400000006000300030001:,0124000000050003027f24
70-15.00|012500000006000300030001:,0125000000050003027f24
70-15.05|012600000006000300030001:,0126000000050003027ee7
70-15.11|012700000006000300030001:,0127000000050003027ee7
70-15.16|012800000006000300030001:,0128000000050003027ffe
70-15.21|012900000006000300030001:,0129000000050003027ffe
70-15.26|012a00000006000300030001:,012a000000050003027f6e
70-15.31|012b00000006000300030001:,012b000000050003027f6e
70-15.36|012c00000006000300030001:,012c000000050003027f67
70-15.41|012d00000006000300030001:,012d000000050003027f67
70-15.47|012e00000006000300030001:,012e000000050003027f9f
70-15.52|012f00000006000300030001:,012f000000050003027f9f
70-15.57|013000000006000300030001:,0130000000050003027f47
70-15.62|013100000006000300030001:,0131000000050003027f47
70-15.67|013200000006000300030001:,0132000000050003027f2e
70-15.73|013300000006000300030001:,0133000000050003027f2e
70-15.78|013400000006000300030001:,0134000000050003027fe6
70-15.83|013500000006000300030001:,0135000000050003027fe6
70-15.88|013600000006000300030001:,0136000000050003027fff
70-15.93|013700000006000300030001:,0137000000050003027fff
70-15.98|013800000006000300030001:,0138000000050003027f98
70-16.03|013900000006000300030001:,0139000000050003027f98
70-16.09|013a00000006000300030001:,013a000000050003027edc
70-16.14|013b00000006000300030001:,013b000000050003027edc
70-16.19|013c00000006000300030001:,013c000000050003027ed7
70-16.24|013d00000006000300030001:,013d000000050003027ed7
70-16.29|013e00000006000300030001:,013e000000050003027f8f
70-16.34|013f00000006000300030001:,013f000000050003027fff
70-16.40|014000000006000300030001:,0140000000050003027fff
70-16.45|014100000006000300030001:,0141000000050003027fff
70-16.50|014200000006000300030001:,0142000000050003027fff
70-16.55|014300000006000300030001:,0143000000050003027f36
70-16.60|014400000006000300030001:,0144000000050003027f36
70-16.65|014500000006000300030001:,0145000000050003027f3d
70-16.70|014600000006000300030001:,0146000000050003027f3d
70-16.76|014700000006000300030001:,0147000000050003027ff6
70-16.81|014800000006000300030001:,0148000000050003027ff6
70-16.86|014900000006000300030001:,0149000000050003027fff
70-16.91|014a00000006000300030001:,014a000000050003027fff
70-16.96|014b00000006000300030001:,014b000000050003027fe0
70-17.01|014c00000006000300030001:,014c000000050003027fe0
70-17.07|014d00000006000300030001:,014d000000050003027f48
70-17.12|014e00000006000300030001:,014e000000050003027f48
70-17.17|014f00000006000300030001:,014f000000050003027f1f
70-17.22|015000000006000300030001:,0150000000050003027f1f
70-17.27|015100000006000300030001:,0151000000050003027f36
70-17.32|015200000006000300030001:,0152000000050003027f36
70-17.37|015300000006000300030001:,0153000000050003027fff
70-17.42|015400000006000300030001:,0154000000050003027fff
70-17.48|015500000006000300030001:,0155000000050003027fa4
70-17.53|015600000006000300030001:,0156000000050003027fa4
70-17.58|015700000006000300030001:,0157000000050003027f18
70-17.63|015800000006000300030001:,0158000000050003027f18
70-17.68|015900000006000300030001:,0159000000050003027ee3
70-17.73|015a00000006000300030001:,015a000000050003027ee3
70-17.79|015b00000006000300030001:,015b000000050003027efa
70-17.84|015c00000006000300030001:,015c000000050003027efa
70-17.89|015d00000006000300030001:,015d000000050003027fff
70-17.94|015e00000006000300030001:,015e000000050003027fff
70-17.99|015f00000006000300030001:,015f000000050003027f80
70-18.04|016000000006000300030001:,0160000000050003027f80
70-18.09|016100000006000300030001:,0161000000050003027ef4
70-18.15|016200000006000300030001:,0162000000050003027ebf
70-18.20|016300000006000300030001:,0163000000050003027ebf
70-18.25|016400000006000300030001:,0164000000050003027ed6
70-18.30|016500000006000300030001:,0165000000050003027ed6
70-18.35|016600000006000300030001:,0166000000050003027fff
70-18.40|016700000006000300030001:,0167000000050003027fff
70-18.45|016800000006000300030001:,0168000000050003027fff
70-18.50|016900000006000300030001:,0169000000050003027fff
70-18.56|016a00000006000300030001:,016a000000050003027f23
70-18.61|016b00000006000300030001:,016b000000050003027f23
70-18.66|016c00000006000300030001:,016c000000050003027f06
70-18.71|016d00000006000300030001:,016d000000050003027f06
70-18.76|016e00000006000300030001:,016e000000050003027f05
70-18.81|016f00000006000300030001:,016f000000050003027f05
70-18.86|017000000006000300030001:,0170000000050003027fff
70-18.91|017100000006000300030001:,0171000000050003027fff
70-18.97|017200000006000300030001:,0172000000050003027fc5
70-19.02|017300000006000300030001:,0173000000050003027fc5
70-19.07|017400000006000300030001:,0174000000050003027edd
70-19.12|017500000006000300030001:,0175000000050003027edd
70-19.17|017600000006000300030001:,0176000000050003027eb4
70-19.22|017700000006000300030001:,0177000000050003027eb4
70-19.27|017800000006000300030001:,0178000000050003027e7a
70-19.32|017900000006000300030001:,0179000000050003027e7a
70-19.37|017a00000006000300030001:,017a000000050003027f7f
70-19.43|017b00000006000300030001:,017b000000050003027f7f
70-19.48|017c00000006000300030001:,017c000000050003027fec
70-19.53|017d00000006000300030001:,017d000000050003027fec
70-19.58|017e00000006000300030001:,017e000000050003027f6c
70-19.63|017f00000006000300030001:,017f000000050003027f6c
70-19.68|018000000006000300030001:,0180000000050003027f2b
70-19.73|018100000006000300030001:,0181000000050003027f2b
70-19.78|018200000006000300030001:,0182000000050003027ef1
70-19.84|018300000006000300030001:,0183000000050003027ef1
70-19.89|018400000006000300030001:,0184000000050003027fff
70-19.94|018500000006000300030001:,0185000000050003027fff
70-19.99|018600000006000300030001:,0186000000050003027f60
70-20.04|018700000006000300030001:,0187000000050003027f60
70-20.09|018800000006000300030001:,0188000000050003027ec0
70-20.14|018900000006000300030001:,0189000000050003027f41
70-20.19|018a00000006000300030001:,018a000000050003027f41
70-20.25|018b00000006000300030001:,018b000000050003027e67
70-20.30|018c00000006000300030001:,018c000000050003027e67
70-20.35|018d00000006000300030001:,018d000000050003027f7c
70-20.40|018e00000006000300030001:,018e000000050003027f7c
70-20.45|018f00000006000300030001:,018f000000050003027fd9
70-20.50|019000000006000300030001:,0190000000050003027fd9
70-20.55|019100000006000300030001:,0191000000050003027fff
70-20.60|019200000006000300030001:,0192000000050003027fff
70-20.65|019300000006000300030001:,0193000000050003027e82
70-20.71|019400000006000300030001:,0194000000050003027e82
70-20.76|019500000006000300030001:,0195000000050003027e91
70-20.81|019600000006000300030001:,0196000000050003027e91
70-20.86|019700000006000300030001:,0197000000050003027ff7
70-20.92|019800000006000300030001:,0198000000050003027ff7
70-20.97|019900000006000300030001:,0199000000050003027fbd
70-21.02|019a00000006000300030001:,019a000000050003027fbd
70-21.07|019b00000006000300030001:,019b000000050003027fde
70-21.12|019c00000006000300030001:,019c000000050003027fde
70-21.17|019d00000006000300030001:,019d000000050003027ff0
70-21.23|019e00000006000300030001:,019e000000050003027ff0
70-21.28|019f00000006000300030001:,019f000000050003027f84
70-21.33|01a000000006000300030001:,01a0000000050003027f84
70-21.38|01a100000006000300030001:,01a1000000050003027f2f
70-21.43|01a200000006000300030001:,01a2000000050003027f2f
70-21.48|01a300000006000300030001:,01a3000000050003027fe7
70-21.53|01a400000006000300030001:,01a4000000050003027fe7
70-21.59|01a500000006000300030001:,01a5000000050003027fff
70-21.64|01a600000006000300030001:,01a6000000050003027fff
70-21.69|01a700000006000300030001:,01a7000000050003027fec
70-21.74|01a800000006000300030001:,01a8000000050003027fec
70-21.79|01a900000006000300030001:,01a9000000050003027f60
70-21.84|01aa00000006000300030001:,01aa000000050003027f60
70-21.89|01ab00000006000300030001:,01ab000000050003027fbd
70-21.95|01ac00000006000300030001:,01ac000000050003027fe5
70-22.00|01ad00000006000300030001:,01ad000000050003027fe5
70-22.05|01ae00000006000300030001:,01ae000000050003027fff
70-22.10|01af00000006000300030001:,01af000000050003027fff
70-22.15|01b000000006000300030001:,01b0000000050003027fa4
70-22.20|01b100000006000300030001:,01b1000000050003027fa4
70-22.25|01b200000006000300030001:,01b2000000050003027f69
70-22.30|01b300000006000300030001:,01b3000000050003027f69
70-22.35|01b400000006000300030001:,01b4000000050003027ee4
70-22.41|01b500000006000300030001:,01b5000000050003027ee4
70-22.46|01b600000006000300030001:,01b6000000050003027efb
70-22.51|01b700000006000300030001:,01b7000000050003027efb
70-22.56|01b800000006000300030001:,01b8000000050003027fff
70-22.61|01b900000006000300030001:,01b9000000050003027fff
70-22.67|01ba00000006000300030001:,01ba000000050003027f74
70-22.72|01bb00000006000300030001:,01bb000000050003027f74
70-22.77|01bc00000006000300030001:,01bc000000050003027ee8
70-22.82|01bd00000006000300030001:,01bd000000050003027ee8
70-22.87|01be00000006000300030001:,01be000000050003027ebf
70-22.92|01bf00000006000300030001:,01bf000000050003027ebf
70-22.97|01c000000006000300030001:,01c0000000050003027eca
70-23.03|01c100000006000300030001:,01c1000000050003027eca
70-23.08|01c200000006000300030001:,01c2000000050003027fff
70-23.13|01c300000006000300030001:,01c3000000050003027fff
70-23.18|01c400000006000300030001:,01c4000000050003027fd1
70-23.23|01c500000006000300030001:,01c5000000050003027fd1
70-23.29|01c600000006000300030001:,01c6000000050003027ef5
70-23.34|01c700000006000300030001:,01c7000000050003027ef5
70-23.39|01c800000006000300030001:,01c8000000050003027ec0
70-23.44|01c900000006000300030001:,01c9000000050003027ec0
70-23.49|01ca00000006000300030001:,01ca000000050003027ed7
70-23.54|01cb00000006000300030001:,01cb000000050003027ed7
70-23.59|01cc00000006000300030001:,01cc000000050003027fff
70-23.64|01cd00000006000300030001:,01cd000000050003027fc5
70-23.70|01ce00000006000300030001:,01ce000000050003027fc5
70-23.75|01cf00000006000300030001:,01cf000000050003027edd
70-23.80|01d000000006000300030001:,01d0000000050003027edd
70-23.85|01d100000006000300030001:,01d1000000050003027eb4
70-23.90|01d200000006000300030001:,01d2000000050003027eb4
70-23.95|01d300000006000300030001:,01d3000000050003027e7a
70-24.00|01d400000006000300030001:,01d4000000050003027e7a
70-24.05|01d500000006000300030001:,01d5000000050003027fff
70-24.11|01d600000006000300030001:,01d6000000050003027fff
70-24.16|01d700000006000300030001:,01d7000000050003027f98
70-24.21|01d800000006000300030001:,01d8000000050003027f98
70-24.26|01d900000006000300030001:,01d9000000050003027ec8
70-24.31|01da00000006000300030001:,01da000000050003027ec8
70-24.36|01db00000006000300030001:,01db000000050003027ed7
70-24.42|01dc00000006000300030001:,01dc000000050003027ed7
70-24.47|01dd00000006000300030001:,01dd000000050003027e9d
70-24.52|01de00000006000300030001:,01de000000050003027e9d
70-24.57|01df00000006000300030001:,01df000000050003027fff
70-24.62|01e000000006000300030001:,01e0000000050003027fff
70-24.67|01e100000006000300030001:,01e1000000050003027ff5
70-24.72|01e200000006000300030001:,01e2000000050003027ff5
70-24.78|01e300000006000300030001:,01e3000000050003027f56
70-24.83|01e400000006000300030001:,01e4000000050003027f56
70-24.88|01e500000006000300030001:,01e5000000050003027f86
70-24.93|01e600000006000300030001:,01e6000000050003027f86
70-24.98|01e700000006000300030001:,01e7000000050003027efd
70-25.03|01e800000006000300030001:,01e8000000050003027efd
70-25.08|01e900000006000300030001:,01e9000000050003027fff
70-25.13|01ea00000006000300030001:,01ea000000050003027fff
70-25.18|01eb00000006000300030001:,01eb000000050003027f9c
70-25.24|01ec00000006000300030001:,01ec000000050003027f9c
70-25.29|01ed00000006000300030001:,01ed000000050003027f20
70-25.34|01ee00000006000300030001:,01ee000000050003027f20
70-25.39|01ef00000006000300030001:,01ef000000050003027edb
70-25.44|01f000000006000300030001:,01f0000000050003027edb
70-25.49|01f100000006000300030001:,01f1000000050003027f0b
70-25.54|01f200000006000300030001:,01f2000000050003027fff
70-25.60|01f300000006000300030001:,01f3000000050003027fff
70-25.65|01f400000006000300030001:,01f4000000050003027f9c
70-25.70|01f500000006000300030001:,01f5000000050003027f9c
70-25.75|01f600000006000300030001:,01f6000000050003027f39
70-25.80|01f700000006000300030001:,01f7000000050003027f39
70-25.85|01f800000006000300030001:,01f8000000050003027fce
70-25.90|01f900000006000300030001:,01f9000000050003027fce
70-25.96|01fa00000006000300030001:,01fa000000050003027f25
70-26.01|01fb00000006000300030001:,01fb000000050003027f25
70-26.06|01fc00000006000300030001:,01fc000000050003027f0c
70-26.11|01fd00000006000300030001:,01fd000000050003027f0c
70-26.16|01fe00000006000300030001:,01fe000000050003027fff
70-26.21|01ff00000006000300030001:,01ff000000050003027fff
70-26.26|020000000006000300030001:,0200000000050003027fd0
70-26.32|020100000006000300030001:,0201000000050003027fd0
70-26.37|020200000006000300030001:,0202000000050003027eef
70-26.42|020300000006000300030001:,0203000000050003027eef
70-26.47|020400000006000300030001:,0204000000050003027f23
70-26.52|020500000006000300030001:,0205000000050003027f23
70-26.57|020600000006000300030001:,0206000000050003027fff
70-26.62|020700000006000300030001:,0207000000050003027fff
70-26.68|020800000006000300030001:,0208000000050003027f80
70-26.73|020900000006000300030001:,0209000000050003027f80
70-26.78|020a00000006000300030001:,020a000000050003027fb9
70-26.83|020b00000006000300030001:,020b000000050003027fb9
70-26.88|020c00000006000300030001:,020c000000050003027fff
70-26.93|020d00000006000300030001:,020d000000050003027fff
70-26.98|020e00000006000300030001:,020e000000050003027fb7
70-27.04|020f00000006000300030001:,020f000000050003027fb7
70-27.09|021000000006000300030001:,0210000000050003027fe8
70-27.14|021100000006000300030001:,0211000000050003027fe8
70-27.19|021200000006000300030001:,0212000000050003027f57
70-27.24|021300000006000300030001:,0213000000050003027f57
70-27.29|021400000006000300030001:,0214000000050003027fff
70-27.34|021500000006000300030001:,0215000000050003027ee2
70-27.39|021600000006000300030001:,0216000000050003027ee2
70-27.45|021700000006000300030001:,0217000000050003027f46
70-27.50|021800000006000300030001:,0218000000050003027f46
70-27.55|021900000006000300030001:,0219000000050003027f96
70-27.60|021a00000006000300030001:,021a000000050003027f96
70-27.65|021b00000006000300030001:,021b000000050003027f29
70-27.70|021c00000006000300030001:,021c000000050003027f29
70-27.76|021d00000006000300030001:,021d000000050003027fff
70-27.81|021e00000006000300030001:,021e000000050003027fff
70-27.86|021f00000006000300030001:,021f000000050003027ff4
70-27.91|022000000006000300030001:,0220000000050003027ff4
70-27.96|022100000006000300030001:,0221000000050003027f68
70-28.01|022200000006000300030001:,0222000000050003027f68
70-28.06|022300000006000300030001:,0223000000050003027f88
70-28.11|022400000006000300030001:,0224000000050003027f88
70-28.17|022500000006000300030001:,0225000000050003027f4b
70-28.22|022600000006000300030001:,0226000000050003027f4b
70-28.27|022700000006000300030001:,0227000000050003027fff
70-28.32|022800000006000300030001:,0228000000050003027fff
70-28.37|022900000006000300030001:,0229000000050003027e82
70-28.42|022a00000006000300030001:,022a000000050003027e82
70-28.47|022b00000006000300030001:,022b000000050003027ee6
70-28.53|022c00000006000300030001:,022c000000050003027ee6
70-28.58|022d00000006000300030001:,022d000000050003027eb1
70-28.63|022e00000006000300030001:,022e000000050003027eb1
70-28.68|022f00000006000300030001:,022f000000050003027ec8
70-28.73|023000000006000300030001:,0230000000050003027ec8
70-28.78|023100000006000300030001:,0231000000050003027fff
70-28.84|023200000006000300030001:,0232000000050003027fff
70-28.89|023300000006000300030001:,0233000000050003027f30
70-28.94|023400000006000300030001:,0234000000050003027f30
70-28.99|023500000006000300030001:,0235000000050003027ee7
70-29.04|023600000006000300030001:,0236000000050003027ee7
70-29.09|023700000006000300030001:,0237000000050003027ebe
70-29.14|023800000006000300030001:,0238000000050003027e84
70-29.20|023900000006000300030001:,0239000000050003027e84
70-29.25|023a00000006000300030001:,023a000000050003027fff
70-29.30|023b00000006000300030001:,023b000000050003027fff
70-29.35|023c00000006000300030001:,023c000000050003027f98
70-29.40|023d00000006000300030001:,023d000000050003027f98
70-29.46|023e00000006000300030001:,023e000000050003027ee0
70-29.51|023f00000006000300030001:,023f000000050003027ee0
70-29.56|024000000006000300030001:,0240000000050003027ed7
70-29.61|024100000006000300030001:,0241000000050003027ed7
70-29.66|024200000006000300030001:,0242000000050003027f8f
70-29.71|024300000006000300030001:,0243000000050003027f8f
70-29.76|024400000006000300030001:,0244000000050003027fff
70-29.82|024500000006000300030001:,0245000000050003027fff
70-29.87|024600000006000300030001:,0246000000050003027f60
70-29.92|024700000006000300030001:,0247000000050003027f60
70-29.97|024800000006000300030001:,0248000000050003027ecc
70-30.02|024900000006000300030001:,0249000000050003027ecc
70-30.07|024a00000006000300030001:,024a000000050003027e9f
70-30.12|024b00000006000300030001:,024b000000050003027e9f
70-30.17|024c00000006000300030001:,024c000000050003027e71
70-30.23|024d00000006000300030001:,024d000000050003027e71
70-30.28|024e00000006000300030001:,024e000000050003027fff
70-30.33|024f00000006000300030001:,024f000000050003027fff
70-30.38|025000000006000300030001:,0250000000050003027f9c
70-30.43|025100000006000300030001:,0251000000050003027f9c
70-30.48|025200000006000300030001:,0252000000050003027f2c
70-30.53|025300000006000300030001:,0253000000050003027f2c
70-30.58|025400000006000300030001:,0254000000050003027edb
70-30.64|025500000006000300030001:,0255000000050003027edb
70-30.69|025600000006000300030001:,0256000000050003027ef2
70-30.74|025700000006000300030001:,0257000000050003027ef2
70-30.79|025800000006000300030001:,0258000000050003027fff
70-30.84|025900000006000300030001:,0259000000050003027fff
70-30.89|025a00000006000300030001:,025a000000050003027fe4
70-30.94|025b00000006000300030001:,025b000000050003027ffa
70-31.00|025c00000006000300030001:,025c000000050003027ffa
70-31.05|025d00000006000300030001:,025d000000050003027f25
70-31.10|025e00000006000300030001:,025e000000050003027f25
70-31.15|025f00000006000300030001:,025f000000050003027fa9
70-31.20|026000000006000300030001:,0260000000050003027fa9
70-31.25|026100000006000300030001:,0261000000050003027fff
70-31.30|026200000006000300030001:,0262000000050003027fff
70-31.35|026300000006000300030001:,0263000000050003027fc4
70-31.41|026400000006000300030001:,0264000000050003027fc4
70-31.46|026500000006000300030001:,0265000000050003027fff
70-31.51|026600000006000300030001:,0266000000050003027fff
70-31.56|026700000006000300030001:,0267000000050003027fff
70-31.61|026800000006000300030001:,0268000000050003027fff
70-31.66|026900000006000300030001:,0269000000050003027ed5
70-31.72|026a00000006000300030001:,026a000000050003027ed5
70-31.77|026b00000006000300030001:,026b000000050003027fe6
70-31.82|026c00000006000300030001:,026c000000050003027fe6
70-31.87|026d00000006000300030001:,026d000000050003027fff
70-31.92|026e00000006000300030001:,026e000000050003027fff
70-31.97|026f00000006000300030001:,026f000000050003027fff
70-32.02|027000000006000300030001:,0270000000050003027fff
70-32.08|027100000006000300030001:,0271000000050003027eb2
70-32.13|027200000006000300030001:,0272000000050003027eb2
70-32.18|027300000006000300030001:,0273000000050003027f16
70-32.23|027400000006000300030001:,0274000000050003027f16
70-32.28|027500000006000300030001:,0275000000050003027f66
70-32.33|027600000006000300030001:,0276000000050003027f66
70-32.39|027700000006000300030001:,0277000000050003027ef9
70-32.44|027800000006000300030001:,0278000000050003027ef9
70-32.49|027900000006000300030001:,0279000000050003027fff
70-32.54|027a00000006000300030001:,027a000000050003027fff
70-32.59|027b00000006000300030001:,027b000000050003027ef6
70-32.64|027c00000006000300030001:,027c000000050003027ef6
70-32.69|027d00000006000300030001:,027d000000050003027f5a
70-32.74|027e00000006000300030001:,027e000000050003027f7a
70-32.80|027f00000006000300030001:,027f000000050003027f7a
70-32.85|028000000006000300030001:,0280000000050003027fff
70-32.90|028100000006000300030001:,0281000000050003027fff
70-32.95|028200000006000300030001:,0282000000050003027fff
70-33.00|028300000006000300030001:,0283000000050003027fff
70-33.05|028400000006000300030001:,0284000000050003027f24
70-33.11|028500000006000300030001:,0285000000050003027f24
70-33.16|028600000006000300030001:,0286000000050003027edb
70-33.21|028700000006000300030001:,0287000000050003027edb
70-33.26|028800000006000300030001:,0288000000050003027eb2
70-33.31|028900000006000300030001:,0289000000050003027eb2
70-33.36|028a00000006000300030001:,028a000000050003027e78
70-33.42|028b00000006000300030001:,028b000000050003027e78
70-33.47|028c00000006000300030001:,028c000000050003027fff
70-33.52|028d00000006000300030001:,028d000000050003027fff
70-33.57|028e00000006000300030001:,028e000000050003027f80
70-33.62|028f00000006000300030001:,028f000000050003027f80
70-33.67|029000000006000300030001:,0290000000050003027eb0
70-33.72|029100000006000300030001:,0291000000050003027eb0
70-33.77|029200000006000300030001:,0292000000050003027ebf
70-33.83|029300000006000300030001:,0293000000050003027ebf
70-33.88|029400000006000300030001:,0294000000050003027f77
70-33.93|029500000006000300030001:,0295000000050003027f77
70-33.98|029600000006000300030001:,0296000000050003027fff
70-34.03|029700000006000300030001:,0297000000050003027fff
70-34.08|029800000006000300030001:,0298000000050003027fb0
70-34.14|029900000006000300030001:,0299000000050003027fb0
70-34.19|029a00000006000300030001:,029a000000050003027f10
70-34.24|029b00000006000300030001:,029b000000050003027f10
70-34.29|029c00000006000300030001:,029c000000050003027eef
70-34.34|029d00000006000300030001:,029d000000050003027eef
70-34.39|029e00000006000300030001:,029e000000050003027fa8
70-34.44|029f00000006000300030001:,029f000000050003027fa8
70-34.49|02a000000006000300030001:,02a0000000050003027fff
70-34.55|02a100000006000300030001:,02a1000000050003027fa9
70-34.60|02a200000006000300030001:,02a2000000050003027fa9
70-34.65|02a300000006000300030001:,02a3000000050003027f45
70-34.70|02a400000006000300030001:,02a4000000050003027f45
70-34.75|02a500000006000300030001:,02a5000000050003027ee8
70-34.80|02a600000006000300030001:,02a6000000050003027ee8
70-34.85|02a700000006000300030001:,02a7000000050003027f23
70-34.90|02a800000006000300030001:,02a8000000050003027f23
70-34.96|02a900000006000300030001:,02a9000000050003027fff
70-35.01|02aa00000006000300030001:,02aa000000050003027fff
70-35.06|02ab00000006000300030001:,02ab000000050003027fe4
70-35.11|02ac00000006000300030001:,02ac000000050003027fe4
70-35.16|02ad00000006000300030001:,02ad000000050003027f9d
70-35.21|02ae00000006000300030001:,02ae000000050003027f9d
70-35.26|02af00000006000300030001:,02af000000050003027f24
70-35.31|02b000000006000300030001:,02b0000000050003027f24
70-35.37|02b100000006000300030001:,02b1000000050003027f3b
70-35.42|02b200000006000300030001:,02b2000000050003027f3b
70-35.47|02b300000006000300030001:,02b3000000050003027fff
70-35.52|02b400000006000300030001:,02b4000000050003027fff
70-35.57|02b500000006000300030001:,02b5000000050003027fff
70-35.62|02b600000006000300030001:,02b6000000050003027fff
70-35.67|02b700000006000300030001:,02b7000000050003027f98
70-35.73|02b800000006000300030001:,02b8000000050003027f98
70-35.78|02b900000006000300030001:,02b9000000050003027eef
70-35.83|02ba00000006000300030001:,02ba000000050003027eef
70-35.88|02bb00000006000300030001:,02bb000000050003027f47
70-35.93|02bc00000006000300030001:,02bc000000050003027f47
70-35.98|02bd00000006000300030001:,02bd000000050003027fe0
70-36.03|02be00000006000300030001:,02be000000050003027fe0
70-36.09|02bf00000006000300030001:,02bf000000050003027fff
70-36.14|02c000000006000300030001:,02c0000000050003027fff
70-36.19|02c100000006000300030001:,02c1000000050003027f22
70-36.24|02c200000006000300030001:,02c2000000050003027f22
70-36.29|02c300000006000300030001:,02c3000000050003027f3d
70-36.34|02c400000006000300030001:,02c4000000050003027f3d
70-36.39|02c500000006000300030001:,02c5000000050003027f03
70-36.44|02c600000006000300030001:,02c6000000050003027ffc
70-36.49|02c700000006000300030001:,02c7000000050003027ffc
70-36.55|02c800000006000300030001:,02c8000000050003027fff
70-36.60|02c900000006000300030001:,02c9000000050003027fff
70-36.65|02ca00000006000300030001:,02ca000000050003027fff
70-36.70|02cb00000006000300030001:,02cb000000050003027fff
70-36.75|02cc00000006000300030001:,02cc000000050003027f30
70-36.80|02cd00000006000300030001:,02cd000000050003027f30
70-36.85|02ce00000006000300030001:,02ce000000050003027ef3
70-36.90|02cf00000006000300030001:,02cf000000050003027ef3
70-36.96|02d000000006000300030001:,02d0000000050003027ed7
70-37.01|02d100000006000300030001:,02d1000000050003027ed7
70-37.06|02d200000006000300030001:,02d2000000050003027ed6
70-37.11|02d300000006000300030001:,02d3000000050003027ed6
70-37.16|02d400000006000300030001:,02d4000000050003027f92
70-37.21|02d500000006000300030001:,02d5000000050003027f92
70-37.26|02d600000006000300030001:,02d6000000050003027fa7
70-37.32|02d700000006000300030001:,02d7000000050003027fa7
70-37.37|02d800000006000300030001:,02d8000000050003027f22
70-37.42|02d900000006000300030001:,02d9000000050003027f22
70-37.47|02da00000006000300030001:,02da000000050003027f35
70-37.52|02db00000006000300030001:,02db000000050003027f35
70-37.57|02dc00000006000300030001:,02dc000000050003027fee
70-37.63|02dd00000006000300030001:,02dd000000050003027fee
70-37.68|02de00000006000300030001:,02de000000050003027fff
70-37.73|02df00000006000300030001:,02df000000050003027fff
70-37.78|02e000000006000300030001:,02e0000000050003027f48
70-37.83|02e100000006000300030001:,02e1000000050003027f48
70-37.88|02e200000006000300030001:,02e2000000050003027f0b
70-37.93|02e300000006000300030001:,02e3000000050003027f0b
70-37.98|02e400000006000300030001:,02e4000000050003027ed6
70-38.04|02e500000006000300030001:,02e5000000050003027ed6
70-38.09|02e600000006000300030001:,02e6000000050003027e9d
70-38.14|02e700000006000300030001:,02e7000000050003027e9d
70-38.19|02e800000006000300030001:,02e8000000050003027fff
70-38.24|02e900000006000300030001:,02e9000000050003027fff
70-38.29|02ea00000006000300030001:,02ea000000050003027fa4
70-38.34|02eb00000006000300030001:,02eb000000050003027ee8
70-38.40|02ec00000006000300030001:,02ec000000050003027ee8
70-38.45|02ed00000006000300030001:,02ed000000050003027e92
70-38.50|02ee00000006000300030001:,02ee000000050003027e92
70-38.55|02ef00000006000300030001:,02ef000000050003027f9b
70-38.60|02f000000006000300030001:,02f0000000050003027f9b
70-38.65|02f100000006000300030001:,02f1000000050003027fff
70-38.70|02f200000006000300030001:,02f2000000050003027fff
70-38.75|02f300000006000300030001:,02f3000000050003027f60
70-38.81|02f400000006000300030001:,02f4000000050003027f60
70-38.86|02f500000006000300030001:,02f5000000050003027ec0
70-38.91|02f600000006000300030001:,02f6000000050003027ec0
70-38.96|02f700000006000300030001:,02f7000000050003027e9f
70-39.01|02f800000006000300030001:,02f8000000050003027e9f
70-39.06|02f900000006000300030001:,02f9000000050003027eb6
70-39.11|02fa00000006000300030001:,02fa000000050003027eb6
70-39.16|02fb00000006000300030001:,02fb000000050003027fff
70-39.22|02fc00000006000300030001:,02fc000000050003027fff
70-39.27|02fd00000006000300030001:,02fd000000050003027fa8
70-39.32|02fe00000006000300030001:,02fe000000050003027fa8
70-39.37|02ff00000006000300030001:,02ff000000050003027f1c
70-39.42|030000000006000300030001:,0300000000050003027f1c
70-39.47|030100000006000300030001:,0301000000050003027e96
70-39.52|030200000006000300030001:,0302000000050003027e96
70-39.58|030300000006000300030001:,0303000000050003027efd
70-39.63|030400000006000300030001:,0304000000050003027efd
70-39.68|030500000006000300030001:,0305000000050003027fff
70-39.73|030600000006000300030001:,0306000000050003027fff
70-39.79|030700000006000300030001:,0307000000050003027ffc
70-39.84|030800000006000300030001:,0308000000050003027ffc
70-39.89|030900000006000300030001:,0309000000050003027fff
70-39.94|030a00000006000300030001:,030a000000050003027fff
70-39.99|030b00000006000300030001:,030b000000050003027f2a
70-40.05|030c00000006000300030001:,030c000000050003027ef0
70-40.10|030d00000006000300030001:,030d000000050003027ef0
70-40.15|030e00000006000300030001:,030e000000050003027fff
70-40.20|030f00000006000300030001:,030f000000050003027fff
70-40.25|031000000006000300030001:,0310000000050003027fc4
70-40.30|031100000006000300030001:,0311000000050003027fc4
70-40.35|031200000006000300030001:,0312000000050003027fb9
70-40.40|031300000006000300030001:,0313000000050003027fb9
70-40.46|031400000006000300030001:,0314000000050003027f04
70-40.51|031500000006000300030001:,0315000000050003027f04
70-40.56|031600000006000300030001:,0316000000050003027ecb
70-40.61|031700000006000300030001:,0317000000050003027ecb
70-40.66|031800000006000300030001:,0318000000050003027ff4
70-40.72|031900000006000300030001:,0319000000050003027ff4
70-40.77|031a00000006000300030001:,031a000000050003027fff
70-40.82|031b00000006000300030001:,031b000000050003027fff
70-40.87|031c00000006000300030001:,031c000000050003027f73
70-40.92|031d00000006000300030001:,031d000000050003027f73
70-40.97|031e00000006000300030001:,031e000000050003027f3e
70-41.02|031f00000006000300030001:,031f000000050003027f3e
70-41.07|032000000006000300030001:,0320000000050003027f55
70-41.12|032100000006000300030001:,0321000000050003027f55
70-41.18|032200000006000300030001:,0322000000050003027ffd
70-41.23|032300000006000300030001:,0323000000050003027ffd
70-41.28|032400000006000300030001:,0324000000050003027fff
70-41.33|032500000006000300030001:,0325000000050003027fff
70-41.38|032600000006000300030001:,0326000000050003027fff
70-41.43|032700000006000300030001:,0327000000050003027fff
70-41.48|032800000006000300030001:,0328000000050003027f80
70-41.54|032900000006000300030001:,0329000000050003027f80
70-41.59|032a00000006000300030001:,032a000000050003027ea6
70-41.64|032b00000006000300030001:,032b000000050003027ea6
70-41.70|032c00000006000300030001:,032c000000050003027fff
70-41.75|032d00000006000300030001:,032d000000050003027f9c
70-41.80|032e00000006000300030001:,032e000000050003027f9c
70-41.85|032f00000006000300030001:,032f000000050003027f08
70-41.90|033000000006000300030001:,0330000000050003027f08
70-41.95|033100000006000300030001:,0331000000050003027f7d
70-42.01|033200000006000300030001:,0332000000050003027f7d
70-42.06|033300000006000300030001:,0333000000050003027ebb
70-42.11|033400000006000300030001:,0334000000050003027ebb
70-42.16|033500000006000300030001:,0335000000050003027f16
70-42.21|033600000006000300030001:,0336000000050003027f16
70-42.26|033700000006000300030001:,0337000000050003027fff
70-42.31|033800000006000300030001:,0338000000050003027fff
70-42.37|033900000006000300030001:,0339000000050003027fff
70-42.42|033a00000006000300030001:,033a000000050003027fff
70-42.47|033b00000006000300030001:,033b000000050003027f24
70-42.52|033c00000006000300030001:,033c000000050003027f24
70-42.57|033d00000006000300030001:,033d000000050003027ee7
70-42.62|033e00000006000300030001:,033e000000050003027ee7
70-42.67|033f00000006000300030001:,033f000000050003027fd9
70-42.72|034000000006000300030001:,0340000000050003027fd9
70-42.78|034100000006000300030001:,0341000000050003027f6e
70-42.83|034200000006000300030001:,0342000000050003027f6e
70-42.88|034300000006000300030001:,0343000000050003027f82
70-42.93|034400000006000300030001:,0344000000050003027f82
70-42.98|034500000006000300030001:,0345000000050003027ff0
70-43.03|034600000006000300030001:,0346000000050003027ff0
70-43.08|034700000006000300030001:,0347000000050003027f78
70-43.14|034800000006000300030001:,0348000000050003027f78
70-43.19|034900000006000300030001:,0349000000050003027f2f
70-43.24|034a00000006000300030001:,034a000000050003027f2f
70-43.29|034b00000006000300030001:,034b000000050003027fe7
70-43.34|034c00000006000300030001:,034c000000050003027fe7
70-43.40|034d00000006000300030001:,034d000000050003027fff
70-43.45|034e00000006000300030001:,034e000000050003027f55
70-43.50|034f00000006000300030001:,034f000000050003027f55
70-43.55|035000000006000300030001:,0350000000050003027ea8
70-43.60|035100000006000300030001:,0351000000050003027ea8
70-43.65|035200000006000300030001:,0352000000050003027e93
70-43.70|035300000006000300030001:,0353000000050003027e93
70-43.75|035400000006000300030001:,0354000000050003027f4c
70-43.81|035500000006000300030001:,0355000000050003027f4c
70-43.86|035600000006000300030001:,0356000000050003027fff
70-43.91|035700000006000300030001:,0357000000050003027fff
70-43.96|035800000006000300030001:,0358000000050003027fb0
70-44.01|035900000006000300030001:,0359000000050003027fb0
70-44.06|035a00000006000300030001:,035a000000050003027f75
70-44.12|035b00000006000300030001:,035b000000050003027f75
70-44.17|035c00000006000300030001:,035c000000050003027ef0
70-44.22|035d00000006000300030001:,035d000000050003027ef0
70-44.27|035e00000006000300030001:,035e000000050003027fa9
70-44.32|035f00000006000300030001:,035f000000050003027fa9
70-44.38|036000000006000300030001:,0360000000050003027fff
70-44.43|036100000006000300030001:,0361000000050003027fff
70-44.48|036200000006000300030001:,0362000000050003027f9c
70-44.53|036300000006000300030001:,0363000000050003027f9c
70-44.58|036400000006000300030001:,0364000000050003027f04
70-44.63|036500000006000300030001:,0365000000050003027f04
70-44.68|036600000006000300030001:,0366000000050003027edb
70-44.73|036700000006000300030001:,0367000000050003027edb
70-44.79|036800000006000300030001:,0368000000050003027ef2
70-44.84|036900000006000300030001:,0369000000050003027ef2
70-44.89|036a00000006000300030001:,036a000000050003027fff
70-44.94|036b00000006000300030001:,036b000000050003027fff
70-44.99|036c00000006000300030001:,036c000000050003027f74
70-45.04|036d00000006000300030001:,036d000000050003027ee8
70-45.09|036e00000006000300030001:,036e000000050003027ee8
70-45.15|036f00000006000300030001:,036f000000050003027eb3
70-45.20|037000000006000300030001:,0370000000050003027eb3
70-45.25|037100000006000300030001:,0371000000050003027eca
70-45.30|037200000006000300030001:,0372000000050003027eca
70-45.35|037300000006000300030001:,0373000000050003027ff8
70-45.40|037400000006000300030001:,0374000000050003027ff8
70-45.45|037500000006000300030001:,0375000000050003027fed
70-45.51|037600000006000300030001:,0376000000050003027fed
70-45.56|037700000006000300030001:,0377000000050003027f55
70-45.61|037800000006000300030001:,0378000000050003027f55
70-45.66|037900000006000300030001:,0379000000050003027f2c
70-45.71|037a00000006000300030001:,037a000000050003027f2c
70-45.77|037b00000006000300030001:,037b000000050003027ef2
70-45.82|037c00000006000300030001:,037c000000050003027ef2
70-45.87|037d00000006000300030001:,037d000000050003027fdf
70-45.92|037e00000006000300030001:,037e000000050003027fdf
70-45.97|037f00000006000300030001:,037f000000050003027fff
70-46.02|038000000006000300030001:,0380000000050003027fff
70-46.07|038100000006000300030001:,0381000000050003027f5f
70-46.13|038200000006000300030001:,0382000000050003027f5f
70-46.18|038300000006000300030001:,0383000000050003027fdf
70-46.23|038400000006000300030001:,0384000000050003027fdf
70-46.28|038500000006000300030001:,0385000000050003027f56
70-46.33|038600000006000300030001:,0386000000050003027f56
70-46.38|038700000006000300030001:,0387000000050003027fff
70-46.44|038800000006000300030001:,0388000000050003027fff
70-46.49|038900000006000300030001:,0389000000050003027fec
70-46.54|038a00000006000300030001:,038a000000050003027fec
70-46.59|038b00000006000300030001:,038b000000050003027f7c
70-46.64|038c00000006000300030001:,038c000000050003027f7c
70-46.69|038d00000006000300030001:,038d000000050003027fcd
70-46.75|038e00000006000300030001:,038e000000050003027f0c
70-46.80|038f00000006000300030001:,038f000000050003027f0c
70-46.85|039000000006000300030001:,0390000000050003027f5b
70-46.90|039100000006000300030001:,0391000000050003027f5b
70-46.95|039200000006000300030001:,0392000000050003027fff
70-47.00|039300000006000300030001:,0393000000050003027fff
70-47.05|039400000006000300030001:,0394000000050003027fa7
70-47.11|039500000006000300030001:,0395000000050003027fa7
70-47.16|039600000006000300030001:,0396000000050003027fe0
70-47.21|039700000006000300030001:,0397000000050003027fe0
70-47.26|039800000006000300030001:,0398000000050003027fa0
70-47.31|039900000006000300030001:,0399000000050003027fa0
70-47.36|039a00000006000300030001:,039a000000050003027fff
70-47.41|039b00000006000300030001:,039b000000050003027fff
70-47.47|039c00000006000300030001:,039c000000050003027fac
70-47.52|039d00000006000300030001:,039d000000050003027fac
70-47.57|039e00000006000300030001:,039e000000050003027fff
70-47.62|039f00000006000300030001:,039f000000050003027fff
70-47.67|03a000000006000300030001:,03a0000000050003027fff
70-47.72|03a100000006000300030001:,03a1000000050003027fff
70-47.78|03a200000006000300030001:,03a2000000050003027f42
70-47.83|03a300000006000300030001:,03a3000000050003027f42
70-47.88|03a400000006000300030001:,03a4000000050003027f3d
70-47.93|03a500000006000300030001:,03a5000000050003027f3d
70-47.98|03a600000006000300030001:,03a6000000050003027ff6
70-48.03|03a700000006000300030001:,03a7000000050003027ff6
70-48.08|03a800000006000300030001:,03a8000000050003027fff
70-48.14|03a900000006000300030001:,03a9000000050003027fff
70-48.19|03aa00000006000300030001:,03aa000000050003027e6e
70-48.24|03ab00000006000300030001:,03ab000000050003027e6e
70-48.29|03ac00000006000300030001:,03ac000000050003027ec6
70-48.34|03ad00000006000300030001:,03ad000000050003027f46
70-48.40|03ae00000006000300030001:,03ae000000050003027f46
70-48.45|03af00000006000300030001:,03af000000050003027f57
70-48.50|03b000000006000300030001:,03b0000000050003027f57
70-48.55|03b100000006000300030001:,03b1000000050003027fff
70-48.60|03b200000006000300030001:,03b2000000050003027fff
70-48.65|03b300000006000300030001:,03b3000000050003027fa4
70-48.70|03b400000006000300030001:,03b4000000050003027fa4
70-48.76|03b500000006000300030001:,03b5000000050003027f5d
70-48.81|03b600000006000300030001:,03b6000000050003027f5d
70-48.86|03b700000006000300030001:,03b7000000050003027ee4
70-48.91|03b800000006000300030001:,03b8000000050003027ee4
70-48.96|03b900000006000300030001:,03b9000000050003027efb
70-49.01|03ba00000006000300030001:,03ba000000050003027efb
70-49.06|03bb00000006000300030001:,03bb000000050003027fff
70-49.12|03bc00000006000300030001:,03bc000000050003027fff
70-49.17|03bd00000006000300030001:,03bd000000050003027fc0
70-49.22|03be00000006000300030001:,03be000000050003027fc0
70-49.27|03bf00000006000300030001:,03bf000000050003027f34
70-49.32|03c000000006000300030001:,03c0000000050003027f34
70-49.37|03c100000006000300030001:,03c1000000050003027f17
70-49.43|03c200000006000300030001:,03c2000000050003027f17
70-49.48|03c300000006000300030001:,03c3000000050003027f16
70-49.53|03c400000006000300030001:,03c4000000050003027f16
70-49.58|03c500000006000300030001:,03c5000000050003027fff
70-49.63|03c600000006000300030001:,03c6000000050003027fff
70-49.69|03c700000006000300030001:,03c7000000050003027f80
70-49.74|03c800000006000300030001:,03c8000000050003027f80
70-49.79|03c900000006000300030001:,03c9000000050003027e97
70-49.84|03ca00000006000300030001:,03ca000000050003027ebe
70-49.90|03cb00000006000300030001:,03cb000000050003027ebe
70-49.95|03cc00000006000300030001:,03cc000000050003027e84
70-50.00|03cd00000006000300030001:,03cd000000050003027e84
70-50.05|03ce00000006000300030001:,03ce000000050003027f7d
70-50.10|03cf00000006000300030001:,03cf000000050003027f7d
70-50.15|03d000000006000300030001:,03d0000000050003027ff6
70-50.20|03d100000006000300030001:,03d1000000050003027ff6
70-50.25|03d200000006000300030001:,03d2000000050003027f4a
70-50.31|03d300000006000300030001:,03d3000000050003027f4a
70-50.36|03d400000006000300030001:,03d4000000050003027f35
70-50.41|03d500000006000300030001:,03d5000000050003027f35
70-50.46|03d600000006000300030001:,03d6000000050003027efb
70-50.51|03d700000006000300030001:,03d7000000050003027efb
70-50.56|03d800000006000300030001:,03d8000000050003027fff
70-50.61|03d900000006000300030001:,03d9000000050003027fff
70-50.66|03da00000006000300030001:,03da000000050003027f84
70-50.72|03db00000006000300030001:,03db000000050003027f84
70-50.77|03dc00000006000300030001:,03dc000000050003027f08
70-50.82|03dd00000006000300030001:,03dd000000050003027f08
70-50.87|03de00000006000300030001:,03de000000050003027f65
70-50.92|03df00000006000300030001:,03df000000050003027f65
70-50.97|03e000000006000300030001:,03e0000000050003027eb0
70-51.02|03e100000006000300030001:,03e1000000050003027eb0
70-51.08|03e200000006000300030001:,03e2000000050003027ef3
70-51.13|03e300000006000300030001:,03e3000000050003027ef3
70-51.18|03e400000006000300030001:,03e4000000050003027ffc
70-51.23|03e500000006000300030001:,03e5000000050003027ffc
70-51.28|03e600000006000300030001:,03e6000000050003027fff
70-51.33|03e700000006000300030001:,03e7000000050003027fff
70-51.38|03e800000006000300030001:,03e8000000050003027fff
70-51.43|03e900000006000300030001:,03e9000000050003027fff
70-51.48|03ea00000006000300030001:,03ea000000050003027f42
70-51.54|03eb00000006000300030001:,03eb000000050003027f42
70-51.59|03ec00000006000300030001:,03ec000000050003027fff
70-51.64|03ed00000006000300030001:,03ed000000050003027fff
70-51.69|03ee00000006000300030001:,03ee000000050003027f74
70-51.74|03ef00000006000300030001:,03ef000000050003027f74
70-51.79|03f000000006000300030001:,03f0000000050003027f94
70-51.84|03f100000006000300030001:,03f1000000050003027f94
70-51.89|03f200000006000300030001:,03f2000000050003027ff6
70-51.94|03f300000006000300030001:,03f3000000050003027f51
70-52.00|03f400000006000300030001:,03f4000000050003027f51
70-52.05|03f500000006000300030001:,03f5000000050003027ff6
70-52.10|03f600000006000300030001:,03f6000000050003027ff6
70-52.15|03f700000006000300030001:,03f7000000050003027fef
70-52.20|03f800000006000300030001:,03f8000000050003027fef
70-52.25|03f900000006000300030001:,03f9000000050003027fff
70-52.30|03fa00000006000300030001:,03fa000000050003027fff
70-52.35|03fb00000006000300030001:,03fb000000050003027fa4
70-52.41|03fc00000006000300030001:,03fc000000050003027fa4
70-52.46|03fd00000006000300030001:,03fd000000050003027f18
70-52.51|03fe00000006000300030001:,03fe000000050003027f18
70-52.56|03ff00000006000300030001:,03ff000000050003027f75
70-52.62|040000000006000300030001:,0400000000050003027f75
70-52.67|040100000006000300030001:,0401000000050003027efc
70-52.72|040200000006000300030001:,0402000000050003027efc
70-52.77|040300000006000300030001:,0403000000050003027fff
70-52.83|040400000006000300030001:,0404000000050003027fff
70-52.88|040500000006000300030001:,0405000000050003027eb2
70-52.93|040600000006000300030001:,0406000000050003027eb2
70-52.98|040700000006000300030001:,0407000000050003027f16
70-53.03|040800000006000300030001:,0408000000050003027f16
70-53.09|040900000006000300030001:,0409000000050003027f36
70-53.14|040a00000006000300030001:,040a000000050003027f36
70-53.19|040b00000006000300030001:,040b000000050003027ef9
70-53.24|040c00000006000300030001:,040c000000050003027ef9
70-53.29|040d00000006000300030001:,040d000000050003027fff
70-53.34|040e00000006000300030001:,040e000000050003027fff
70-53.39|040f00000006000300030001:,040f000000050003027f74
70-53.45|041000000006000300030001:,0410000000050003027edc
70-53.50|041100000006000300030001:,0411000000050003027edc
70-53.55|041200000006000300030001:,0412000000050003027eb3
70-53.60|041300000006000300030001:,0413000000050003027eb3
70-53.65|041400000006000300030001:,0414000000050003027eca
70-53.70|041500000006000300030001:,0415000000050003027eca
70-53.75|041600000006000300030001:,0416000000050003027fff
70-53.81|041700000006000300030001:,0417000000050003027fff
70-53.86|041800000006000300030001:,0418000000050003027f98
70-53.91|041900000006000300030001:,0419000000050003027f98
70-53.96|041a00000006000300030001:,041a000000050003027ebb
70-54.01|041b00000006000300030001:,041b000000050003027ebb
70-54.06|041c00000006000300030001:,041c000000050003027ed6
70-54.11|041d00000006000300030001:,041d000000050003027ed6
70-54.17|041e00000006000300030001:,041e000000050003027e9d
70-54.22|041f00000006000300030001:,041f000000050003027e9d
70-54.27|042000000006000300030001:,0420000000050003027fff
70-54.32|042100000006000300030001:,0421000000050003027fff
70-54.37|042200000006000300030001:,0422000000050003027fa4
70-54.42|042300000006000300030001:,0423000000050003027fa4
70-54.47|042400000006000300030001:,0424000000050003027f04
70-54.52|042500000006000300030001:,0425000000050003027f04
70-54.57|042600000006000300030001:,0426000000050003027f85
70-54.63|042700000006000300030001:,0427000000050003027f85
70-54.68|042800000006000300030001:,0428000000050003027eab
70-54.73|042900000006000300030001:,0429000000050003027eab
70-54.78|042a00000006000300030001:,042a000000050003027fff
70-54.83|042b00000006000300030001:,042b000000050003027fff
70-54.88|042c00000006000300030001:,042c000000050003027fa8
70-54.93|042d00000006000300030001:,042d000000050003027fa8
70-54.99|042e00000006000300030001:,042e000000050003027f38
70-55.04|042f00000006000300030001:,042f000000050003027f38
70-55.09|043000000006000300030001:,0430000000050003027ee7
70-55.14|043100000006000300030001:,0431000000050003027ee7
70-55.19|043200000006000300030001:,0432000000050003027f23
70-55.24|043300000006000300030001:,0433000000050003027fff
70-55.29|043400000006000300030001:,0434000000050003027fff
70-55.35|043500000006000300030001:,0435000000050003027fa8
70-55.40|043600000006000300030001:,0436000000050003027fa8
70-55.45|043700000006000300030001:,0437000000050003027f69
70-55.50|043800000006000300030001:,0438000000050003027f69
70-55.55|043900000006000300030001:,0439000000050003027fda
70-55.60|043a00000006000300030001:,043a000000050003027fda
70-55.65|043b00000006000300030001:,043b000000050003027f05
70-55.71|043c00000006000300030001:,043c000000050003027f05
70-55.76|043d00000006000300030001:,043d000000050003027fff
70-55.81|043e00000006000300030001:,043e000000050003027fff
70-55.86|043f00000006000300030001:,043f000000050003027fb8
70-55.91|044000000006000300030001:,0440000000050003027fb8
70-55.96|044100000006000300030001:,0441000000050003027ff2
70-56.01|044200000006000300030001:,0442000000050003027ff2
70-56.07|044300000006000300030001:,0443000000050003027ef9
70-56.12|044400000006000300030001:,0444000000050003027ef9
70-56.17|044500000006000300030001:,0445000000050003027f51
70-56.22|044600000006000300030001:,0446000000050003027f51
70-56.27|044700000006000300030001:,0447000000050003027fea
70-56.32|044800000006000300030001:,0448000000050003027fea
70-56.37|044900000006000300030001:,0449000000050003027fe2
70-56.43|044a00000006000300030001:,044a000000050003027fe2
70-56.48|044b00000006000300030001:,044b000000050003027fff
70-56.53|044c00000006000300030001:,044c000000050003027fff
70-56.58|044d00000006000300030001:,044d000000050003027fff
70-56.63|044e00000006000300030001:,044e000000050003027fff
70-56.69|044f00000006000300030001:,044f000000050003027f67
70-56.74|045000000006000300030001:,0450000000050003027f67
70-56.79|045100000006000300030001:,0451000000050003027fcf
70-56.84|045200000006000300030001:,0452000000050003027fcf
70-56.89|045300000006000300030001:,0453000000050003027f56
70-56.94|045400000006000300030001:,0454000000050003027f56
70-56.99|045500000006000300030001:,0455000000050003027fff
70-57.04|045600000006000300030001:,0456000000050003027f30
70-57.09|045700000006000300030001:,0457000000050003027f30
70-57.15|045800000006000300030001:,0458000000050003027ef3
70-57.20|045900000006000300030001:,0459000000050003027ef3
70-57.25|045a00000006000300030001:,045a000000050003027ed7
70-57.30|045b00000006000300030001:,045b000000050003027ed7
70-57.35|045c00000006000300030001:,045c000000050003027ed6
70-57.40|045d00000006000300030001:,045d000000050003027ed6
70-57.46|045e00000006000300030001:,045e000000050003027fff
70-57.51|045f00000006000300030001:,045f000000050003027fff
70-57.56|046000000006000300030001:,0460000000050003027f30
70-57.61|046100000006000300030001:,0461000000050003027f30
70-57.66|046200000006000300030001:,0462000000050003027ef3
70-57.71|046300000006000300030001:,0463000000050003027ef3
70-57.76|046400000006000300030001:,0464000000050003027e6e
70-57.81|046500000006000300030001:,0465000000050003027e6e
70-57.87|046600000006000300030001:,0466000000050003027e84
70-57.92|046700000006000300030001:,0467000000050003027e84
70-57.97|046800000006000300030001:,0468000000050003027fff
70-58.02|046900000006000300030001:,0469000000050003027fff
70-58.07|046a00000006000300030001:,046a000000050003027f60
70-58.13|046b00000006000300030001:,046b000000050003027f60
70-58.18|046c00000006000300030001:,046c000000050003027f05
70-58.23|046d00000006000300030001:,046d000000050003027f05
70-58.28|046e00000006000300030001:,046e000000050003027ea0
70-58.33|046f00000006000300030001:,046f000000050003027ea0
70-58.38|047000000006000300030001:,0470000000050003027e66
70-58.44|047100000006000300030001:,0471000000050003027e66
70-58.49|047200000006000300030001:,0472000000050003027fff
70-58.54|047300000006000300030001:,0473000000050003027fff
70-58.59|047400000006000300030001:,0474000000050003027f90
70-58.64|047500000006000300030001:,0475000000050003027f90
70-58.69|047600000006000300030001:,0476000000050003027f2d
70-58.74|047700000006000300030001:,0477000000050003027e7f
70-58.80|047800000006000300030001:,0478000000050003027e7f
70-58.85|047900000006000300030001:,0479000000050003027ec5
70-58.90|047a00000006000300030001:,047a000000050003027ec5
70-58.95|047b00000006000300030001:,047b000000050003027fff
70-59.00|047c00000006000300030001:,047c000000050003027fff
70-59.05|047d00000006000300030001:,047d000000050003027fc0
70-59.10|047e00000006000300030001:,047e000000050003027fc0
70-59.16|047f00000006000300030001:,047f000000050003027f8d
70-59.21|048000000006000300030001:,0480000000050003027f8d
70-59.26|048100000006000300030001:,0481000000050003027f00
70-59.31|048200000006000300030001:,0482000000050003027f00
70-59.36|048300000006000300030001:,0483000000050003027f17
70-59.41|048400000006000300030001:,0484000000050003027f17
70-59.46|048500000006000300030001:,0485000000050003027fff
70-59.51|048600000006000300030001:,0486000000050003027fff
70-59.56|048700000006000300030001:,0487000000050003027fe8
70-59.62|048800000006000300030001:,0488000000050003027fe8
70-59.67|048900000006000300030001:,0489000000050003027fff
70-59.72|048a00000006000300030001:,048a000000050003027fff
70-59.77|048b00000006000300030001:,048b000000050003027eee
70-59.82|048c00000006000300030001:,048c000000050003027eee
70-59.87|048d00000006000300030001:,048d000000050003027f46
70-59.92|048e00000006000300030001:,048e000000050003027f46
70-59.97|048f00000006000300030001:,048f000000050003027fae
70-60.02|049000000006000300030001:,0490000000050003027fae
70-60.08|049100000006000300030001:,0491000000050003027f35
70-60.13|049200000006000300030001:,0492000000050003027f35
70-60.18|049300000006000300030001:,0493000000050003027fff
70-60.23|049400000006000300030001:,0494000000050003027fff
70-60.28|049500000006000300030001:,0495000000050003027f30
70-60.34|049600000006000300030001:,0496000000050003027f30
70-60.39|049700000006000300030001:,0497000000050003027e56
70-60.44|049800000006000300030001:,0498000000050003027e56
70-60.49|049900000006000300030001:,0499000000050003027ed5
70-60.54|049a00000006000300030001:,049a000000050003027ed5
70-60.59|049b00000006000300030001:,049b000000050003027fc6
70-60.64|049c00000006000300030001:,049c000000050003027fff
70-60.69|049d00000006000300030001:,049d000000050003027fff
70-60.74|049e00000006000300030001:,049e000000050003027f24
70-60.80|049f00000006000300030001:,049f000000050003027f24
70-60.85|04a000000006000300030001:,04a0000000050003027ee7
70-60.90|04a100000006000300030001:,04a1000000050003027ee7
70-60.95|04a200000006000300030001:,04a2000000050003027eb2
70-61.00|04a300000006000300030001:,04a3000000050003027eb2
70-61.05|04a400000006000300030001:,04a4000000050003027e79
70-61.10|04a500000006000300030001:,04a5000000050003027e79
70-61.15|04a600000006000300030001:,04a6000000050003027fff
70-61.21|04a700000006000300030001:,04a7000000050003027fff
70-61.26|04a800000006000300030001:,04a8000000050003027f74
70-61.31|04a900000006000300030001:,04a9000000050003027f74
70-61.36|04aa00000006000300030001:,04aa000000050003027e93
70-61.41|04ab00000006000300030001:,04ab000000050003027e93
70-61.46|04ac00000006000300030001:,04ac000000050003027eb2
70-61.51|04ad00000006000300030001:,04ad000000050003027eb2
70-61.57|04ae00000006000300030001:,04ae000000050003027f6b
70-61.62|04af00000006000300030001:,04af000000050003027f6b
70-61.67|04b000000006000300030001:,04b0000000050003027fff
70-61.72|04b100000006000300030001:,04b1000000050003027fff
70-61.78|04b200000006000300030001:,04b2000000050003027f54
70-61.83|04b300000006000300030001:,04b3000000050003027f54
70-61.88|04b400000006000300030001:,04b4000000050003027e84
70-61.93|04b500000006000300030001:,04b5000000050003027e84
70-61.98|04b600000006000300030001:,04b6000000050003027e93
70-62.03|04b700000006000300030001:,04b7000000050003027e93
70-62.09|04b800000006000300030001:,04b8000000050003027e59
70-62.14|04b900000006000300030001:,04b9000000050003027e59
70-62.19|04ba00000006000300030001:,04ba000000050003027fff
70-62.24|04bb00000006000300030001:,04bb000000050003027fff
70-62.29|04bc00000006000300030001:,04bc000000050003027f6c
70-62.34|04bd00000006000300030001:,04bd000000050003027f6c
70-62.39|04be00000006000300030001:,04be000000050003027ef0
70-62.44|04bf00000006000300030001:,04bf000000050003027eac
70-62.49|04c000000006000300030001:,04c0000000050003027eac
70-62.55|04c100000006000300030001:,04c1000000050003027ec2
70-62.60|04c200000006000300030001:,04c2000000050003027ec2
70-62.65|04c300000006000300030001:,04c3000000050003027fff
70-62.70|04c400000006000300030001:,04c4000000050003027fff
70-62.75|04c500000006000300030001:,04c5000000050003027fd8
70-62.80|04c600000006000300030001:,04c6000000050003027fd8
70-62.86|04c700000006000300030001:,04c7000000050003027f99
70-62.91|04c800000006000300030001:,04c8000000050003027f99
70-62.96|04c900000006000300030001:,04c9000000050003027f18
70-63.01|04ca00000006000300030001:,04ca000000050003027f18
70-63.06|04cb00000006000300030001:,04cb000000050003027f78
70-63.11|04cc00000006000300030001:,04cc000000050003027f78
70-63.17|04cd00000006000300030001:,04cd000000050003027fff
70-63.22|04ce00000006000300030001:,04ce000000050003027fff
70-63.27|04cf00000006000300030001:,04cf000000050003027fff
70-63.32|04d000000006000300030001:,04d0000000050003027fff
70-63.37|04d100000006000300030001:,04d1000000050003027fe9
70-63.42|04d200000006000300030001:,04d2000000050003027fe9
70-63.47|04d300000006000300030001:,04d3000000050003027ef0
70-63.53|04d400000006000300030001:,04d4000000050003027ef0
70-63.58|04d500000006000300030001:,04d5000000050003027eb6
70-63.63|04d600000006000300030001:,04d6000000050003027eb6
70-63.68|04d700000006000300030001:,04d7000000050003027fbb
70-63.74|04d800000006000300030001:,04d8000000050003027fbb
70-63.79|04d900000006000300030001:,04d9000000050003027fff
70-63.84|04da00000006000300030001:,04da000000050003027fff
70-63.89|04db00000006000300030001:,04db000000050003027fff
70-63.95|04dc00000006000300030001:,04dc000000050003027ef6
70-64.00|04dd00000006000300030001:,04dd000000050003027ef6
70-64.05|04de00000006000300030001:,04de000000050003027ebc
70-64.10|04df00000006000300030001:,04df000000050003027ebc
70-64.15|04e000000006000300030001:,04e0000000050003027f90
70-64.20|04e100000006000300030001:,04e1000000050003027f90
70-64.25|04e200000006000300030001:,04e2000000050003027fff
70-64.30|04e300000006000300030001:,04e3000000050003027fff
70-64.36|04e400000006000300030001:,04e4000000050003027fff
70-64.41|04e500000006000300030001:,04e5000000050003027fff
70-64.46|04e600000006000300030001:,04e6000000050003027f30
70-64.51|04e700000006000300030001:,04e7000000050003027f30
70-64.56|04e800000006000300030001:,04e8000000050003027ef3
70-64.61|04e900000006000300030001:,04e9000000050003027ef3
70-64.67|04ea00000006000300030001:,04ea000000050003027eef
70-64.72|04eb00000006000300030001:,04eb000000050003027eef
70-64.77|04ec00000006000300030001:,04ec000000050003027fc8
70-64.82|04ed00000006000300030001:,04ed000000050003027fc8
70-64.87|04ee00000006000300030001:,04ee000000050003027fff
70-64.92|04ef00000006000300030001:,04ef000000050003027fff
70-64.98|04f000000006000300030001:,04f0000000050003027f24
70-65.03|04f100000006000300030001:,04f1000000050003027f24
70-65.08|04f200000006000300030001:,04f2000000050003027ebf
70-65.13|04f300000006000300030001:,04f3000000050003027ebf
70-65.18|04f400000006000300030001:,04f4000000050003027ed6
70-65.23|04f500000006000300030001:,04f5000000050003027ed6
70-65.29|04f600000006000300030001:,04f6000000050003027fbc
70-65.34|04f700000006000300030001:,04f7000000050003027fbc
70-65.39|04f800000006000300030001:,04f8000000050003027fff
70-65.44|04f900000006000300030001:,04f9000000050003027f24
70-65.49|04fa00000006000300030001:,04fa000000050003027f24
70-65.55|04fb00000006000300030001:,04fb000000050003027edb
70-65.60|04fc00000006000300030001:,04fc000000050003027edb
70-65.65|04fd00000006000300030001:,04fd000000050003027eb2
70-65.70|04fe00000006000300030001:,04fe000000050003027eb2
70-65.75|04ff00000006000300030001:,04ff000000050003027f6b
70-65.80|050000000006000300030001:,0500000000050003027f6b
70-65.85|050100000006000300030001:,0501000000050003027ff5
70-65.90|050200000006000300030001:,0502000000050003027ff5
70-65.96|050300000006000300030001:,0503000000050003027fee
70-66.01|050400000006000300030001:,0504000000050003027fee
70-66.06|050500000006000300030001:,0505000000050003027fa6
70-66.11|050600000006000300030001:,0506000000050003027fa6
70-66.16|050700000006000300030001:,0507000000050003027f2d
70-66.21|050800000006000300030001:,0508000000050003027f2d
70-66.26|050900000006000300030001:,0509000000050003027f44
70-66.31|050a00000006000300030001:,050a000000050003027f44
70-66.37|050b00000006000300030001:,050b000000050003027fff
70-66.42|050c00000006000300030001:,050c000000050003027fff
70-66.47|050d00000006000300030001:,050d000000050003027fa8
70-66.52|050e00000006000300030001:,050e000000050003027fa8
70-66.57|050f00000006000300030001:,050f000000050003027f38
70-66.62|051000000006000300030001:,0510000000050003027f38
70-66.67|051100000006000300030001:,0511000000050003027ee7
70-66.73|051200000006000300030001:,0512000000050003027ee7
70-66.78|051300000006000300030001:,0513000000050003027f17
70-66.83|051400000006000300030001:,0514000000050003027f17
70-66.88|051500000006000300030001:,0515000000050003027fff
70-66.93|051600000006000300030001:,0516000000050003027fff
70-66.98|051700000006000300030001:,0517000000050003027f80
70-67.03|051800000006000300030001:,0518000000050003027f80
70-67.08|051900000006000300030001:,0519000000050003027ef4
70-67.14|051a00000006000300030001:,051a000000050003027ef4
70-67.19|051b00000006000300030001:,051b000000050003027ebf
70-67.24|051c00000006000300030001:,051c000000050003027ebf
70-67.29|051d00000006000300030001:,051d000000050003027ed6
70-67.34|051e00000006000300030001:,051e000000050003027fe4
70-67.39|051f00000006000300030001:,051f000000050003027fe4
70-67.45|052000000006000300030001:,0520000000050003027ff9
70-67.50|052100000006000300030001:,0521000000050003027ff9
70-67.55|052200000006000300030001:,0522000000050003027fff
70-67.60|052300000006000300030001:,0523000000050003027fff
70-67.65|052400000006000300030001:,0524000000050003027f1e
70-67.70|052500000006000300030001:,0525000000050003027f1e
70-67.75|052600000006000300030001:,0526000000050003027fa2
70-67.81|052700000006000300030001:,0527000000050003027fa2
70-67.86|052800000006000300030001:,0528000000050003027fff
70-67.91|052900000006000300030001:,0529000000050003027fff
70-67.96|052a00000006000300030001:,052a000000050003027fff
70-68.01|052b00000006000300030001:,052b000000050003027fff
70-68.06|052c00000006000300030001:,052c000000050003027f17
70-68.11|052d00000006000300030001:,052d000000050003027f17
70-68.17|052e00000006000300030001:,052e000000050003027eee
70-68.22|052f00000006000300030001:,052f000000050003027eee
70-68.27|053000000006000300030001:,0530000000050003027eb4
70-68.32|053100000006000300030001:,0531000000050003027eb4
70-68.37|053200000006000300030001:,0532000000050003027fb8
70-68.42|053300000006000300030001:,0533000000050003027fb8
70-68.47|053400000006000300030001:,0534000000050003027fff
70-68.52|053500000006000300030001:,0535000000050003027fff
70-68.57|053600000006000300030001:,0536000000050003027fff
70-68.63|053700000006000300030001:,0537000000050003027fff
70-68.68|053800000006000300030001:,0538000000050003027ea6
70-68.73|053900000006000300030001:,0539000000050003027ea6
70-68.78|053a00000006000300030001:,053a000000050003027e6c
70-68.83|053b00000006000300030001:,053b000000050003027e6c
70-68.88|053c00000006000300030001:,053c000000050003027f40
70-68.93|053d00000006000300030001:,053d000000050003027f40
70-68.99|053e00000006000300030001:,053e000000050003027fde
70-69.04|053f00000006000300030001:,053f000000050003027fde
70-69.09|054000000006000300030001:,0540000000050003027f4a
70-69.14|054100000006000300030001:,0541000000050003027fbe
70-69.20|054200000006000300030001:,0542000000050003027fbe
70-69.25|054300000006000300030001:,0543000000050003027f35
70-69.30|054400000006000300030001:,0544000000050003027f35
70-69.35|054500000006000300030001:,0545000000050003027f58
70-69.40|054600000006000300030001:,0546000000050003027f58
70-69.45|054700000006000300030001:,0547000000050003027fff
70-69.50|054800000006000300030001:,0548000000050003027fff
70-69.55|054900000006000300030001:,0549000000050003027f83
70-69.61|054a00000006000300030001:,054a000000050003027f83
70-69.66|054b00000006000300030001:,054b000000050003027fe0
70-69.71|054c00000006000300030001:,054c000000050003027fe0
70-69.76|054d00000006000300030001:,054d000000050003027f6f
70-69.81|054e00000006000300030001:,054e000000050003027f6f
70-69.86|054f00000006000300030001:,054f000000050003027f92
70-69.91|055000000006000300030001:,0550000000050003027f92
70-69.97|055100000006000300030001:,0551000000050003027fff
70-70.02|055200000006000300030001:,0552000000050003027fff
70-70.07|055300000006000300030001:,0553000000050003027fff
70-70.12|055400000006000300030001:,0554000000050003027fff
70-70.17|055500000006000300030001:,0555000000050003027f24
70-70.22|055600000006000300030001:,0556000000050003027f24
70-70.27|055700000006000300030001:,0557000000050003027ee3
70-70.33|055800000006000300030001:,0558000000050003027ee3
70-70.38|055900000006000300030001:,0559000000050003027eb2
70-70.43|055a00000006000300030001:,055a000000050003027eb2
70-70.48|055b00000006000300030001:,055b000000050003027fbc
70-70.53|055c00000006000300030001:,055c000000050003027fbc
70-70.58|055d00000006000300030001:,055d000000050003027ff5
70-70.63|055e00000006000300030001:,055e000000050003027ff5
70-70.68|055f00000006000300030001:,055f000000050003027fef
70-70.74|056000000006000300030001:,0560000000050003027fef
70-70.79|056100000006000300030001:,0561000000050003027f9b
70-70.84|056200000006000300030001:,0562000000050003027f9b
70-70.89|056300000006000300030001:,0563000000050003027f2e
70-70.94|056400000006000300030001:,0564000000050003027f2e
70-70.99|056500000006000300030001:,0565000000050003027fe7
70-71.04|056600000006000300030001:,0566000000050003027fff
70-71.09|056700000006000300030001:,0567000000050003027fff
70-71.15|056800000006000300030001:,0568000000050003027fbc
70-71.20|056900000006000300030001:,0569000000050003027fbc
70-71.25|056a00000006000300030001:,056a000000050003027f24
70-71.30|056b00000006000300030001:,056b000000050003027f24
70-71.35|056c00000006000300030001:,056c000000050003027efb
70-71.40|056d00000006000300030001:,056d000000050003027efb
70-71.46|056e00000006000300030001:,056e000000050003027fb4
70-71.51|056f00000006000300030001:,056f000000050003027fb4
70-71.56|057000000006000300030001:,0570000000050003027fff
70-71.61|057100000006000300030001:,0571000000050003027fff
70-71.66|057200000006000300030001:,0572000000050003027fd1
70-71.71|057300000006000300030001:,0573000000050003027fd1
70-71.77|057400000006000300030001:,0574000000050003027ef5
70-71.82|057500000006000300030001:,0575000000050003027ef5
70-71.87|057600000006000300030001:,0576000000050003027ec0
70-71.92|057700000006000300030001:,0577000000050003027ec0
70-71.97|057800000006000300030001:,0578000000050003027ed7
70-72.02|057900000006000300030001:,0579000000050003027ed7
70-72.07|057a00000006000300030001:,057a000000050003027fff
70-72.13|057b00000006000300030001:,057b000000050003027fff
70-72.18|057c00000006000300030001:,057c000000050003027fc4
70-72.23|057d00000006000300030001:,057d000000050003027fc4
70-72.28|057e00000006000300030001:,057e000000050003027f95
70-72.33|057f00000006000300030001:,057f000000050003027f95
70-72.38|058000000006000300030001:,0580000000050003027f04
70-72.44|058100000006000300030001:,0581000000050003027f04
70-72.49|058200000006000300030001:,0582000000050003027f1b
70-72.54|058300000006000300030001:,0583000000050003027f1b
70-72.59|058400000006000300030001:,0584000000050003027fff
70-72.64|058500000006000300030001:,0585000000050003027fff
70-72.69|058600000006000300030001:,0586000000050003027fc5
70-72.74|058700000006000300030001:,0587000000050003027ee9
70-72.79|058800000006000300030001:,0588000000050003027ee9
70-72.85|058900000006000300030001:,0589000000050003027eb4
70-72.90|058a00000006000300030001:,058a000000050003027eb4
70-72.95|058b00000006000300030001:,058b000000050003027e7a
70-73.00|058c00000006000300030001:,058c000000050003027e7a
70-73.05|058d00000006000300030001:,058d000000050003027fff
70-73.10|058e00000006000300030001:,058e000000050003027fff
70-73.15|058f00000006000300030001:,058f000000050003027fd8
70-73.21|059000000006000300030001:,0590000000050003027fd8
70-73.26|059100000006000300030001:,0591000000050003027fff
70-73.31|059200000006000300030001:,0592000000050003027fff
70-73.36|059300000006000300030001:,0593000000050003027eb2
70-73.41|059400000006000300030001:,0594000000050003027eb2
70-73.46|059500000006000300030001:,0595000000050003027e78
70-73.51|059600000006000300030001:,0596000000050003027e78
70-73.57|059700000006000300030001:,0597000000050003027fff
70-73.62|059800000006000300030001:,0598000000050003027fff
70-73.67|059900000006000300030001:,0599000000050003027f6c
70-73.72|059a00000006000300030001:,059a000000050003027f6c
70-73.77|059b00000006000300030001:,059b000000050003027ef0
70-73.82|059c00000006000300030001:,059c000000050003027ef0
70-73.87|059d00000006000300030001:,059d000000050003027f4d
70-73.93|059e00000006000300030001:,059e000000050003027f4d
70-73.98|059f00000006000300030001:,059f000000050003027e8b
70-74.03|05a000000006000300030001:,05a0000000050003027e8b
70-74.08|05a100000006000300030001:,05a1000000050003027eda
70-74.13|05a200000006000300030001:,05a2000000050003027eda
70-74.18|05a300000006000300030001:,05a3000000050003027fe4
70-74.24|05a400000006000300030001:,05a4000000050003027fe4
70-74.29|05a500000006000300030001:,05a5000000050003027f8c
70-74.34|05a600000006000300030001:,05a6000000050003027f8c
70-74.39|05a700000006000300030001:,05a7000000050003027fff
70-74.44|05a800000006000300030001:,05a8000000050003027fff
70-74.49|05a900000006000300030001:,05a9000000050003027f56
70-74.54|05aa00000006000300030001:,05aa000000050003027fff
70-74.60|05ab00000006000300030001:,05ab000000050003027fff
70-74.65|05ac00000006000300030001:,05ac000000050003027ffc
70-74.70|05ad00000006000300030001:,05ad000000050003027ffc
70-74.75|05ae00000006000300030001:,05ae000000050003027fff
70-74.80|05af00000006000300030001:,05af000000050003027fff
70-74.85|05b000000006000300030001:,05b0000000050003027fff
70-74.90|05b100000006000300030001:,05b1000000050003027fff
70-74.95|05b200000006000300030001:,05b2000000050003027f5b
70-75.01|05b300000006000300030001:,05b3000000050003027f5b
70-75.06|05b400000006000300030001:,05b4000000050003027eed
70-75.11|05b500000006000300030001:,05b5000000050003027eed
70-75.16|05b600000006000300030001:,05b6000000050003027f54
70-75.21|05b700000006000300030001:,05b7000000050003027f54
70-75.26|05b800000006000300030001:,05b8000000050003027fff
70-75.31|05b900000006000300030001:,05b9000000050003027fff
70-75.37|05ba00000006000300030001:,05ba000000050003027fbc
70-75.42|05bb00000006000300030001:,05bb000000050003027fbc
70-75.47|05bc00000006000300030001:,05bc000000050003027f30
70-75.52|05bd00000006000300030001:,05bd000000050003027f30
70-75.57|05be00000006000300030001:,05be000000050003027efb
70-75.62|05bf00000006000300030001:,05bf000000050003027efb
70-75.67|05c000000006000300030001:,05c0000000050003027f12
70-75.73|05c100000006000300030001:,05c1000000050003027f12
70-75.78|05c200000006000300030001:,05c2000000050003027fff
70-75.83|05c300000006000300030001:,05c3000000050003027fff
70-75.88|05c400000006000300030001:,05c4000000050003027fc5
70-75.93|05c500000006000300030001:,05c5000000050003027fc5
70-75.98|05c600000006000300030001:,05c6000000050003027ee9
70-76.03|05c700000006000300030001:,05c7000000050003027ee9
70-76.09|05c800000006000300030001:,05c8000000050003027ee4
70-76.14|05c900000006000300030001:,05c9000000050003027ee4
70-76.19|05ca00000006000300030001:,05ca000000050003027ecb
70-76.24|05cb00000006000300030001:,05cb000000050003027ecb
70-76.29|05cc00000006000300030001:,05cc000000050003027fff
70-76.34|05cd00000006000300030001:,05cd000000050003027f74
70-76.39|05ce00000006000300030001:,05ce000000050003027f74
70-76.45|05cf00000006000300030001:,05cf000000050003027ee8
70-76.50|05d000000006000300030001:,05d0000000050003027ee8
70-76.55|05d100000006000300030001:,05d1000000050003027eb3
70-76.60|05d200000006000300030001:,05d2000000050003027eb3
70-76.65|05d300000006000300030001:,05d3000000050003027e79
70-76.70|05d400000006000300030001:,05d4000000050003027e79
70-76.75|05d500000006000300030001:,05d5000000050003027fff
70-76.81|05d600000006000300030001:,05d6000000050003027fff
70-76.86|05d700000006000300030001:,05d7000000050003027fa4
70-76.91|05d800000006000300030001:,05d8000000050003027fa4
70-76.96|05d900000006000300030001:,05d9000000050003027f24
70-77.01|05da00000006000300030001:,05da000000050003027f24
70-77.06|05db00000006000300030001:,05db000000050003027ee3
70-77.11|05dc00000006000300030001:,05dc000000050003027ee3
70-77.16|05dd00000006000300030001:,05dd000000050003027eaa
70-77.22|05de00000006000300030001:,05de000000050003027eaa
70-77.27|05df00000006000300030001:,05df000000050003027fff
70-77.32|05e000000006000300030001:,05e0000000050003027fff
70-77.37|05e100000006000300030001:,05e1000000050003027f6c
70-77.42|05e200000006000300030001:,05e2000000050003027f6c
70-77.47|05e300000006000300030001:,05e3000000050003027ed8
70-77.52|05e400000006000300030001:,05e4000000050003027ed8
70-77.57|05e500000006000300030001:,05e5000000050003027f4d
70-77.63|05e600000006000300030001:,05e6000000050003027f4d
70-77.68|05e700000006000300030001:,05e7000000050003027e73
70-77.73|05e800000006000300030001:,05e8000000050003027e73
70-77.78|05e900000006000300030001:,05e9000000050003027eda
70-77.83|05ea00000006000300030001:,05ea000000050003027eda
70-77.88|05eb00000006000300030001:,05eb000000050003027fe3
70-77.93|05ec00000006000300030001:,05ec000000050003027fe3
70-77.99|05ed00000006000300030001:,05ed000000050003027f73
70-78.04|05ee00000006000300030001:,05ee000000050003027f73
70-78.09|05ef00000006000300030001:,05ef000000050003027f22
70-78.14|05f000000006000300030001:,05f0000000050003027f22
70-78.19|05f100000006000300030001:,05f1000000050003027f5e
70-78.24|05f200000006000300030001:,05f2000000050003027fff
70-78.29|05f300000006000300030001:,05f3000000050003027fff
70-78.35|05f400000006000300030001:,05f4000000050003027f44
70-78.40|05f500000006000300030001:,05f5000000050003027f44
70-78.45|05f600000006000300030001:,05f6000000050003027f58
70-78.50|05f700000006000300030001:,05f7000000050003027f58
70-78.55|05f800000006000300030001:,05f8000000050003027f75
70-78.60|05f900000006000300030001:,05f9000000050003027f75
70-78.65|05fa00000006000300030001:,05fa000000050003027f35
70-78.71|05fb00000006000300030001:,05fb000000050003027f35
70-78.76|05fc00000006000300030001:,05fc000000050003027f04
70-78.81|05fd00000006000300030001:,05fd000000050003027f04
70-78.86|05fe00000006000300030001:,05fe000000050003027fbc
70-78.91|05ff00000006000300030001:,05ff000000050003027fbc
70-78.97|060000000006000300030001:,0600000000050003027ff5
70-79.02|060100000006000300030001:,0601000000050003027ff5
70-79.07|060200000006000300030001:,0602000000050003027f4c
70-79.12|060300000006000300030001:,0603000000050003027f4c
70-79.17|060400000006000300030001:,0604000000050003027ff5
70-79.23|060500000006000300030001:,0605000000050003027ff5
70-79.28|060600000006000300030001:,0606000000050003027fff
70-79.33|060700000006000300030001:,0607000000050003027fff
70-79.38|060800000006000300030001:,0608000000050003027ff8
70-79.43|060900000006000300030001:,0609000000050003027ff8
70-79.48|060a00000006000300030001:,060a000000050003027fff
70-79.53|060b00000006000300030001:,060b000000050003027fff
70-79.58|060c00000006000300030001:,060c000000050003027fa4
70-79.64|060d00000006000300030001:,060d000000050003027fa4
70-79.69|060e00000006000300030001:,060e000000050003027f18
70-79.74|060f00000006000300030001:,060f000000050003027f18
70-79.79|061000000006000300030001:,0610000000050003027ee3
70-79.84|061100000006000300030001:,0611000000050003027ee3
70-79.89|061200000006000300030001:,0612000000050003027f9c
70-79.95|061300000006000300030001:,0613000000050003027fff
70-80.00|061400000006000300030001:,0614000000050003027fff
70-80.05|061500000006000300030001:,0615000000050003027f2f
70-80.10|061600000006000300030001:,0616000000050003027f2f
70-80.15|061700000006000300030001:,0617000000050003027ef3
70-80.20|061800000006000300030001:,0618000000050003027ef3
70-80.26|061900000006000300030001:,0619000000050003027ed6
70-80.31|061a00000006000300030001:,061a000000050003027ed6
70-80.36|061b00000006000300030001:,061b000000050003027ed5
70-80.41|061c00000006000300030001:,061c000000050003027ed5
70-80.46|061d00000006000300030001:,061d000000050003027fff
70-80.51|061e00000006000300030001:,061e000000050003027fff
70-80.56|061f00000006000300030001:,061f000000050003027f74
70-80.62|062000000006000300030001:,0620000000050003027f74
70-80.67|062100000006000300030001:,0621000000050003027ee8
70-80.72|062200000006000300030001:,0622000000050003027ee8
70-80.77|062300000006000300030001:,0623000000050003027eb3
70-80.82|062400000006000300030001:,0624000000050003027eb3
70-80.87|062500000006000300030001:,0625000000050003027e79
70-80.92|062600000006000300030001:,0626000000050003027e79
70-80.97|062700000006000300030001:,0627000000050003027fff
70-81.03|062800000006000300030001:,0628000000050003027fff
70-81.08|062900000006000300030001:,0629000000050003027f80
70-81.13|062a00000006000300030001:,062a000000050003027f80
70-81.18|062b00000006000300030001:,062b000000050003027eb0
70-81.23|062c00000006000300030001:,062c000000050003027eb0
70-81.28|062d00000006000300030001:,062d000000050003027ebf
70-81.33|062e00000006000300030001:,062e000000050003027ebf
70-81.38|062f00000006000300030001:,062f000000050003027e85
70-81.44|063000000006000300030001:,0630000000050003027e85
70-81.49|063100000006000300030001:,0631000000050003027fff
70-81.54|063200000006000300030001:,0632000000050003027fff
70-81.59|063300000006000300030001:,0633000000050003027f6c
70-81.64|063400000006000300030001:,0634000000050003027f6c
70-81.69|063500000006000300030001:,0635000000050003027efc
70-81.74|063600000006000300030001:,0636000000050003027efc
70-81.79|063700000006000300030001:,0637000000050003027eab
70-81.84|063800000006000300030001:,0638000000050003027ee7
70-81.90|063900000006000300030001:,0639000000050003027ee7
70-81.95|063a00000006000300030001:,063a000000050003027fff
70-82.00|063b00000006000300030001:,063b000000050003027fff
70-82.05|063c00000006000300030001:,063c000000050003027f94
70-82.10|063d00000006000300030001:,063d000000050003027f94
70-82.15|063e00000006000300030001:,063e000000050003027fa8
70-82.21|063f00000006000300030001:,063f000000050003027fa8
70-82.26|064000000006000300030001:,0640000000050003027ed2
