source_text,target_text
0.01|000100000006000300030001:,0001000000050003027fff
0.04|000200000006000300030001:,0002000000050003027fff
0.09|000300000006000300030001:,0003000000050003027fff
0.14|000400000006000300030001:,0004000000050003027fff
0.19|000500000006000300030001:,0005000000050003027fff
0.25|000600000006000300030001:,0006000000050003027fff
0.30|000700000006000300030001:,0007000000050003027fff
0.35|000800000006000300030001:,0008000000050003027fff
0.42|000900000006000300030001:,0009000000050003027f7f
0.45|000a00000006000300030001:,000a000000050003027f7f
0.50|000b00000006000300030001:,000b000000050003027fff
0.55|000c00000006000300030001:,000c000000050003027fff
0.63|000d00000006000300030001:,000d000000050003027fff
0.66|000e00000006000300030001:,000e000000050003027fff
0.73|000f00000006000300030001:,000f000000050003027fff
0.78|001000000006000300030001:,0010000000050003027fff
0.81|001100000006000300030001:,0011000000050003027fff
0.88|001200000006000300030001:,0012000000050003027fff
0.93|001300000006000300030001:,0013000000050003027faa
0.97|001400000006000300030001:,0014000000050003027faa
1.02|001500000006000300030001:,0015000000050003027fff
1.07|001600000006000300030001:,0016000000050003027fff
1.14|001700000006000300030001:,0017000000050003027fff
1.17|001800000006000300030001:,0018000000050003027fff
1.22|001900000006000300030001:,0019000000050003027fff
1.27|001a00000006000300030001:,001a000000050003027fff
1.34|001b00000006000300030001:,001b000000050003027fff
1.40|001c00000006000300030001:,001c000000050003027faa
1.45|001d00000006000300030001:,001d000000050003027f73
1.50|001e00000006000300030001:,001e000000050003027fff
1.53|001f00000006000300030001:,001f000000050003027fff
1.58|002000000006000300030001:,0020000000050003027fff
1.65|002100000006000300030001:,0021000000050003027fff
1.69|002200000006000300030001:,0022000000050003027fff
1.74|002300000006000300030001:,0023000000050003027fff
1.79|002400000006000300030001:,0024000000050003027fff
1.84|002500000006000300030001:,0025000000050003027fff
1.91|002600000006000300030001:,0026000000050003027fac
1.96|002700000006000300030001:,0027000000050003027fe6
1.99|002800000006000300030001:,0028000000050003027fe7
2.04|002900000006000300030001:,0029000000050003027fe1
2.12|002a00000006000300030001:,002a000000050003027fff
2.15|002b00000006000300030001:,002b000000050003027fff
2.20|002c00000006000300030001:,002c000000050003027fff
2.25|002d00000006000300030001:,002d000000050003027fff
2.30|002e00000006000300030001:,002e000000050003027fff
2.37|002f00000006000300030001:,002f000000050003027fff
2.40|003000000006000300030001:,0030000000050003027f7c
2.45|003100000006000300030001:,0031000000050003027f7c
2.51|003200000006000300030001:,0032000000050003027fff
2.58|003300000006000300030001:,0033000000050003027fff
2.61|003400000006000300030001:,0034000000050003027fff
2.66|003500000006000300030001:,0035000000050003027fff
2.73|003600000006000300030001:,0036000000050003027fff
2.78|003700000006000300030001:,0037000000050003027fff
2.81|003800000006000300030001:,0038000000050003027fff
2.89|003900000006000300030001:,0039000000050003027fc2
2.94|003a00000006000300030001:,003a000000050003027fe7
2.97|003b00000006000300030001:,003b000000050003027fe7
3.02|003c00000006000300030001:,003c000000050003027fff
3.07|003d00000006000300030001:,003d000000050003027fff
3.14|003e00000006000300030001:,003e000000050003027fff
3.17|003f00000006000300030001:,003f000000050003027fff
3.23|004000000006000300030001:,0040000000050003027fff
3.30|004100000006000300030001:,0041000000050003027fff
3.33|004200000006000300030001:,0042000000050003027fff
3.38|004300000006000300030001:,0043000000050003027fff
3.43|004400000006000300030001:,0044000000050003027fac
3.50|004500000006000300030001:,0045000000050003027fac
3.55|004600000006000300030001:,0046000000050003027fff
3.58|004700000006000300030001:,0047000000050003027fff
3.64|004800000006000300030001:,0048000000050003027fff
3.71|004900000006000300030001:,0049000000050003027fff
3.76|004a00000006000300030001:,004a000000050003027fff
3.81|004b00000006000300030001:,004b000000050003027fff
3.84|004c00000006000300030001:,004c000000050003027fff
3.89|004d00000006000300030001:,004d000000050003027fff
3.96|004e00000006000300030001:,004e000000050003027f38
4.01|004f00000006000300030001:,004f000000050003027fff
4.07|005000000006000300030001:,0050000000050003027fe6
4.12|005100000006000300030001:,0051000000050003027fff
4.17|005200000006000300030001:,0052000000050003027fff
4.20|005300000006000300030001:,0053000000050003027fff
4.27|005400000006000300030001:,0054000000050003027fff
4.32|005500000006000300030001:,0055000000050003027fff
4.37|005600000006000300030001:,0056000000050003027fff
4.43|005700000006000300030001:,0057000000050003027fac
4.46|005800000006000300030001:,0058000000050003027f74
4.51|005900000006000300030001:,0059000000050003027fd8
4.58|005a00000006000300030001:,005a000000050003027fe1
4.61|005b00000006000300030001:,005b000000050003027fff
4.66|005c00000006000300030001:,005c000000050003027fff
4.72|005d00000006000300030001:,005d000000050003027fff
4.77|005e00000006000300030001:,005e000000050003027fff
4.82|005f00000006000300030001:,005f000000050003027fff
4.89|006000000006000300030001:,0060000000050003027fac
4.94|006100000006000300030001:,0061000000050003027fac
4.99|006200000006000300030001:,0062000000050003027fac
5.04|006300000006000300030001:,0063000000050003027fff
5.10|006400000006000300030001:,0064000000050003027fff
5.13|006500000006000300030001:,0065000000050003027fff
5.20|006600000006000300030001:,0066000000050003027fff
5.23|006700000006000300030001:,0067000000050003027fff
5.28|006800000006000300030001:,0068000000050003027fff
5.33|006900000006000300030001:,0069000000050003027fff
5.38|006a00000006000300030001:,006a000000050003027fff
5.45|006b00000006000300030001:,006b000000050003027faa
5.51|006c00000006000300030001:,006c000000050003027fff
5.54|006d00000006000300030001:,006d000000050003027fff
5.61|006e00000006000300030001:,006e000000050003027fff
5.66|006f00000006000300030001:,006f000000050003027fff
5.69|007000000006000300030001:,0070000000050003027fff
5.76|007100000006000300030001:,0071000000050003027fff
5.81|007200000006000300030001:,0072000000050003027fff
5.84|007300000006000300030001:,0073000000050003027fff
5.90|007400000006000300030001:,0074000000050003027faa
5.97|007500000006000300030001:,0075000000050003027faa
6.00|007600000006000300030001:,0076000000050003027fff
6.05|007700000006000300030001:,0077000000050003027fff
6.12|007800000006000300030001:,0078000000050003027fff
6.17|007900000006000300030001:,0079000000050003027fff
6.20|007a00000006000300030001:,007a000000050003027fff
6.28|007b00000006000300030001:,007b000000050003027fff
6.31|007c00000006000300030001:,007c000000050003027fff
6.36|007d00000006000300030001:,007d000000050003027fff
6.43|007e00000006000300030001:,007e000000050003027faa
6.48|007f00000006000300030001:,007f000000050003027faa
6.51|008000000006000300030001:,0080000000050003027fff
6.58|008100000006000300030001:,0081000000050003027fff
6.62|008200000006000300030001:,0082000000050003027fff
6.67|008300000006000300030001:,0083000000050003027fff
6.72|008400000006000300030001:,0084000000050003027fff
6.77|008500000006000300030001:,0085000000050003027fff
6.84|008600000006000300030001:,0086000000050003027fff
6.89|008700000006000300030001:,0087000000050003027faa
6.94|008800000006000300030001:,0088000000050003027faa
6.97|008900000006000300030001:,0089000000050003027faa
7.05|008a00000006000300030001:,008a000000050003027fff
7.08|008b00000006000300030001:,008b000000050003027fff
7.13|008c00000006000300030001:,008c000000050003027fff
7.18|008d00000006000300030001:,008d000000050003027fff
7.23|008e00000006000300030001:,008e000000050003027fff
7.30|008f00000006000300030001:,008f000000050003027fff
7.35|009000000006000300030001:,0090000000050003027fff
7.41|009100000006000300030001:,0091000000050003027faa
7.44|009200000006000300030001:,0092000000050003027faa
7.49|009300000006000300030001:,0093000000050003027faa
7.54|009400000006000300030001:,0094000000050003027fd8
7.59|009500000006000300030001:,0095000000050003027fff
7.64|009600000006000300030001:,0096000000050003027fff
7.69|009700000006000300030001:,0097000000050003027fff
7.75|009800000006000300030001:,0098000000050003027fff
7.80|009900000006000300030001:,0099000000050003027fff
7.85|009a00000006000300030001:,009a000000050003027fff
7.92|009b00000006000300030001:,009b000000050003027faa
7.97|009c00000006000300030001:,009c000000050003027faa
8.00|009d00000006000300030001:,009d000000050003027fff
8.08|009e00000006000300030001:,009e000000050003027fff
8.13|009f00000006000300030001:,009f000000050003027fff
8.16|00a000000006000300030001:,00a0000000050003027fff
8.23|00a100000006000300030001:,00a1000000050003027fff
8.28|00a200000006000300030001:,00a2000000050003027fff
8.31|00a300000006000300030001:,00a3000000050003027fff
8.36|00a400000006000300030001:,00a4000000050003027fff
8.44|00a500000006000300030001:,00a5000000050003027f8c
8.49|00a600000006000300030001:,00a6000000050003027fff
8.54|00a700000006000300030001:,00a7000000050003027fff
8.57|00a800000006000300030001:,00a8000000050003027fff
8.62|00a900000006000300030001:,00a9000000050003027fff
8.67|00aa00000006000300030001:,00aa000000050003027fff
8.75|00ab00000006000300030001:,00ab000000050003027fff
8.78|00ac00000006000300030001:,00ac000000050003027fff
8.83|00ad00000006000300030001:,00ad000000050003027fff
8.88|00ae00000006000300030001:,00ae000000050003027fff
8.95|00af00000006000300030001:,00af000000050003027faa
9.00|00b000000006000300030001:,00b0000000050003027fff
9.03|00b100000006000300030001:,00b1000000050003027fff
9.08|00b200000006000300030001:,00b2000000050003027fff
9.14|00b300000006000300030001:,00b3000000050003027fff
9.21|00b400000006000300030001:,00b4000000050003027fff
9.26|00b500000006000300030001:,00b5000000050003027fff
9.31|00b600000006000300030001:,00b6000000050003027fff
9.36|00b700000006000300030001:,00b7000000050003027fff
9.39|00b800000006000300030001:,00b8000000050003027faa
9.46|00b900000006000300030001:,00b9000000050003027faa
9.52|00ba00000006000300030001:,00ba000000050003027ff3
9.55|00bb00000006000300030001:,00bb000000050003027ff3
9.62|00bc00000006000300030001:,00bc000000050003027ff3
9.65|00bd00000006000300030001:,00bd000000050003027fff
9.70|00be00000006000300030001:,00be000000050003027ff3
9.75|00bf00000006000300030001:,00bf000000050003027fff
9.82|00c000000006000300030001:,00c0000000050003027fff
9.85|00c100000006000300030001:,00c1000000050003027fff
9.90|00c200000006000300030001:,00c2000000050003027faa
9.96|00c300000006000300030001:,00c3000000050003027faa
10.01|00c400000006000300030001:,00c4000000050003027fe7
10.08|00c500000006000300030001:,00c5000000050003027fe4
10.13|00c600000006000300030001:,00c6000000050003027fff
10.18|00c700000006000300030001:,00c7000000050003027fff
10.21|00c800000006000300030001:,00c8000000050003027fff
10.28|00c900000006000300030001:,00c9000000050003027fe4
10.34|00ca00000006000300030001:,00ca000000050003027fff
10.39|00cb00000006000300030001:,00cb000000050003027faa
10.42|00cc00000006000300030001:,00cc000000050003027faa
10.49|00cd00000006000300030001:,00cd000000050003027faa
10.54|00ce00000006000300030001:,00ce000000050003027fd8
10.57|00cf00000006000300030001:,00cf000000050003027fff
10.64|00d000000006000300030001:,00d0000000050003027fff
10.67|00d100000006000300030001:,00d1000000050003027fff
10.73|00d200000006000300030001:,00d2000000050003027fff
10.80|00d300000006000300030001:,00d3000000050003027fff
10.85|00d400000006000300030001:,00d4000000050003027fff
10.88|00d500000006000300030001:,00d5000000050003027fff
10.93|00d600000006000300030001:,00d6000000050003027faa
10.98|00d700000006000300030001:,00d7000000050003027fc8
11.04|00d800000006000300030001:,00d8000000050003027fe7
11.11|00d900000006000300030001:,00d9000000050003027fff
11.14|00da00000006000300030001:,00da000000050003027fff
11.19|00db00000006000300030001:,00db000000050003027fff
11.26|00dc00000006000300030001:,00dc000000050003027fff
11.29|00dd00000006000300030001:,00dd000000050003027fff
11.36|00de00000006000300030001:,00de000000050003027fff
11.41|00df00000006000300030001:,00df000000050003027faa
11.45|00e000000006000300030001:,00e0000000050003027fdb
11.50|00e100000006000300030001:,00e1000000050003027fdb
11.55|00e200000006000300030001:,00e2000000050003027fdb
11.62|00e300000006000300030001:,00e3000000050003027fff
11.67|00e400000006000300030001:,00e4000000050003027fff
11.72|00e500000006000300030001:,00e5000000050003027fff
11.77|00e600000006000300030001:,00e6000000050003027fff
11.80|00e700000006000300030001:,00e7000000050003027fff
11.86|00e800000006000300030001:,00e8000000050003027fff
11.91|00e900000006000300030001:,00e9000000050003027fc2
11.96|00ea00000006000300030001:,00ea000000050003027fc2
12.01|00eb00000006000300030001:,00eb000000050003027fa4
12.08|00ec00000006000300030001:,00ec000000050003027fff
12.11|00ed00000006000300030001:,00ed000000050003027fff
12.19|00ee00000006000300030001:,00ee000000050003027fff
12.22|00ef00000006000300030001:,00ef000000050003027fff
12.29|00f000000006000300030001:,00f0000000050003027fff
12.34|00f100000006000300030001:,00f1000000050003027fc2
12.39|00f200000006000300030001:,00f2000000050003027fc2
12.44|00f300000006000300030001:,00f3000000050003027fc2
12.49|00f400000006000300030001:,00f4000000050003027fac
12.52|00f500000006000300030001:,00f5000000050003027f9d
12.60|00f600000006000300030001:,00f6000000050003027fff
12.63|00f700000006000300030001:,00f7000000050003027fff
12.68|00f800000006000300030001:,00f8000000050003027fff
12.73|00f900000006000300030001:,00f9000000050003027fff
12.78|00fa00000006000300030001:,00fa000000050003027fff
12.83|00fb00000006000300030001:,00fb000000050003027fff
12.88|00fc00000006000300030001:,00fc000000050003027fff
12.94|00fd00000006000300030001:,00fd000000050003027fc2
12.99|00fe00000006000300030001:,00fe000000050003027fc2
13.04|00ff00000006000300030001:,00ff000000050003027fa4
13.11|010000000006000300030001:,0100000000050003027fff
13.14|010100000006000300030001:,0101000000050003027fff
13.21|010200000006000300030001:,0102000000050003027fff
13.27|010300000006000300030001:,0103000000050003027fff
13.30|010400000006000300030001:,0104000000050003027fff
13.37|010500000006000300030001:,0105000000050003027fff
13.40|010600000006000300030001:,0106000000050003027fc2
13.47|010700000006000300030001:,0107000000050003027fc2
13.50|010800000006000300030001:,0108000000050003027fa4
13.55|010900000006000300030001:,0109000000050003027fc0
13.62|010a00000006000300030001:,010a000000050003027ff5
13.68|010b00000006000300030001:,010b000000050003027ff5
13.73|010c00000006000300030001:,010c000000050003027ff4
13.76|010d00000006000300030001:,010d000000050003027fff
13.81|010e00000006000300030001:,010e000000050003027fff
13.86|010f00000006000300030001:,010f000000050003027fff
13.91|011000000006000300030001:,0110000000050003027fff
13.96|011100000006000300030001:,0111000000050003027fff
14.04|011200000006000300030001:,0112000000050003027fe2
14.07|011300000006000300030001:,0113000000050003027fe1
14.12|011400000006000300030001:,0114000000050003027fff
14.19|011500000006000300030001:,0115000000050003027fff
14.24|011600000006000300030001:,0116000000050003027fff
14.27|011700000006000300030001:,0117000000050003027fff
14.34|011800000006000300030001:,0118000000050003027fff
14.38|011900000006000300030001:,0119000000050003027fc2
14.45|011a00000006000300030001:,011a000000050003027fc2
14.50|011b00000006000300030001:,011b000000050003027f9d
14.55|011c00000006000300030001:,011c000000050003027f9d
14.58|011d00000006000300030001:,011d000000050003027f9d
14.63|011e00000006000300030001:,011e000000050003027ff4
14.68|011f00000006000300030001:,011f000000050003027ff4
14.75|012000000006000300030001:,0120000000050003027fff
14.81|012100000006000300030001:,0121000000050003027fff
14.86|012200000006000300030001:,0122000000050003027fff
14.91|012300000006000300030001:,0123000000050003027fc2
14.96|012400000006000300030001:,0124000000050003027fc2
15.01|012500000006000300030001:,0125000000050003027fdd
15.04|012600000006000300030001:,0126000000050003027fdd
15.09|012700000006000300030001:,0127000000050003027fdd
15.16|012800000006000300030001:,0128000000050003027fff
15.19|012900000006000300030001:,0129000000050003027fff
15.26|012a00000006000300030001:,012a000000050003027fff
15.30|012b00000006000300030001:,012b000000050003027fff
15.35|012c00000006000300030001:,012c000000050003027fff
15.42|012d00000006000300030001:,012d000000050003027fdd
15.45|012e00000006000300030001:,012e000000050003027fdd
15.50|012f00000006000300030001:,012f000000050003027fdd
15.55|013000000006000300030001:,0130000000050003027fdd
15.60|013100000006000300030001:,0131000000050003027fff
15.67|013200000006000300030001:,0132000000050003027fff
15.71|013300000006000300030001:,0133000000050003027fff
15.78|013400000006000300030001:,0134000000050003027fff
15.83|013500000006000300030001:,0135000000050003027fff
15.88|013600000006000300030001:,0136000000050003027fff
15.91|013700000006000300030001:,0137000000050003027fc1
15.96|013800000006000300030001:,0138000000050003027fc6
16.03|013900000006000300030001:,0139000000050003027f91
16.09|013a00000006000300030001:,013a000000050003027fff
16.14|013b00000006000300030001:,013b000000050003027fff
16.19|013c00000006000300030001:,013c000000050003027fff
16.22|013d00000006000300030001:,013d000000050003027fff
16.29|013e00000006000300030001:,013e000000050003027fff
16.34|013f00000006000300030001:,013f000000050003027fff
16.40|014000000006000300030001:,0140000000050003027f8c
16.45|014100000006000300030001:,0141000000050003027f8c
16.48|014200000006000300030001:,0142000000050003027f8c
16.55|014300000006000300030001:,0143000000050003027fff
16.60|014400000006000300030001:,0144000000050003027fff
16.63|014500000006000300030001:,0145000000050003027fff
16.68|014600000006000300030001:,0146000000050003027fff
16.76|014700000006000300030001:,0147000000050003027fff
16.81|014800000006000300030001:,0148000000050003027fff
16.84|014900000006000300030001:,0149000000050003027fff
16.89|014a00000006000300030001:,014a000000050003027fff
16.96|014b00000006000300030001:,014b000000050003027fff
16.99|014c00000006000300030001:,014c000000050003027fff
17.04|014d00000006000300030001:,014d000000050003027fff
17.09|014e00000006000300030001:,014e000000050003027fff
17.17|014f00000006000300030001:,014f000000050003027fff
17.22|015000000006000300030001:,0150000000050003027fff
17.27|015100000006000300030001:,0151000000050003027fff
17.32|015200000006000300030001:,0152000000050003027fff
17.37|015300000006000300030001:,0153000000050003027fff
17.42|015400000006000300030001:,0154000000050003027f8c
17.45|015500000006000300030001:,0155000000050003027f8c
17.53|015600000006000300030001:,0156000000050003027fd8
17.56|015700000006000300030001:,0157000000050003027fd8
17.61|015800000006000300030001:,0158000000050003027fff
17.68|015900000006000300030001:,0159000000050003027fff
17.73|015a00000006000300030001:,015a000000050003027fff
17.78|015b00000006000300030001:,015b000000050003027fff
17.83|015c00000006000300030001:,015c000000050003027fff
17.89|015d00000006000300030001:,015d000000050003027fce
17.94|015e00000006000300030001:,015e000000050003027fff
17.97|015f00000006000300030001:,015f000000050003027ffc
18.04|016000000006000300030001:,0160000000050003027fc0
18.09|016100000006000300030001:,0161000000050003027fff
18.12|016200000006000300030001:,0162000000050003027fff
18.17|016300000006000300030001:,0163000000050003027fff
18.22|016400000006000300030001:,0164000000050003027fff
18.28|016500000006000300030001:,0165000000050003027fff
18.35|016600000006000300030001:,0166000000050003027fff
18.38|016700000006000300030001:,0167000000050003027fc8
18.43|016800000006000300030001:,0168000000050003027fc2
18.50|016900000006000300030001:,0169000000050003027fc0
18.53|016a00000006000300030001:,016a000000050003027fc0
18.60|016b00000006000300030001:,016b000000050003027fff
18.66|016c00000006000300030001:,016c000000050003027fff
18.69|016d00000006000300030001:,016d000000050003027fff
18.76|016e00000006000300030001:,016e000000050003027fff
18.81|016f00000006000300030001:,016f000000050003027fff
18.86|017000000006000300030001:,0170000000050003027fff
18.91|017100000006000300030001:,0171000000050003027fc2
18.94|017200000006000300030001:,0172000000050003027fc4
19.02|017300000006000300030001:,0173000000050003027f9e
19.07|017400000006000300030001:,0174000000050003027f9e
19.12|017500000006000300030001:,0175000000050003027ffe
19.15|017600000006000300030001:,0176000000050003027ffe
19.22|017700000006000300030001:,0177000000050003027ffe
19.25|017800000006000300030001:,0178000000050003027ffe
19.30|017900000006000300030001:,0179000000050003027fff
19.35|017a00000006000300030001:,017a000000050003027fff
19.41|017b00000006000300030001:,017b000000050003027f9e
19.48|017c00000006000300030001:,017c000000050003027f9e
19.53|017d00000006000300030001:,017d000000050003027f9e
19.58|017e00000006000300030001:,017e000000050003027f9e
19.63|017f00000006000300030001:,017f000000050003027ffe
19.66|018000000006000300030001:,0180000000050003027fff
19.71|018100000006000300030001:,0181000000050003027fff
19.78|018200000006000300030001:,0182000000050003027fff
19.84|018300000006000300030001:,0183000000050003027fff
19.89|018400000006000300030001:,0184000000050003027fff
19.92|018500000006000300030001:,0185000000050003027fff
19.97|018600000006000300030001:,0186000000050003027fff
20.04|018700000006000300030001:,0187000000050003027fa8
20.09|018800000006000300030001:,0188000000050003027fa8
20.14|018900000006000300030001:,0189000000050003027fff
20.18|018a00000006000300030001:,018a000000050003027fff
20.25|018b00000006000300030001:,018b000000050003027fff
20.28|018c00000006000300030001:,018c000000050003027fff
20.33|018d00000006000300030001:,018d000000050003027fff
20.38|018e00000006000300030001:,018e000000050003027fff
20.43|018f00000006000300030001:,018f000000050003027f8c
20.50|019000000006000300030001:,0190000000050003027fd8
20.53|019100000006000300030001:,0191000000050003027fd8
20.59|019200000006000300030001:,0192000000050003027fff
20.66|019300000006000300030001:,0193000000050003027fff
20.71|019400000006000300030001:,0194000000050003027fff
20.76|019500000006000300030001:,0195000000050003027fff
20.81|019600000006000300030001:,0196000000050003027fff
20.86|019700000006000300030001:,0197000000050003027fff
20.91|019800000006000300030001:,0198000000050003027fcf
20.95|019900000006000300030001:,0199000000050003027fcf
21.02|019a00000006000300030001:,019a000000050003027fca
21.07|019b00000006000300030001:,019b000000050003027fca
21.10|019c00000006000300030001:,019c000000050003027fff
21.17|019d00000006000300030001:,019d000000050003027fff
21.22|019e00000006000300030001:,019e000000050003027fff
21.27|019f00000006000300030001:,019f000000050003027fff
21.33|01a000000006000300030001:,01a0000000050003027fff
21.36|01a100000006000300030001:,01a1000000050003027fff
21.41|01a200000006000300030001:,01a2000000050003027fff
21.48|01a300000006000300030001:,01a3000000050003027fff
21.51|01a400000006000300030001:,01a4000000050003027fd8
21.58|01a500000006000300030001:,01a5000000050003027fd8
21.64|01a600000006000300030001:,01a6000000050003027fff
21.67|01a700000006000300030001:,01a7000000050003027fff
21.74|01a800000006000300030001:,01a8000000050003027fff
21.79|01a900000006000300030001:,01a9000000050003027fff
21.82|01aa00000006000300030001:,01aa000000050003027fff
21.87|01ab00000006000300030001:,01ab000000050003027fff
21.93|01ac00000006000300030001:,01ac000000050003027fff
22.00|01ad00000006000300030001:,01ad000000050003027fa9
22.05|01ae00000006000300030001:,01ae000000050003027fa9
22.08|01af00000006000300030001:,01af000000050003027fff
22.15|01b000000006000300030001:,01b0000000050003027fff
22.20|01b100000006000300030001:,01b1000000050003027fff
22.25|01b200000006000300030001:,01b2000000050003027fff
22.28|01b300000006000300030001:,01b3000000050003027fff
22.35|01b400000006000300030001:,01b4000000050003027fff
22.38|01b500000006000300030001:,01b5000000050003027fff
22.46|01b600000006000300030001:,01b6000000050003027fff
22.49|01b700000006000300030001:,01b7000000050003027fff
22.56|01b800000006000300030001:,01b8000000050003027f9d
22.61|01b900000006000300030001:,01b9000000050003027fff
22.66|01ba00000006000300030001:,01ba000000050003027fff
22.71|01bb00000006000300030001:,01bb000000050003027fff
22.76|01bc00000006000300030001:,01bc000000050003027fff
22.79|01bd00000006000300030001:,01bd000000050003027fff
22.87|01be00000006000300030001:,01be000000050003027fff
22.92|01bf00000006000300030001:,01bf000000050003027fce
22.95|01c000000006000300030001:,01c0000000050003027fff
23.00|01c100000006000300030001:,01c1000000050003027fb0
23.05|01c200000006000300030001:,01c2000000050003027fb0
23.12|01c300000006000300030001:,01c3000000050003027ff0
23.18|01c400000006000300030001:,01c4000000050003027ff0
23.23|01c500000006000300030001:,01c5000000050003027ff0
23.26|01c600000006000300030001:,01c6000000050003027ff0
23.33|01c700000006000300030001:,01c7000000050003027fff
23.38|01c800000006000300030001:,01c8000000050003027fff
23.43|01c900000006000300030001:,01c9000000050003027fff
23.48|01ca00000006000300030001:,01ca000000050003027fff
23.54|01cb00000006000300030001:,01cb000000050003027fff
23.57|01cc00000006000300030001:,01cc000000050003027fff
23.64|01cd00000006000300030001:,01cd000000050003027fff
23.67|01ce00000006000300030001:,01ce000000050003027ff0
23.72|01cf00000006000300030001:,01cf000000050003027ff0
23.79|01d000000006000300030001:,01d0000000050003027fff
23.83|01d100000006000300030001:,01d1000000050003027fff
23.90|01d200000006000300030001:,01d2000000050003027fff
23.93|01d300000006000300030001:,01d3000000050003027fff
23.98|01d400000006000300030001:,01d4000000050003027fff
24.05|01d500000006000300030001:,01d5000000050003027fe1
24.10|01d600000006000300030001:,01d6000000050003027fff
24.15|01d700000006000300030001:,01d7000000050003027fff
24.20|01d800000006000300030001:,01d8000000050003027fff
24.26|01d900000006000300030001:,01d9000000050003027fff
24.29|01da00000006000300030001:,01da000000050003027fff
24.34|01db00000006000300030001:,01db000000050003027fff
24.41|01dc00000006000300030001:,01dc000000050003027fff
24.46|01dd00000006000300030001:,01dd000000050003027fff
24.49|01de00000006000300030001:,01de000000050003027fff
24.56|01df00000006000300030001:,01df000000050003027f9d
24.61|01e000000006000300030001:,01e0000000050003027fff
24.65|01e100000006000300030001:,01e1000000050003027fff
24.72|01e200000006000300030001:,01e2000000050003027fff
24.75|01e300000006000300030001:,01e3000000050003027fff
24.82|01e400000006000300030001:,01e4000000050003027fff
24.85|01e500000006000300030001:,01e5000000050003027fff
24.90|01e600000006000300030001:,01e6000000050003027fc4
24.95|01e700000006000300030001:,01e7000000050003027fc4
25.03|01e800000006000300030001:,01e8000000050003027fa4
25.08|01e900000006000300030001:,01e9000000050003027fff
25.13|01ea00000006000300030001:,01ea000000050003027fff
25.18|01eb00000006000300030001:,01eb000000050003027fff
25.23|01ec00000006000300030001:,01ec000000050003027fff
25.28|01ed00000006000300030001:,01ed000000050003027fff
25.33|01ee00000006000300030001:,01ee000000050003027fff
25.38|01ef00000006000300030001:,01ef000000050003027ffc
25.42|01f000000006000300030001:,01f0000000050003027fc2
25.47|01f100000006000300030001:,01f1000000050003027fc2
25.52|01f200000006000300030001:,01f2000000050003027f9d
25.57|01f300000006000300030001:,01f3000000050003027f9d
25.62|01f400000006000300030001:,01f4000000050003027fff
25.69|01f500000006000300030001:,01f5000000050003027fff
25.75|01f600000006000300030001:,01f6000000050003027fff
25.78|01f700000006000300030001:,01f7000000050003027fff
25.85|01f800000006000300030001:,01f8000000050003027fff
25.90|01f900000006000300030001:,01f9000000050003027ffc
25.95|01fa00000006000300030001:,01fa000000050003027fff
25.98|01fb00000006000300030001:,01fb000000050003027fff
26.03|01fc00000006000300030001:,01fc000000050003027f95
26.10|01fd00000006000300030001:,01fd000000050003027f95
26.14|01fe00000006000300030001:,01fe000000050003027f95
26.21|01ff00000006000300030001:,01ff000000050003027f95
26.24|020000000006000300030001:,0200000000050003027fff
26.31|020100000006000300030001:,0201000000050003027fff
26.36|020200000006000300030001:,0202000000050003027fff
26.41|020300000006000300030001:,0203000000050003027f8c
26.45|020400000006000300030001:,0204000000050003027f8c
26.50|020500000006000300030001:,0205000000050003027fa9
26.57|020600000006000300030001:,0206000000050003027fa9
26.62|020700000006000300030001:,0207000000050003027fff
26.65|020800000006000300030001:,0208000000050003027fff
26.70|020900000006000300030001:,0209000000050003027fff
26.75|020a00000006000300030001:,020a000000050003027fff
26.80|020b00000006000300030001:,020b000000050003027fff
26.88|020c00000006000300030001:,020c000000050003027fff
26.91|020d00000006000300030001:,020d000000050003027fff
26.98|020e00000006000300030001:,020e000000050003027fff
27.03|020f00000006000300030001:,020f000000050003027f9d
27.08|021000000006000300030001:,0210000000050003027fff
27.13|021100000006000300030001:,0211000000050003027fff
27.18|021200000006000300030001:,0212000000050003027fff
27.23|021300000006000300030001:,0213000000050003027fff
27.29|021400000006000300030001:,0214000000050003027fff
27.34|021500000006000300030001:,0215000000050003027fff
27.39|021600000006000300030001:,0216000000050003027fc2
27.42|021700000006000300030001:,0217000000050003027fc2
27.49|021800000006000300030001:,0218000000050003027fae
27.54|021900000006000300030001:,0219000000050003027fae
27.60|021a00000006000300030001:,021a000000050003027ff3
27.63|021b00000006000300030001:,021b000000050003027ff3
27.68|021c00000006000300030001:,021c000000050003027fff
27.75|021d00000006000300030001:,021d000000050003027fff
27.80|021e00000006000300030001:,021e000000050003027fff
27.85|021f00000006000300030001:,021f000000050003027fff
27.90|022000000006000300030001:,0220000000050003027fff
27.96|022100000006000300030001:,0221000000050003027fff
28.01|022200000006000300030001:,0222000000050003027fe1
28.04|022300000006000300030001:,0223000000050003027fe1
28.09|022400000006000300030001:,0224000000050003027fff
28.16|022500000006000300030001:,0225000000050003027fff
28.19|022600000006000300030001:,0226000000050003027fff
28.26|022700000006000300030001:,0227000000050003027fff
28.31|022800000006000300030001:,0228000000050003027fff
28.34|022900000006000300030001:,0229000000050003027fff
28.42|022a00000006000300030001:,022a000000050003027f8a
28.45|022b00000006000300030001:,022b000000050003027f8a
28.50|022c00000006000300030001:,022c000000050003027f8a
28.55|022d00000006000300030001:,022d000000050003027faa
28.62|022e00000006000300030001:,022e000000050003027fff
28.67|022f00000006000300030001:,022f000000050003027fff
28.70|023000000006000300030001:,0230000000050003027fff
28.76|023100000006000300030001:,0231000000050003027fff
28.81|023200000006000300030001:,0232000000050003027fff
28.88|023300000006000300030001:,0233000000050003027fff
28.93|023400000006000300030001:,0234000000050003027fc2
28.98|023500000006000300030001:,0235000000050003027fc8
29.01|023600000006000300030001:,0236000000050003027fa2
29.08|023700000006000300030001:,0237000000050003027fa2
29.13|023800000006000300030001:,0238000000050003027fa2
29.19|023900000006000300030001:,0239000000050003027fff
29.22|023a00000006000300030001:,023a000000050003027fff
29.27|023b00000006000300030001:,023b000000050003027fff
29.34|023c00000006000300030001:,023c000000050003027fff
29.37|023d00000006000300030001:,023d000000050003027fff
29.42|023e00000006000300030001:,023e000000050003027fff
29.47|023f00000006000300030001:,023f000000050003027f8a
29.53|024000000006000300030001:,0240000000050003027fa2
29.58|024100000006000300030001:,0241000000050003027fa2
29.63|024200000006000300030001:,0242000000050003027fff
29.68|024300000006000300030001:,0243000000050003027fff
29.75|024400000006000300030001:,0244000000050003027fff
29.79|024500000006000300030001:,0245000000050003027fff
29.86|024600000006000300030001:,0246000000050003027fff
29.89|024700000006000300030001:,0247000000050003027fff
29.94|024800000006000300030001:,0248000000050003027fff
30.01|024900000006000300030001:,0249000000050003027fa8
30.06|024a00000006000300030001:,024a000000050003027fff
30.10|024b00000006000300030001:,024b000000050003027fff
30.15|024c00000006000300030001:,024c000000050003027fff
30.20|024d00000006000300030001:,024d000000050003027fff
30.27|024e00000006000300030001:,024e000000050003027fff
30.30|024f00000006000300030001:,024f000000050003027fff
30.37|025000000006000300030001:,0250000000050003027fff
30.42|025100000006000300030001:,0251000000050003027fe0
30.46|025200000006000300030001:,0252000000050003027fa8
30.53|025300000006000300030001:,0253000000050003027fe0
30.56|025400000006000300030001:,0254000000050003027fe0
30.61|025500000006000300030001:,0255000000050003027fff
30.66|025600000006000300030001:,0256000000050003027fff
30.73|025700000006000300030001:,0257000000050003027fff
30.76|025800000006000300030001:,0258000000050003027fff
30.84|025900000006000300030001:,0259000000050003027fff
30.89|025a00000006000300030001:,025a000000050003027fff
30.94|025b00000006000300030001:,025b000000050003027fe7
30.99|025c00000006000300030001:,025c000000050003027fff
31.04|025d00000006000300030001:,025d000000050003027fff
31.07|025e00000006000300030001:,025e000000050003027fff
31.12|025f00000006000300030001:,025f000000050003027fca
31.19|026000000006000300030001:,0260000000050003027fff
31.25|026100000006000300030001:,0261000000050003027fff
31.30|026200000006000300030001:,0262000000050003027fff
31.35|026300000006000300030001:,0263000000050003027fff
31.40|026400000006000300030001:,0264000000050003027fff
31.45|026500000006000300030001:,0265000000050003027fff
31.50|026600000006000300030001:,0266000000050003027fff
31.53|026700000006000300030001:,0267000000050003027fff
31.61|026800000006000300030001:,0268000000050003027fff
31.66|026900000006000300030001:,0269000000050003027fff
31.71|026a00000006000300030001:,026a000000050003027fff
31.76|026b00000006000300030001:,026b000000050003027fff
31.81|026c00000006000300030001:,026c000000050003027fff
31.84|026d00000006000300030001:,026d000000050003027fff
31.89|026e00000006000300030001:,026e000000050003027fff
31.95|026f00000006000300030001:,026f000000050003027fff
32.02|027000000006000300030001:,0270000000050003027fff
32.05|027100000006000300030001:,0271000000050003027fff
32.10|027200000006000300030001:,0272000000050003027fff
32.15|027300000006000300030001:,0273000000050003027fff
32.22|027400000006000300030001:,0274000000050003027fff
32.27|027500000006000300030001:,0275000000050003027fff
32.33|027600000006000300030001:,0276000000050003027fff
32.36|027700000006000300030001:,0277000000050003027fff
32.43|027800000006000300030001:,0278000000050003027fff
32.46|027900000006000300030001:,0279000000050003027fff
32.51|027a00000006000300030001:,027a000000050003027fff
32.58|027b00000006000300030001:,027b000000050003027fff
32.63|027c00000006000300030001:,027c000000050003027fff
32.68|027d00000006000300030001:,027d000000050003027fff
32.72|027e00000006000300030001:,027e000000050003027fff
32.79|027f00000006000300030001:,027f000000050003027fff
32.84|028000000006000300030001:,0280000000050003027fff
32.87|028100000006000300030001:,0281000000050003027fff
32.92|028200000006000300030001:,0282000000050003027fea
32.97|028300000006000300030001:,0283000000050003027fea
33.02|028400000006000300030001:,0284000000050003027fff
33.09|028500000006000300030001:,0285000000050003027fff
33.13|028600000006000300030001:,0286000000050003027fff
33.18|028700000006000300030001:,0287000000050003027fff
33.25|028800000006000300030001:,0288000000050003027fff
33.28|028900000006000300030001:,0289000000050003027fff
33.33|028a00000006000300030001:,028a000000050003027fff
33.38|028b00000006000300030001:,028b000000050003027fff
33.46|028c00000006000300030001:,028c000000050003027fff
33.49|028d00000006000300030001:,028d000000050003027fff
33.56|028e00000006000300030001:,028e000000050003027fff
33.61|028f00000006000300030001:,028f000000050003027fff
33.66|029000000006000300030001:,0290000000050003027fff
33.71|029100000006000300030001:,0291000000050003027fff
33.77|029200000006000300030001:,0292000000050003027fff
33.82|029300000006000300030001:,0293000000050003027fff
33.87|029400000006000300030001:,0294000000050003027fff
33.90|029500000006000300030001:,0295000000050003027fff
33.97|029600000006000300030001:,0296000000050003027fff
34.02|029700000006000300030001:,0297000000050003027fff
34.07|029800000006000300030001:,0298000000050003027fff
34.13|029900000006000300030001:,0299000000050003027fca
34.16|029a00000006000300030001:,029a000000050003027fff
34.21|029b00000006000300030001:,029b000000050003027fff
34.26|029c00000006000300030001:,029c000000050003027fff
34.31|029d00000006000300030001:,029d000000050003027fff
34.38|029e00000006000300030001:,029e000000050003027fff
34.41|029f00000006000300030001:,029f000000050003027fff
34.49|02a000000006000300030001:,02a0000000050003027fff
34.52|02a100000006000300030001:,02a1000000050003027fff
34.59|02a200000006000300030001:,02a2000000050003027fff
34.64|02a300000006000300030001:,02a3000000050003027fff
34.67|02a400000006000300030001:,02a4000000050003027fff
34.72|02a500000006000300030001:,02a5000000050003027fff
34.79|02a600000006000300030001:,02a6000000050003027fff
34.82|02a700000006000300030001:,02a7000000050003027fff
34.88|02a800000006000300030001:,02a8000000050003027fff
34.93|02a900000006000300030001:,02a9000000050003027fff
34.98|02aa00000006000300030001:,02aa000000050003027fff
35.05|02ab00000006000300030001:,02ab000000050003027fff
35.08|02ac00000006000300030001:,02ac000000050003027fff
35.13|02ad00000006000300030001:,02ad000000050003027fff
35.20|02ae00000006000300030001:,02ae000000050003027fff
35.24|02af00000006000300030001:,02af000000050003027fff
35.29|02b000000006000300030001:,02b0000000050003027fff
35.34|02b100000006000300030001:,02b1000000050003027fff
35.41|02b200000006000300030001:,02b2000000050003027fff
35.46|02b300000006000300030001:,02b3000000050003027fff
35.51|02b400000006000300030001:,02b4000000050003027fff
35.54|02b500000006000300030001:,02b5000000050003027fff
35.62|02b600000006000300030001:,02b6000000050003027fff
35.67|02b700000006000300030001:,02b7000000050003027fff
35.72|02b800000006000300030001:,02b8000000050003027fff
35.75|02b900000006000300030001:,02b9000000050003027fff
35.80|02ba00000006000300030001:,02ba000000050003027fff
35.87|02bb00000006000300030001:,02bb000000050003027fff
35.92|02bc00000006000300030001:,02bc000000050003027fff
35.96|02bd00000006000300030001:,02bd000000050003027fff
36.01|02be00000006000300030001:,02be000000050003027fff
36.08|02bf00000006000300030001:,02bf000000050003027fff
36.11|02c000000006000300030001:,02c0000000050003027fff
36.18|02c100000006000300030001:,02c1000000050003027fff
36.23|02c200000006000300030001:,02c2000000050003027fff
36.26|02c300000006000300030001:,02c3000000050003027fff
36.32|02c400000006000300030001:,02c4000000050003027fff
36.37|02c500000006000300030001:,02c5000000050003027fff
36.42|02c600000006000300030001:,02c6000000050003027fff
36.49|02c700000006000300030001:,02c7000000050003027fff
36.52|02c800000006000300030001:,02c8000000050003027fff
36.57|02c900000006000300030001:,02c9000000050003027fff
36.65|02ca00000006000300030001:,02ca000000050003027fff
36.70|02cb00000006000300030001:,02cb000000050003027fff
36.73|02cc00000006000300030001:,02cc000000050003027fff
36.78|02cd00000006000300030001:,02cd000000050003027fff
36.83|02ce00000006000300030001:,02ce000000050003027fff
36.90|02cf00000006000300030001:,02cf000000050003027fff
36.95|02d000000006000300030001:,02d0000000050003027fff
37.01|02d100000006000300030001:,02d1000000050003027fff
37.04|02d200000006000300030001:,02d2000000050003027fff
37.11|02d300000006000300030001:,02d3000000050003027fc6
37.14|02d400000006000300030001:,02d4000000050003027fc6
37.19|02d500000006000300030001:,02d5000000050003027fc6
37.26|02d600000006000300030001:,02d6000000050003027fc6
37.29|02d700000006000300030001:,02d7000000050003027fc6
37.36|02d800000006000300030001:,02d8000000050003027fff
37.42|02d900000006000300030001:,02d9000000050003027fff
37.45|02da00000006000300030001:,02da000000050003027fff
37.52|02db00000006000300030001:,02db000000050003027fff
37.55|02dc00000006000300030001:,02dc000000050003027fff
37.62|02dd00000006000300030001:,02dd000000050003027fff
37.67|02de00000006000300030001:,02de000000050003027fba
37.72|02df00000006000300030001:,02df000000050003027fc6
37.77|02e000000006000300030001:,02e0000000050003027fff
37.83|02e100000006000300030001:,02e1000000050003027fff
37.88|02e200000006000300030001:,02e2000000050003027fff
37.93|02e300000006000300030001:,02e3000000050003027fff
37.98|02e400000006000300030001:,02e4000000050003027fff
38.01|02e500000006000300030001:,02e5000000050003027fce
38.08|02e600000006000300030001:,02e6000000050003027fce
38.11|02e700000006000300030001:,02e7000000050003027fce
38.16|02e800000006000300030001:,02e8000000050003027fce
38.24|02e900000006000300030001:,02e9000000050003027fb8
38.27|02ea00000006000300030001:,02ea000000050003027fb8
38.32|02eb00000006000300030001:,02eb000000050003027fff
38.39|02ec00000006000300030001:,02ec000000050003027fff
38.44|02ed00000006000300030001:,02ed000000050003027fff
38.47|02ee00000006000300030001:,02ee000000050003027fff
38.54|02ef00000006000300030001:,02ef000000050003027fff
38.59|02f000000006000300030001:,02f0000000050003027fff
38.62|02f100000006000300030001:,02f1000000050003027fff
38.68|02f200000006000300030001:,02f2000000050003027fff
38.75|02f300000006000300030001:,02f3000000050003027fff
38.78|02f400000006000300030001:,02f4000000050003027fff
38.85|02f500000006000300030001:,02f5000000050003027fff
38.88|02f600000006000300030001:,02f6000000050003027fff
38.95|02f700000006000300030001:,02f7000000050003027fff
39.01|02f800000006000300030001:,02f8000000050003027fce
39.06|02f900000006000300030001:,02f9000000050003027fce
39.09|02fa00000006000300030001:,02fa000000050003027fce
39.14|02fb00000006000300030001:,02fb000000050003027fce
39.19|02fc00000006000300030001:,02fc000000050003027fce
39.24|02fd00000006000300030001:,02fd000000050003027feb
39.31|02fe00000006000300030001:,02fe000000050003027ffc
39.35|02ff00000006000300030001:,02ff000000050003027ffc
39.40|030000000006000300030001:,0300000000050003027fff
39.47|030100000006000300030001:,0301000000050003027fff
39.52|030200000006000300030001:,0302000000050003027fff
39.57|030300000006000300030001:,0303000000050003027fff
39.62|030400000006000300030001:,0304000000050003027fff
39.65|030500000006000300030001:,0305000000050003027fb8
39.72|030600000006000300030001:,0306000000050003027fff
39.76|030700000006000300030001:,0307000000050003027fff
39.81|030800000006000300030001:,0308000000050003027fff
39.88|030900000006000300030001:,0309000000050003027fff
39.93|030a00000006000300030001:,030a000000050003027fff
39.96|030b00000006000300030001:,030b000000050003027fff
40.01|030c00000006000300030001:,030c000000050003027fda
40.08|030d00000006000300030001:,030d000000050003027fff
40.14|030e00000006000300030001:,030e000000050003027fda
40.19|030f00000006000300030001:,030f000000050003027fda
40.24|031000000006000300030001:,0310000000050003027fff
40.29|031100000006000300030001:,0311000000050003027fff
40.32|031200000006000300030001:,0312000000050003027fff
40.37|031300000006000300030001:,0313000000050003027fff
40.44|031400000006000300030001:,0314000000050003027fff
40.50|031500000006000300030001:,0315000000050003027fff
40.53|031600000006000300030001:,0316000000050003027fff
40.60|031700000006000300030001:,0317000000050003027fff
40.63|031800000006000300030001:,0318000000050003027fff
40.70|031900000006000300030001:,0319000000050003027fff
40.73|031a00000006000300030001:,031a000000050003027fff
40.80|031b00000006000300030001:,031b000000050003027fff
40.86|031c00000006000300030001:,031c000000050003027fff
40.89|031d00000006000300030001:,031d000000050003027fff
40.96|031e00000006000300030001:,031e000000050003027fff
40.99|031f00000006000300030001:,031f000000050003027fff
41.06|032000000006000300030001:,0320000000050003027fff
41.11|032100000006000300030001:,0321000000050003027fda
41.14|032200000006000300030001:,0322000000050003027fda
41.21|032300000006000300030001:,0323000000050003027fed
41.27|032400000006000300030001:,0324000000050003027fe1
41.30|032500000006000300030001:,0325000000050003027fff
41.35|032600000006000300030001:,0326000000050003027fff
41.40|032700000006000300030001:,0327000000050003027fff
41.47|032800000006000300030001:,0328000000050003027fff
41.50|032900000006000300030001:,0329000000050003027fff
41.57|032a00000006000300030001:,032a000000050003027fff
41.61|032b00000006000300030001:,032b000000050003027fff
41.66|032c00000006000300030001:,032c000000050003027fff
41.73|032d00000006000300030001:,032d000000050003027fff
41.76|032e00000006000300030001:,032e000000050003027fff
41.81|032f00000006000300030001:,032f000000050003027fff
41.88|033000000006000300030001:,0330000000050003027fff
41.92|033100000006000300030001:,0331000000050003027fff
41.97|033200000006000300030001:,0332000000050003027fff
42.04|033300000006000300030001:,0333000000050003027fff
42.07|033400000006000300030001:,0334000000050003027fff
42.12|033500000006000300030001:,0335000000050003027fc8
42.17|033600000006000300030001:,0336000000050003027fc8
42.22|033700000006000300030001:,0337000000050003027fc8
42.30|033800000006000300030001:,0338000000050003027fc8
42.35|033900000006000300030001:,0339000000050003027fc8
42.40|033a00000006000300030001:,033a000000050003027fff
42.43|033b00000006000300030001:,033b000000050003027fff
42.50|033c00000006000300030001:,033c000000050003027fff
42.53|033d00000006000300030001:,033d000000050003027fff
42.58|033e00000006000300030001:,033e000000050003027fff
42.64|033f00000006000300030001:,033f000000050003027fff
42.71|034000000006000300030001:,0340000000050003027fe0
42.76|034100000006000300030001:,0341000000050003027fff
42.81|034200000006000300030001:,0342000000050003027fff
42.84|034300000006000300030001:,0343000000050003027fff
42.91|034400000006000300030001:,0344000000050003027fff
42.95|034500000006000300030001:,0345000000050003027fff
43.02|034600000006000300030001:,0346000000050003027fff
43.07|034700000006000300030001:,0347000000050003027fff
43.10|034800000006000300030001:,0348000000050003027fca
43.17|034900000006000300030001:,0349000000050003027fca
43.22|034a00000006000300030001:,034a000000050003027fe1
43.28|034b00000006000300030001:,034b000000050003027fff
43.31|034c00000006000300030001:,034c000000050003027fff
43.36|034d00000006000300030001:,034d000000050003027fff
43.43|034e00000006000300030001:,034e000000050003027fff
43.48|034f00000006000300030001:,034f000000050003027fff
43.53|035000000006000300030001:,0350000000050003027fff
43.58|035100000006000300030001:,0351000000050003027fff
43.64|035200000006000300030001:,0352000000050003027fff
43.67|035300000006000300030001:,0353000000050003027fff
43.72|035400000006000300030001:,0354000000050003027fd4
43.79|035500000006000300030001:,0355000000050003027fff
43.82|035600000006000300030001:,0356000000050003027fff
43.89|035700000006000300030001:,0357000000050003027fff
43.92|035800000006000300030001:,0358000000050003027fff
43.98|035900000006000300030001:,0359000000050003027fff
44.03|035a00000006000300030001:,035a000000050003027fff
44.08|035b00000006000300030001:,035b000000050003027fff
44.13|035c00000006000300030001:,035c000000050003027fff
44.20|035d00000006000300030001:,035d000000050003027fe1
44.25|035e00000006000300030001:,035e000000050003027fe1
44.30|035f00000006000300030001:,035f000000050003027fff
44.36|036000000006000300030001:,0360000000050003027fff
44.41|036100000006000300030001:,0361000000050003027fff
44.46|036200000006000300030001:,0362000000050003027fff
44.49|036300000006000300030001:,0363000000050003027fff
44.54|036400000006000300030001:,0364000000050003027fff
44.61|036500000006000300030001:,0365000000050003027fff
44.65|036600000006000300030001:,0366000000050003027fff
44.72|036700000006000300030001:,0367000000050003027fff
44.75|036800000006000300030001:,0368000000050003027fff
44.82|036900000006000300030001:,0369000000050003027fff
44.87|036a00000006000300030001:,036a000000050003027fff
44.90|036b00000006000300030001:,036b000000050003027fff
44.95|036c00000006000300030001:,036c000000050003027fff
45.01|036d00000006000300030001:,036d000000050003027fff
45.08|036e00000006000300030001:,036e000000050003027fff
45.11|036f00000006000300030001:,036f000000050003027fda
45.16|037000000006000300030001:,0370000000050003027fff
45.21|037100000006000300030001:,0371000000050003027fed
45.28|037200000006000300030001:,0372000000050003027fff
45.33|037300000006000300030001:,0373000000050003027fff
45.39|037400000006000300030001:,0374000000050003027fff
45.44|037500000006000300030001:,0375000000050003027fff
45.47|037600000006000300030001:,0376000000050003027fff
45.54|037700000006000300030001:,0377000000050003027fff
45.59|037800000006000300030001:,0378000000050003027fff
45.62|037900000006000300030001:,0379000000050003027fff
45.67|037a00000006000300030001:,037a000000050003027fff
45.74|037b00000006000300030001:,037b000000050003027fff
45.80|037c00000006000300030001:,037c000000050003027fff
45.85|037d00000006000300030001:,037d000000050003027fff
45.88|037e00000006000300030001:,037e000000050003027fff
45.95|037f00000006000300030001:,037f000000050003027fff
46.00|038000000006000300030001:,0380000000050003027fff
46.03|038100000006000300030001:,0381000000050003027fff
46.10|038200000006000300030001:,0382000000050003027fc2
46.15|038300000006000300030001:,0383000000050003027fe1
46.20|038400000006000300030001:,0384000000050003027fc2
46.26|038500000006000300030001:,0385000000050003027fe1
46.29|038600000006000300030001:,0386000000050003027ff4
46.34|038700000006000300030001:,0387000000050003027ff4
46.39|038800000006000300030001:,0388000000050003027fff
46.46|038900000006000300030001:,0389000000050003027fff
46.49|038a00000006000300030001:,038a000000050003027fff
46.56|038b00000006000300030001:,038b000000050003027fff
46.61|038c00000006000300030001:,038c000000050003027fff
46.65|038d00000006000300030001:,038d000000050003027fff
46.70|038e00000006000300030001:,038e000000050003027ffd
46.77|038f00000006000300030001:,038f000000050003027ffd
46.80|039000000006000300030001:,0390000000050003027fff
46.85|039100000006000300030001:,0391000000050003027fff
46.90|039200000006000300030001:,0392000000050003027fff
46.97|039300000006000300030001:,0393000000050003027fff
47.03|039400000006000300030001:,0394000000050003027fff
47.06|039500000006000300030001:,0395000000050003027fff
47.13|039600000006000300030001:,0396000000050003027fc6
47.16|039700000006000300030001:,0397000000050003027fda
47.21|039800000006000300030001:,0398000000050003027fed
47.28|039900000006000300030001:,0399000000050003027fc8
47.33|039a00000006000300030001:,039a000000050003027fff
47.38|039b00000006000300030001:,039b000000050003027fff
47.41|039c00000006000300030001:,039c000000050003027fff
47.47|039d00000006000300030001:,039d000000050003027fff
47.52|039e00000006000300030001:,039e000000050003027fff
47.59|039f00000006000300030001:,039f000000050003027fff
47.64|03a000000006000300030001:,03a0000000050003027fff
47.67|03a100000006000300030001:,03a1000000050003027fff
47.72|03a200000006000300030001:,03a2000000050003027fff
47.77|03a300000006000300030001:,03a3000000050003027fff
47.82|03a400000006000300030001:,03a4000000050003027fff
47.88|03a500000006000300030001:,03a5000000050003027fff
47.93|03a600000006000300030001:,03a6000000050003027fff
48.00|03a700000006000300030001:,03a7000000050003027fff
48.05|03a800000006000300030001:,03a8000000050003027fff
48.10|03a900000006000300030001:,03a9000000050003027fff
48.13|03aa00000006000300030001:,03aa000000050003027fff
48.20|03ab00000006000300030001:,03ab000000050003027fff
48.26|03ac00000006000300030001:,03ac000000050003027fff
48.29|03ad00000006000300030001:,03ad000000050003027fff
48.34|03ae00000006000300030001:,03ae000000050003027fff
48.41|03af00000006000300030001:,03af000000050003027fff
48.44|03b000000006000300030001:,03b0000000050003027fff
48.49|03b100000006000300030001:,03b1000000050003027fff
48.54|03b200000006000300030001:,03b2000000050003027fff
48.61|03b300000006000300030001:,03b3000000050003027fff
48.65|03b400000006000300030001:,03b4000000050003027fff
48.72|03b500000006000300030001:,03b5000000050003027fff
48.75|03b600000006000300030001:,03b6000000050003027fff
48.82|03b700000006000300030001:,03b7000000050003027fff
48.85|03b800000006000300030001:,03b8000000050003027fff
48.90|03b900000006000300030001:,03b9000000050003027fff
48.97|03ba00000006000300030001:,03ba000000050003027fff
49.01|03bb00000006000300030001:,03bb000000050003027fd2
49.06|03bc00000006000300030001:,03bc000000050003027fd2
49.13|03bd00000006000300030001:,03bd000000050003027fd2
49.16|03be00000006000300030001:,03be000000050003027fd2
49.21|03bf00000006000300030001:,03bf000000050003027fd8
49.26|03c000000006000300030001:,03c0000000050003027fe1
49.33|03c100000006000300030001:,03c1000000050003027ff3
49.37|03c200000006000300030001:,03c2000000050003027fff
49.42|03c300000006000300030001:,03c3000000050003027fff
49.49|03c400000006000300030001:,03c4000000050003027fff
49.52|03c500000006000300030001:,03c5000000050003027fd8
49.59|03c600000006000300030001:,03c6000000050003027fff
49.64|03c700000006000300030001:,03c7000000050003027fff
49.67|03c800000006000300030001:,03c8000000050003027fff
49.75|03c900000006000300030001:,03c9000000050003027fd8
49.80|03ca00000006000300030001:,03ca000000050003027fff
49.83|03cb00000006000300030001:,03cb000000050003027fff
49.88|03cc00000006000300030001:,03cc000000050003027fff
49.93|03cd00000006000300030001:,03cd000000050003027fff
50.00|03ce00000006000300030001:,03ce000000050003027fff
50.03|03cf00000006000300030001:,03cf000000050003027fff
50.08|03d000000006000300030001:,03d0000000050003027fff
50.14|03d100000006000300030001:,03d1000000050003027fff
50.21|03d200000006000300030001:,03d2000000050003027fff
50.26|03d300000006000300030001:,03d3000000050003027fff
50.29|03d400000006000300030001:,03d4000000050003027fff
50.36|03d500000006000300030001:,03d5000000050003027fff
50.41|03d600000006000300030001:,03d6000000050003027fff
50.45|03d700000006000300030001:,03d7000000050003027fff
50.52|03d800000006000300030001:,03d8000000050003027fff
50.55|03d900000006000300030001:,03d9000000050003027fff
50.60|03da00000006000300030001:,03da000000050003027fff
50.65|03db00000006000300030001:,03db000000050003027fff
50.70|03dc00000006000300030001:,03dc000000050003027fff
50.78|03dd00000006000300030001:,03dd000000050003027fff
50.83|03de00000006000300030001:,03de000000050003027ffa
50.86|03df00000006000300030001:,03df000000050003027ffb
50.91|03e000000006000300030001:,03e0000000050003027fff
50.98|03e100000006000300030001:,03e1000000050003027fff
51.01|03e200000006000300030001:,03e2000000050003027fff
51.08|03e300000006000300030001:,03e3000000050003027fff
51.12|03e400000006000300030001:,03e4000000050003027fff
51.19|03e500000006000300030001:,03e5000000050003027fff
51.22|03e600000006000300030001:,03e6000000050003027fff
51.29|03e700000006000300030001:,03e7000000050003027fff
51.34|03e800000006000300030001:,03e8000000050003027fff
51.37|03e900000006000300030001:,03e9000000050003027fff
51.44|03ea00000006000300030001:,03ea000000050003027fff
51.47|03eb00000006000300030001:,03eb000000050003027fff
51.53|03ec00000006000300030001:,03ec000000050003027fff
51.60|03ed00000006000300030001:,03ed000000050003027fff
51.65|03ee00000006000300030001:,03ee000000050003027fff
51.68|03ef00000006000300030001:,03ef000000050003027fff
51.73|03f000000006000300030001:,03f0000000050003027fff
51.78|03f100000006000300030001:,03f1000000050003027fd3
51.83|03f200000006000300030001:,03f2000000050003027fd3
51.88|03f300000006000300030001:,03f3000000050003027fd3
51.94|03f400000006000300030001:,03f4000000050003027fff
51.99|03f500000006000300030001:,03f5000000050003027fff
52.04|03f600000006000300030001:,03f6000000050003027fff
52.09|03f700000006000300030001:,03f7000000050003027fff
52.16|03f800000006000300030001:,03f8000000050003027fff
52.19|03f900000006000300030001:,03f9000000050003027fff
52.24|03fa00000006000300030001:,03fa000000050003027fff
52.31|03fb00000006000300030001:,03fb000000050003027fe8
52.35|03fc00000006000300030001:,03fc000000050003027fe8
52.42|03fd00000006000300030001:,03fd000000050003027fff
52.45|03fe00000006000300030001:,03fe000000050003027fff
52.52|03ff00000006000300030001:,03ff000000050003027fff
52.57|040000000006000300030001:,0400000000050003027fff
52.62|040100000006000300030001:,0401000000050003027fff
52.66|040200000006000300030001:,0402000000050003027fff
52.71|040300000006000300030001:,0403000000050003027fff
52.78|040400000006000300030001:,0404000000050003027fff
52.81|040500000006000300030001:,0405000000050003027f8a
52.86|040600000006000300030001:,0406000000050003027fff
52.91|040700000006000300030001:,0407000000050003027fe6
52.99|040800000006000300030001:,0408000000050003027fe6
53.04|040900000006000300030001:,0409000000050003027fff
53.09|040a00000006000300030001:,040a000000050003027fff
53.14|040b00000006000300030001:,040b000000050003027fff
53.17|040c00000006000300030001:,040c000000050003027fff
53.24|040d00000006000300030001:,040d000000050003027fff
53.29|040e00000006000300030001:,040e000000050003027fff
53.33|040f00000006000300030001:,040f000000050003027f94
53.38|041000000006000300030001:,0410000000050003027fea
53.43|041100000006000300030001:,0411000000050003027fea
53.50|041200000006000300030001:,0412000000050003027fff
53.53|041300000006000300030001:,0413000000050003027fff
53.60|041400000006000300030001:,0414000000050003027fff
53.63|041500000006000300030001:,0415000000050003027fff
53.68|041600000006000300030001:,0416000000050003027fff
53.74|041700000006000300030001:,0417000000050003027fff
53.79|041800000006000300030001:,0418000000050003027fff
53.86|041900000006000300030001:,0419000000050003027faa
53.91|041a00000006000300030001:,041a000000050003027fff
53.96|041b00000006000300030001:,041b000000050003027fff
53.99|041c00000006000300030001:,041c000000050003027fff
54.04|041d00000006000300030001:,041d000000050003027fff
54.09|041e00000006000300030001:,041e000000050003027fff
54.17|041f00000006000300030001:,041f000000050003027fff
54.22|042000000006000300030001:,0420000000050003027fff
54.27|042100000006000300030001:,0421000000050003027fff
54.32|042200000006000300030001:,0422000000050003027fea
54.35|042300000006000300030001:,0423000000050003027fea
54.42|042400000006000300030001:,0424000000050003027fea
54.47|042500000006000300030001:,0425000000050003027fea
54.53|042600000006000300030001:,0426000000050003027fff
54.58|042700000006000300030001:,0427000000050003027fff
54.61|042800000006000300030001:,0428000000050003027fff
54.68|042900000006000300030001:,0429000000050003027fff
54.71|042a00000006000300030001:,042a000000050003027fff
54.76|042b00000006000300030001:,042b000000050003027fff
54.82|042c00000006000300030001:,042c000000050003027ffa
54.87|042d00000006000300030001:,042d000000050003027faa
54.92|042e00000006000300030001:,042e000000050003027fff
54.99|042f00000006000300030001:,042f000000050003027fea
55.02|043000000006000300030001:,0430000000050003027fff
55.09|043100000006000300030001:,0431000000050003027fff
55.12|043200000006000300030001:,0432000000050003027fff
55.20|043300000006000300030001:,0433000000050003027fff
55.25|043400000006000300030001:,0434000000050003027fff
55.30|043500000006000300030001:,0435000000050003027fe6
55.35|043600000006000300030001:,0436000000050003027ffa
55.38|043700000006000300030001:,0437000000050003027fe6
55.45|043800000006000300030001:,0438000000050003027fe6
55.48|043900000006000300030001:,0439000000050003027fe6
55.53|043a00000006000300030001:,043a000000050003027fff
55.58|043b00000006000300030001:,043b000000050003027fff
55.66|043c00000006000300030001:,043c000000050003027fff
55.69|043d00000006000300030001:,043d000000050003027fff
55.74|043e00000006000300030001:,043e000000050003027fff
55.79|043f00000006000300030001:,043f000000050003027fff
55.84|044000000006000300030001:,0440000000050003027ffa
55.89|044100000006000300030001:,0441000000050003027fff
55.94|044200000006000300030001:,0442000000050003027fff
56.01|044300000006000300030001:,0443000000050003027fff
56.04|044400000006000300030001:,0444000000050003027fff
56.09|044500000006000300030001:,0445000000050003027fff
56.16|044600000006000300030001:,0446000000050003027fff
56.22|044700000006000300030001:,0447000000050003027fff
56.25|044800000006000300030001:,0448000000050003027fff
56.32|044900000006000300030001:,0449000000050003027fe5
56.37|044a00000006000300030001:,044a000000050003027f94
56.42|044b00000006000300030001:,044b000000050003027fe6
56.45|044c00000006000300030001:,044c000000050003027fe6
56.50|044d00000006000300030001:,044d000000050003027fff
56.58|044e00000006000300030001:,044e000000050003027fff
56.63|044f00000006000300030001:,044f000000050003027fff
56.66|045000000006000300030001:,0450000000050003027fff
56.71|045100000006000300030001:,0451000000050003027fff
56.78|045200000006000300030001:,0452000000050003027fff
56.81|045300000006000300030001:,0453000000050003027f89
56.88|045400000006000300030001:,0454000000050003027f98
56.91|045500000006000300030001:,0455000000050003027fe6
56.97|045600000006000300030001:,0456000000050003027fe6
57.04|045700000006000300030001:,0457000000050003027fff
57.09|045800000006000300030001:,0458000000050003027fff
57.14|045900000006000300030001:,0459000000050003027fff
57.17|045a00000006000300030001:,045a000000050003027fff
57.24|045b00000006000300030001:,045b000000050003027fff
57.29|045c00000006000300030001:,045c000000050003027ffa
57.32|045d00000006000300030001:,045d000000050003027fe5
57.37|045e00000006000300030001:,045e000000050003027f94
57.43|045f00000006000300030001:,045f000000050003027fe6
57.50|046000000006000300030001:,0460000000050003027fff
57.53|046100000006000300030001:,0461000000050003027fff
57.60|046200000006000300030001:,0462000000050003027fff
57.63|046300000006000300030001:,0463000000050003027fff
57.68|046400000006000300030001:,0464000000050003027fff
57.73|046500000006000300030001:,0465000000050003027fff
57.81|046600000006000300030001:,0466000000050003027ffa
57.84|046700000006000300030001:,0467000000050003027ffa
57.91|046800000006000300030001:,0468000000050003027fe6
57.96|046900000006000300030001:,0469000000050003027fe6
58.01|046a00000006000300030001:,046a000000050003027fff
58.04|046b00000006000300030001:,046b000000050003027fff
58.11|046c00000006000300030001:,046c000000050003027fff
58.14|046d00000006000300030001:,046d000000050003027fff
58.20|046e00000006000300030001:,046e000000050003027fff
58.25|046f00000006000300030001:,046f000000050003027fff
58.32|047000000006000300030001:,0470000000050003027fe5
58.37|047100000006000300030001:,0471000000050003027fe5
58.40|047200000006000300030001:,0472000000050003027fe6
58.47|047300000006000300030001:,0473000000050003027fdb
58.50|047400000006000300030001:,0474000000050003027fff
58.55|047500000006000300030001:,0475000000050003027fff
58.63|047600000006000300030001:,0476000000050003027fff
58.68|047700000006000300030001:,0477000000050003027fff
58.73|047800000006000300030001:,0478000000050003027fff
58.76|047900000006000300030001:,0479000000050003027fff
58.83|047a00000006000300030001:,047a000000050003027ffa
58.89|047b00000006000300030001:,047b000000050003027ffa
58.92|047c00000006000300030001:,047c000000050003027fff
58.97|047d00000006000300030001:,047d000000050003027fff
59.04|047e00000006000300030001:,047e000000050003027fff
59.07|047f00000006000300030001:,047f000000050003027fff
59.13|048000000006000300030001:,0480000000050003027fff
59.20|048100000006000300030001:,0481000000050003027fff
59.23|048200000006000300030001:,0482000000050003027fff
59.30|048300000006000300030001:,0483000000050003027fe6
59.35|048400000006000300030001:,0484000000050003027fe6
59.41|048500000006000300030001:,0485000000050003027fdb
59.44|048600000006000300030001:,0486000000050003027fdb
59.51|048700000006000300030001:,0487000000050003027fff
59.54|048800000006000300030001:,0488000000050003027fff
59.59|048900000006000300030001:,0489000000050003027fff
59.66|048a00000006000300030001:,048a000000050003027fff
59.72|048b00000006000300030001:,048b000000050003027fff
59.75|048c00000006000300030001:,048c000000050003027fff
59.80|048d00000006000300030001:,048d000000050003027ffa
59.87|048e00000006000300030001:,048e000000050003027ffa
59.92|048f00000006000300030001:,048f000000050003027fe6
59.97|049000000006000300030001:,0490000000050003027fe6
60.02|049100000006000300030001:,0491000000050003027fff
60.07|049200000006000300030001:,0492000000050003027fff
60.10|049300000006000300030001:,0493000000050003027fff
60.16|049400000006000300030001:,0494000000050003027fff
60.21|049500000006000300030001:,0495000000050003027fff
60.28|049600000006000300030001:,0496000000050003027fee
60.33|049700000006000300030001:,0497000000050003027fee
60.38|049800000006000300030001:,0498000000050003027fee
60.41|049900000006000300030001:,0499000000050003027fda
60.49|049a00000006000300030001:,049a000000050003027fff
60.52|049b00000006000300030001:,049b000000050003027fff
60.59|049c00000006000300030001:,049c000000050003027fff
60.64|049d00000006000300030001:,049d000000050003027fff
60.67|049e00000006000300030001:,049e000000050003027fff
60.72|049f00000006000300030001:,049f000000050003027fff
60.79|04a000000006000300030001:,04a0000000050003027fff
60.82|04a100000006000300030001:,04a1000000050003027ffa
60.90|04a200000006000300030001:,04a2000000050003027fff
60.93|04a300000006000300030001:,04a3000000050003027fff
61.00|04a400000006000300030001:,04a4000000050003027fff
61.05|04a500000006000300030001:,04a5000000050003027fff
61.08|04a600000006000300030001:,04a6000000050003027fff
61.15|04a700000006000300030001:,04a7000000050003027fff
61.18|04a800000006000300030001:,04a8000000050003027fff
61.25|04a900000006000300030001:,04a9000000050003027fff
61.31|04aa00000006000300030001:,04aa000000050003027f58
61.34|04ab00000006000300030001:,04ab000000050003027f58
61.41|04ac00000006000300030001:,04ac000000050003027f48
61.46|04ad00000006000300030001:,04ad000000050003027f48
61.49|04ae00000006000300030001:,04ae000000050003027fff
61.56|04af00000006000300030001:,04af000000050003027fff
61.59|04b000000006000300030001:,04b0000000050003027fff
61.67|04b100000006000300030001:,04b1000000050003027fff
61.72|04b200000006000300030001:,04b2000000050003027fff
61.77|04b300000006000300030001:,04b3000000050003027fff
61.82|04b400000006000300030001:,04b4000000050003027ffa
61.85|04b500000006000300030001:,04b5000000050003027f58
61.90|04b600000006000300030001:,04b6000000050003027fff
61.97|04b700000006000300030001:,04b7000000050003027fff
62.02|04b800000006000300030001:,04b8000000050003027fff
62.06|04b900000006000300030001:,04b9000000050003027fff
62.11|04ba00000006000300030001:,04ba000000050003027fff
62.18|04bb00000006000300030001:,04bb000000050003027fff
62.23|04bc00000006000300030001:,04bc000000050003027fff
62.28|04bd00000006000300030001:,04bd000000050003027ffa
62.34|04be00000006000300030001:,04be000000050003027f57
62.37|04bf00000006000300030001:,04bf000000050003027f57
62.44|04c000000006000300030001:,04c0000000050003027f57
62.47|04c100000006000300030001:,04c1000000050003027f57
62.52|04c200000006000300030001:,04c2000000050003027fff
62.59|04c300000006000300030001:,04c3000000050003027fff
62.64|04c400000006000300030001:,04c4000000050003027fff
62.68|04c500000006000300030001:,04c5000000050003027fff
62.73|04c600000006000300030001:,04c6000000050003027fff
62.80|04c700000006000300030001:,04c7000000050003027f58
62.85|04c800000006000300030001:,04c8000000050003027f58
62.90|04c900000006000300030001:,04c9000000050003027fff
62.93|04ca00000006000300030001:,04ca000000050003027fe6
63.00|04cb00000006000300030001:,04cb000000050003027fff
63.03|04cc00000006000300030001:,04cc000000050003027fff
63.09|04cd00000006000300030001:,04cd000000050003027fff
63.14|04ce00000006000300030001:,04ce000000050003027fff
63.21|04cf00000006000300030001:,04cf000000050003027fff
63.26|04d000000006000300030001:,04d0000000050003027fff
63.29|04d100000006000300030001:,04d1000000050003027fff
63.36|04d200000006000300030001:,04d2000000050003027ffa
63.39|04d300000006000300030001:,04d3000000050003027fff
63.44|04d400000006000300030001:,04d4000000050003027fed
63.52|04d500000006000300030001:,04d5000000050003027fff
63.55|04d600000006000300030001:,04d6000000050003027fff
63.62|04d700000006000300030001:,04d7000000050003027fff
63.67|04d800000006000300030001:,04d8000000050003027fff
63.72|04d900000006000300030001:,04d9000000050003027fff
63.75|04da00000006000300030001:,04da000000050003027fff
63.82|04db00000006000300030001:,04db000000050003027ffa
63.86|04dc00000006000300030001:,04dc000000050003027ffa
63.93|04dd00000006000300030001:,04dd000000050003027fff
63.96|04de00000006000300030001:,04de000000050003027ffa
64.01|04df00000006000300030001:,04df000000050003027fff
64.08|04e000000006000300030001:,04e0000000050003027fff
64.11|04e100000006000300030001:,04e1000000050003027fff
64.18|04e200000006000300030001:,04e2000000050003027fff
64.22|04e300000006000300030001:,04e3000000050003027fff
64.29|04e400000006000300030001:,04e4000000050003027fff
64.32|04e500000006000300030001:,04e5000000050003027fed
64.39|04e600000006000300030001:,04e6000000050003027fed
64.42|04e700000006000300030001:,04e7000000050003027fdc
64.49|04e800000006000300030001:,04e8000000050003027fff
64.55|04e900000006000300030001:,04e9000000050003027fff
64.58|04ea00000006000300030001:,04ea000000050003027fff
64.63|04eb00000006000300030001:,04eb000000050003027fff
64.68|04ec00000006000300030001:,04ec000000050003027fff
64.75|04ed00000006000300030001:,04ed000000050003027fff
64.80|04ee00000006000300030001:,04ee000000050003027ffa
64.83|04ef00000006000300030001:,04ef000000050003027ffa
64.88|04f000000006000300030001:,04f0000000050003027fed
64.94|04f100000006000300030001:,04f1000000050003027fe6
64.99|04f200000006000300030001:,04f2000000050003027fe6
65.06|04f300000006000300030001:,04f3000000050003027fff
65.09|04f400000006000300030001:,04f4000000050003027fff
65.14|04f500000006000300030001:,04f5000000050003027fff
65.21|04f600000006000300030001:,04f6000000050003027fff
65.25|04f700000006000300030001:,04f7000000050003027fff
65.30|04f800000006000300030001:,04f8000000050003027fed
65.37|04f900000006000300030001:,04f9000000050003027fed
65.40|04fa00000006000300030001:,04fa000000050003027fed
65.45|04fb00000006000300030001:,04fb000000050003027fed
65.50|04fc00000006000300030001:,04fc000000050003027fff
65.58|04fd00000006000300030001:,04fd000000050003027fff
65.61|04fe00000006000300030001:,04fe000000050003027fff
65.66|04ff00000006000300030001:,04ff000000050003027fff
65.73|050000000006000300030001:,05000000000050003027fff
65.76|050100000006000300030001:,0501000000050003027fff
65.81|050200000006000300030001:,0502000000050003027fff
65.86|050300000006000300030001:,0503000000050003027fd9
65.93|050400000006000300030001:,0504000000050003027fff
65.97|050500000006000300030001:,0505000000050003027fd9
66.04|050600000006000300030001:,0506000000050003027fff
66.07|050700000006000300030001:,0507000000050003027fff
66.12|050800000006000300030001:,0508000000050003027fff
66.17|050900000006000300030001:,0509000000050003027fff
66.22|050a00000006000300030001:,050a000000050003027fff
66.29|050b00000006000300030001:,050b000000050003027fff
66.32|050c00000006000300030001:,050c000000050003027f58
66.40|050d00000006000300030001:,050d000000050003027fe5
66.45|050e00000006000300030001:,050e000000050003027fdd
66.48|050f00000006000300030001:,050f000000050003027f58
66.55|051000000006000300030001:,0510000000050003027fff
66.60|051100000006000300030001:,0511000000050003027fff
66.63|051200000006000300030001:,0512000000050003027fff
66.70|051300000006000300030001:,0513000000050003027fff
66.76|051400000006000300030001:,0514000000050003027fff
66.79|051500000006000300030001:,0515000000050003027fff
66.86|051600000006000300030001:,0516000000050003027f58
66.91|051700000006000300030001:,0517000000050003027fff
66.96|051800000006000300030001:,0518000000050003027fff
67.01|051900000006000300030001:,0519000000050003027fff
67.04|051a00000006000300030001:,051a000000050003027fff
67.09|051b00000006000300030001:,051b000000050003027fff
67.17|051c00000006000300030001:,051c000000050003027fff
67.22|051d00000006000300030001:,051d000000050003027fff
67.27|051e00000006000300030001:,051e000000050003027fff
67.30|051f00000006000300030001:,051f000000050003027f58
67.35|052000000006000300030001:,0520000000050003027ffa
67.40|052100000006000300030001:,0521000000050003027fdd
67.45|052200000006000300030001:,0522000000050003027fff
67.51|052300000006000300030001:,0523000000050003027fff
67.56|052400000006000300030001:,0524000000050003027fff
67.63|052500000006000300030001:,0525000000050003027fff
67.66|052600000006000300030001:,0526000000050003027fff
67.71|052700000006000300030001:,0527000000050003027fff
67.76|052800000006000300030001:,0528000000050003027fff
67.83|052900000006000300030001:,0529000000050003027fff
67.89|052a00000006000300030001:,052a000000050003027fff
67.92|052b00000006000300030001:,052b000000050003027fff
67.97|052c00000006000300030001:,052c000000050003027fff
68.02|052d00000006000300030001:,052d000000050003027fff
68.09|052e00000006000300030001:,052e000000050003027fff
68.12|052f00000006000300030001:,052f000000050003027fff
68.17|053000000006000300030001:,0530000000050003027fff
68.24|053100000006000300030001:,0531000000050003027fff
68.28|053200000006000300030001:,0532000000050003027ffa
68.35|053300000006000300030001:,0533000000050003027fc6
68.38|053400000006000300030001:,0534000000050003027fc8
68.43|053500000006000300030001:,0535000000050003027fda
68.50|053600000006000300030001:,0536000000050003027fff
68.55|053700000006000300030001:,0537000000050003027fff
68.60|053800000006000300030001:,0538000000050003027fff
68.63|053900000006000300030001:,0539000000050003027fff
68.71|053a00000006000300030001:,053a000000050003027fff
68.76|053b00000006000300030001:,053b000000050003027fff
68.81|053c00000006000300030001:,053c000000050003027ffa
68.86|053d00000006000300030001:,053d000000050003027ffa
68.92|053e00000006000300030001:,053e000000050003027fc6
68.95|053f00000006000300030001:,053f000000050003027f9c
69.00|054000000006000300030001:,0540000000050003027fff
69.07|054100000006000300030001:,0541000000050003027fff
69.10|054200000006000300030001:,0542000000050003027fff
69.15|054300000006000300030001:,0543000000050003027fff
69.22|054400000006000300030001:,0544000000050003027fff
69.28|054500000006000300030001:,0545000000050003027fff
69.33|054600000006000300030001:,0546000000050003027efc
69.36|054700000006000300030001:,0547000000050003027f9e
69.41|054800000006000300030001:,0548000000050003027fdb
69.46|054900000006000300030001:,0549000000050003027fdb
69.53|054a00000006000300030001:,054a000000050003027fff
69.59|054b00000006000300030001:,054b000000050003027fff
69.64|054c00000006000300030001:,054c000000050003027fff
69.69|054d00000006000300030001:,054d000000050003027fff
69.74|054e00000006000300030001:,054e000000050003027fff
69.78|054f00000006000300030001:,054f000000050003027fff
69.85|055000000006000300030001:,0550000000050003027fff
69.88|055100000006000300030001:,0551000000050003027f90
69.95|055200000006000300030001:,0552000000050003027fff
70.00|055300000006000300030001:,0553000000050003027fff
70.03|055400000006000300030001:,0554000000050003027fff
70.11|055500000006000300030001:,0555000000050003027fff
70.14|055600000006000300030001:,0556000000050003027fff
70.19|055700000006000300030001:,0557000000050003027fff
70.26|055800000006000300030001:,0558000000050003027fff
70.31|055900000006000300030001:,0559000000050003027fce
70.34|055a00000006000300030001:,055a000000050003027fce
70.39|055b00000006000300030001:,055b000000050003027fd8
70.45|055c00000006000300030001:,055c000000050003027fba
70.50|055d00000006000300030001:,055d000000050003027fff
70.55|055e00000006000300030001:,055e000000050003027fff
70.62|055f00000006000300030001:,055f000000050003027fff
70.67|056000000006000300030001:,0560000000050003027fff
70.70|056100000006000300030001:,0561000000050003027fff
70.75|056200000006000300030001:,0562000000050003027fff
70.80|056300000006000300030001:,0563000000050003027fff
70.87|056400000006000300030001:,0564000000050003027fff
70.92|056500000006000300030001:,0565000000050003027fce
70.96|056600000006000300030001:,0566000000050003027fa8
71.01|056700000006000300030001:,0567000000050003027fff
71.08|056800000006000300030001:,0568000000050003027fff
71.11|056900000006000300030001:,0569000000050003027fff
71.16|056a00000006000300030001:,056a000000050003027fff
71.21|056b00000006000300030001:,056b000000050003027fff
71.28|056c00000006000300030001:,056c000000050003027fda
71.33|056d00000006000300030001:,056d000000050003027fce
71.38|056e00000006000300030001:,056e000000050003027fda
71.42|056f00000006000300030001:,056f000000050003027fd8
71.49|057000000006000300030001:,0570000000050003027fdb
71.52|057100000006000300030001:,0571000000050003027fd3
71.59|057200000006000300030001:,0572000000050003027fff
71.64|057300000006000300030001:,0573000000050003027fff
71.69|057400000006000300030001:,0574000000050003027fff
71.74|057500000006000300030001:,0575000000050003027fff
71.80|057600000006000300030001:,0576000000050003027fff
71.83|057700000006000300030001:,0577000000050003027fff
71.90|057800000006000300030001:,0578000000050003027fa8
71.93|057900000006000300030001:,0579000000050003027fd3
71.98|057a00000006000300030001:,057a000000050003027fd8
72.05|057b00000006000300030001:,057b000000050003027fff
72.10|057c00000006000300030001:,057c000000050003027fff
72.14|057d00000006000300030001:,057d000000050003027fff
72.21|057e00000006000300030001:,057e000000050003027fff
72.26|057f00000006000300030001:,057f000000050003027fff
72.31|058000000006000300030001:,0580000000050003027fc2
72.34|058100000006000300030001:,0581000000050003027fc2
72.39|058200000006000300030001:,0582000000050003027fc2
72.46|058300000006000300030001:,0583000000050003027fa2
72.51|058400000006000300030001:,0584000000050003027ff2
72.54|058500000006000300030001:,0585000000050003027fa8
72.62|058600000006000300030001:,0586000000050003027fff
72.65|058700000006000300030001:,0587000000050003027fff
72.72|058800000006000300030001:,0588000000050003027fff
72.75|058900000006000300030001:,0589000000050003027fff
72.80|058a00000006000300030001:,058a000000050003027fff
72.85|058b00000006000300030001:,058b000000050003027fff
72.92|058c00000006000300030001:,058c000000050003027fa8
72.98|058d00000006000300030001:,058d000000050003027fa8
73.03|058e00000006000300030001:,058e000000050003027fa8
73.06|058f00000006000300030001:,058f000000050003027fff
73.11|059000000006000300030001:,0590000000050003027fff
73.18|059100000006000300030001:,0591000000050003027fff
73.21|059200000006000300030001:,0592000000050003027fff
73.26|059300000006000300030001:,0593000000050003027fff
73.33|059400000006000300030001:,0594000000050003027fce
73.37|059500000006000300030001:,0595000000050003027fce
73.42|059600000006000300030001:,0596000000050003027fba
73.47|059700000006000300030001:,0597000000050003027fba
73.52|059800000006000300030001:,0598000000050003027fa8
73.59|059900000006000300030001:,0599000000050003027fff
73.64|059a00000006000300030001:,059a000000050003027fff
73.67|059b00000006000300030001:,059b000000050003027fff
73.74|059c00000006000300030001:,059c000000050003027fff
73.78|059d00000006000300030001:,059d000000050003027fff
73.85|059e00000006000300030001:,059e000000050003027fff
73.90|059f00000006000300030001:,059f000000050003027fa8
73.95|05a000000006000300030001:,05a0000000050003027fa8
73.98|05a100000006000300030001:,05a1000000050003027fe8
74.03|05a200000006000300030001:,05a2000000050003027fe0
74.08|05a300000006000300030001:,05a3000000050003027fe0
74.13|05a400000006000300030001:,05a4000000050003027fff
74.20|05a500000006000300030001:,05a5000000050003027fff
74.26|05a600000006000300030001:,05a6000000050003027fff
74.29|05a700000006000300030001:,05a7000000050003027fff
74.36|05a800000006000300030001:,05a8000000050003027fc6
74.41|05a900000006000300030001:,05a9000000050003027fe8
74.44|05aa00000006000300030001:,05aa000000050003027fe8
74.49|05ab00000006000300030001:,05ab000000050003027fe8
74.55|05ac00000006000300030001:,05ac000000050003027fe8
74.62|05ad00000006000300030001:,05ad000000050003027fff
74.65|05ae00000006000300030001:,05ae000000050003027fff
74.70|05af00000006000300030001:,05af000000050003027fff
74.75|05b000000006000300030001:,05b0000000050003027fff
74.82|05b100000006000300030001:,05b1000000050003027fff
74.87|05b200000006000300030001:,05b2000000050003027fff
74.92|05b300000006000300030001:,05b3000000050003027fa8
74.96|05b400000006000300030001:,05b4000000050003027fa8
75.01|05b500000006000300030001:,05b5000000050003027fff
75.06|05b600000006000300030001:,05b6000000050003027fff
75.13|05b700000006000300030001:,05b7000000050003027fff
75.18|05b800000006000300030001:,05b8000000050003027fff
75.21|05b900000006000300030001:,05b9000000050003027fff
75.28|05ba00000006000300030001:,05ba000000050003027fff
75.33|05bb00000006000300030001:,05bb000000050003027fd8
75.39|05bc00000006000300030001:,05bc000000050003027fd8
75.44|05bd00000006000300030001:,05bd000000050003027fd8
75.49|05be00000006000300030001:,05be000000050003027fd8
75.54|05bf00000006000300030001:,05bf000000050003027fff
75.57|05c000000006000300030001:,05c0000000050003027fff
75.62|05c100000006000300030001:,05c1000000050003027fff
75.67|05c200000006000300030001:,05c2000000050003027fff
75.73|05c300000006000300030001:,05c3000000050003027fff
75.78|05c400000006000300030001:,05c4000000050003027fff
75.85|05c500000006000300030001:,05c5000000050003027fff
75.90|05c600000006000300030001:,05c6000000050003027fd8
75.95|05c700000006000300030001:,05c7000000050003027fd8
76.00|05c800000006000300030001:,05c8000000050003027fff
76.05|05c900000006000300030001:,05c9000000050003027fff
76.08|05ca00000006000300030001:,05ca000000050003027fff
76.16|05cb00000006000300030001:,05cb000000050003027fff
76.21|05cc00000006000300030001:,05cc000000050003027fff
76.24|05cd00000006000300030001:,05cd000000050003027fff
76.29|05ce00000006000300030001:,05ce000000050003027fff
76.36|05cf00000006000300030001:,05cf000000050003027fd8
76.41|05d000000006000300030001:,05d0000000050003027fda
76.44|05d100000006000300030001:,05d1000000050003027fdc
76.51|05d200000006000300030001:,05d2000000050003027fff
76.57|05d300000006000300030001:,05d3000000050003027fff
76.62|05d400000006000300030001:,05d4000000050003027fff
76.67|05d500000006000300030001:,05d5000000050003027fff
76.72|05d600000006000300030001:,05d6000000050003027fff
76.75|05d700000006000300030001:,05d7000000050003027fff
76.82|05d800000006000300030001:,05d8000000050003027fff
76.85|05d900000006000300030001:,05d9000000050003027fff
76.90|05da00000006000300030001:,05da000000050003027fe8
76.96|05db00000006000300030001:,05db000000050003027fe6
77.01|05dc00000006000300030001:,05dc000000050003027fff
77.06|05dd00000006000300030001:,05dd000000050003027fff
77.11|05de00000006000300030001:,05de000000050003027fff
77.18|05df00000006000300030001:,05df000000050003027fff
77.21|05e000000006000300030001:,05e0000000050003027fff
77.28|05e100000006000300030001:,05e1000000050003027fff
77.33|05e200000006000300030001:,05e2000000050003027fce
77.38|05e300000006000300030001:,05e3000000050003027fcb
77.42|05e400000006000300030001:,05e4000000050003027fd8
77.49|05e500000006000300030001:,05e5000000050003027fff
77.54|05e600000006000300030001:,05e6000000050003027fff
77.59|05e700000006000300030001:,05e7000000050003027fff
77.64|05e800000006000300030001:,05e8000000050003027fff
77.67|05e900000006000300030001:,05e9000000050003027fff
77.74|05ea00000006000300030001:,05ea000000050003027fff
77.79|05eb00000006000300030001:,05eb000000050003027fff
77.85|05ec00000006000300030001:,05ec000000050003027fff
77.90|05ed00000006000300030001:,05ed000000050003027fcb
77.93|05ee00000006000300030001:,05ee000000050003027fd8
77.98|05ef00000006000300030001:,05ef000000050003027fd8
78.05|05f000000006000300030001:,05f0000000050003027fff
78.10|05f100000006000300030001:,05f1000000050003027fff
78.15|05f200000006000300030001:,05f2000000050003027fff
78.18|05f300000006000300030001:,05f3000000050003027fff
78.25|05f400000006000300030001:,05f4000000050003027fff
78.29|05f500000006000300030001:,05f5000000050003027fc6
78.36|05f600000006000300030001:,05f6000000050003027fc6
78.39|05f700000006000300030001:,05f7000000050003027fc6
78.46|05f800000006000300030001:,05f8000000050003027fd8
78.51|05f900000006000300030001:,05f9000000050003027fff
78.56|05fa00000006000300030001:,05fa000000050003027fff
78.59|05fb00000006000300030001:,05fb000000050003027fff
78.64|05fc00000006000300030001:,05fc000000050003027f9f
78.72|05fd00000006000300030001:,05fd000000050003027fff
78.75|05fe00000006000300030001:,05fe000000050003027fff
78.82|05ff00000006000300030001:,05ff000000050003027fc4
78.87|060000000006000300030001:,0600000000050003027fff
78.92|060100000006000300030001:,0601000000050003027fff
78.95|060200000006000300030001:,0602000000050003027fff
79.01|060300000006000300030001:,0603000000050003027fff
79.06|060400000006000300030001:,0604000000050003027fff
79.13|060500000006000300030001:,0605000000050003027fff
79.16|060600000006000300030001:,0606000000050003027fff
79.23|060700000006000300030001:,0607000000050003027fff
79.26|060800000006000300030001:,0608000000050003027fff
79.31|060900000006000300030001:,0609000000050003027fff
79.39|060a00000006000300030001:,060a000000050003027fff
79.44|060b00000006000300030001:,060b000000050003027fdb
79.49|060c00000006000300030001:,060c000000050003027fff
79.52|060d00000006000300030001:,060d000000050003027fff
79.59|060e00000006000300030001:,060e000000050003027fb7
79.62|060f00000006000300030001:,060f000000050003027fb7
79.67|061000000006000300030001:,0610000000050003027fb7
79.72|061100000006000300030001:,0611000000050003027fff
79.80|061200000006000300030001:,0612000000050003027fff
79.85|061300000006000300030001:,0613000000050003027fff
79.90|061400000006000300030001:,0614000000050003027fff
79.95|061500000006000300030001:,0615000000050003027fff
80.00|061600000006000300030001:,0616000000050003027fff
80.03|061700000006000300030001:,0617000000050003027fff
80.08|061800000006000300030001:,0618000000050003027fff
80.15|061900000006000300030001:,0619000000050003027fff
80.21|061a00000006000300030001:,061a000000050003027fff
80.24|061b00000006000300030001:,061b000000050003027fff
80.29|061c00000006000300030001:,061c000000050003027fff
80.36|061d00000006000300030001:,061d000000050003027fff
80.41|061e00000006000300030001:,061e000000050003027fd8
80.46|061f00000006000300030001:,061f000000050003027fd8
80.51|062000000006000300030001:,0620000000050003027fff
80.57|062100000006000300030001:,0621000000050003027fff
80.62|062200000006000300030001:,0622000000050003027fff
80.65|062300000006000300030001:,0623000000050003027fff
80.70|062400000006000300030001:,0624000000050003027fff
80.75|062500000006000300030001:,0625000000050003027fff
80.80|062600000006000300030001:,0626000000050003027fff
80.87|062700000006000300030001:,0627000000050003027fff
80.91|062800000006000300030001:,0628000000050003027fcc
80.98|062900000006000300030001:,0629000000050003027fc8
81.03|062a00000006000300030001:,062a000000050003027fff
81.08|062b00000006000300030001:,062b000000050003027fff
81.13|062c00000006000300030001:,062c000000050003027fff
81.16|062d00000006000300030001:,062d000000050003027fff
81.23|062e00000006000300030001:,062e000000050003027fff
81.29|062f00000006000300030001:,062f000000050003027fff
81.34|063000000006000300030001:,0630000000050003027fff
81.39|063100000006000300030001:,0631000000050003027fff
81.42|063200000006000300030001:,0632000000050003027fd8
81.49|063300000006000300030001:,0633000000050003027fff
81.52|063400000006000300030001:,0634000000050003027fff
81.57|063500000006000300030001:,0635000000050003027fff
81.64|063600000006000300030001:,0636000000050003027fff
81.70|063700000006000300030001:,0637000000050003027fff
81.75|063800000006000300030001:,0638000000050003027fff
81.78|063900000006000300030001:,0639000000050003027fff
81.83|063a00000006000300030001:,063a000000050003027fff
81.90|063b00000006000300030001:,063b000000050003027fff
81.93|063c00000006000300030001:,063c000000050003027fff
81.98|063d00000006000300030001:,063d000000050003027fff
82.06|063e00000006000300030001:,063e000000050003027fff
82.09|063f00000006000300030001:,063f000000050003027fff
82.16|064000000006000300030001:,0640000000050003027fff
