,source_text,target_text
623,137f0000000b00100000000204b15b4023:137f00000006001000000002|138000000006000400000002:,138000000007000404948443b4
390,0c370000000b00100000000204013b4009:0c3700000006001000000002|0c3800000006000400000002:,0c380000000700040442dc430a
462,0e770000000b001000000002045e354012:0e7700000006001000000002|0e7800000006000400000002:,0e7800000007000404a4684341
743,173f0000000b001000000002042196402e:173f00000006001000000002|174000000006000400000002:,174000000007000404719b4403
321,0a0f0000000b00100000000204e7d53ffa:0a0f00000006001000000002|0a1000000006000400000002:,0a10000000070004047c7842b6
959,1dff0000000b00100000000204a71e403c:1dff00000006001000000002|1e0000000006000400000002:,1e0000000007000404a2c8445d
293,092f0000000b00100000000204e2193ff0:092f00000006001000000002|093000000006000400000002:,09300000000700040461754298
752,17870000000b00100000000204f007402e:178700000006001000000002|178800000006000400000002:,17880000000700040450304407
155,04df0000000b00100000000204703b3fae:04df00000006001000000002|04e000000006000400000002:,04e000000007000404747041b8
482,0f170000000b0010000000020484b64014:0f1700000006001000000002|0f1800000006000400000002:,0f180000000700040437ee4351
42,01570000000b001000000002047a103e76:015700000006001000000002|015800000006000400000002:,015800000007000404cc1e3fde
349,0aef0000000b00100000000204d9174002:0aef00000006001000000002|0af000000006000400000002:,0af000000007000404946b42dd
290,09170000000b0010000000020409d53ff0:091700000006001000000002|091800000006000400000002:,091800000007000404151f4296
69,022f0000000b00100000000204da513f2b:022f00000006001000000002|023000000006000400000002:,0230000000070004041fbb4096
935,1d3f0000000b001000000002047660403b:1d3f00000006001000000002|1d4000000006000400000002:,1d400000000700040458124454
757,17af0000000b00100000000204573f402f:17af00000006001000000002|17b000000006000400000002:,17b0000000070004044a564409
409,0ccf0000000b00100000000204e5c9400b:0ccf00000006001000000002|0cd000000006000400000002:,0cd0000000070004046d264319
172,05670000000b0010000000020490973fb7:056700000006001000000002|056800000006000400000002:,0568000000070004045d7e41d9
888,1bc70000000b0010000000020467384038:1bc700000006001000000002|1bc800000006000400000002:,1bc8000000070004043683443e
322,0a170000000b0010000000020443963ffb:0a1700000006001000000002|0a1800000006000400000002:,0a1800000007000404aaa342b7
346,0ad70000000b0010000000020440b84002:0ad700000006001000000002|0ad800000006000400000002:,0ad800000007000404e2a542d8
71,023f0000000b0010000000020433333f33:023f00000006001000000002|024000000006000400000002:,024000000007000404614340a0
410,0cd70000000b00100000000204f972400b:0cd700000006001000000002|0cd800000006000400000002:,0cd800000007000404d9d14319
803,191f0000000b001000000002048db94032:191f00000006001000000002|192000000006000400000002:,1920000000070004041d03441a
534,10b70000000b0010000000020476c9401a:10b700000006001000000002|10b800000006000400000002:,10b8000000070004048f4a4381
858,1ad70000000b0010000000020485884036:1ad700000006001000000002|1ad800000006000400000002:,1ad800000007000404c3354431
89,02cf0000000b00100000000204c3613f63:02cf00000006001000000002|02d000000006000400000002:,02d0000000070004043a4140f8
947,1d9f0000000b001000000002040ebf403c:1d9f00000006001000000002|1da000000006000400000002:,1da000000007000404f0b44458
570,11d70000000b001000000002043f14401e:11d700000006001000000002|11d800000006000400000002:,11d800000007000404724e4394
543,10ff0000000b001000000002045dcc401b:10ff00000006001000000002|110000000006000400000002:,110000000007000404d5c84385
301,096f0000000b0010000000020443963ff3:096f00000006001000000002|097000000006000400000002:,0970000000070004040c78429f
661,14af0000000b00100000000204c56d4026:14af00000006001000000002|14b000000006000400000002:,14b000000007000404bad343c9
989,1eef0000000b001000000002043055403e:1eef00000006001000000002|1ef000000006000400000002:,1ef0000000070004043a8a446a
861,1aef0000000b00100000000204b0214036:1aef00000006001000000002|1af000000006000400000002:,1af000000007000404d4764432
12,00670000000b001000000002042546bf65:006700000006001000000002|006800000006000400000002:,006800000007000404606e3e02
134,04370000000b00100000000204374c3fa1:043700000006001000000002|043800000006000400000002:,04380000000700040468984191
386,0c170000000b001000000002040b784008:0c1700000006001000000002|0c1800000006000400000002:,0c180000000700040491384305
753,178f0000000b0010000000020406f7402f:178f00000006001000000002|179000000006000400000002:,179000000007000404c0074407
343,0abf0000000b001000000002049e844001:0abf00000006001000000002|0ac000000006000400000002:,0ac000000007000404ff4942d3
191,05ff0000000b0010000000020454613fc2:05ff00000006001000000002|060000000006000400000002:,060000000007000404e7954203
936,1d470000000b001000000002048d50403b:1d4700000006001000000002|1d4800000006000400000002:,1d4800000007000404079b4455
259,081f0000000b0010000000020426183fe3:081f00000006001000000002|082000000006000400000002:,0820000000070004040bab426e
914,1c970000000b0010000000020440b8403a:1c9700000006001000000002|1c9800000006000400000002:,1c98000000070004044d23444b
718,16770000000b001000000002040000402c:167700000006001000000002|167800000006000400000002:,1678000000070004047bdb43f3
601,12cf0000000b0010000000020419ce4021:12cf00000006001000000002|12d000000006000400000002:,12d000000007000404806643a4
197,062f0000000b0010000000020421ff3fc5:062f00000006001000000002|063000000006000400000002:,063000000007000404ba07420a
218,06d70000000b001000000002047fcc3fd0:06d700000006001000000002|06d800000006000400000002:,06d800000007000404333f422a
797,18ef0000000b0010000000020436e34032:18ef00000006001000000002|18f000000006000400000002:,18f0000000070004043e734418
379,0bdf0000000b0010000000020417594007:0bdf00000006001000000002|0be000000006000400000002:,0be00000000700040410004301
36,01270000000b0010000000020466cf3dd5:012700000006001000000002|012800000006000400000002:,012800000007000404b55a3fa2
769,180f0000000b0010000000020456d64030:180f00000006001000000002|181000000006000400000002:,1810000000070004044fbe440e
469,0eaf0000000b001000000002040d844013:0eaf00000006001000000002|0eb000000006000400000002:,0eb00000000700040478ed4346
202,06570000000b001000000002042a993fc8:065700000006001000000002|065800000006000400000002:,06580000000700040481ef4212
890,1bd70000000b001000000002048b444038:1bd700000006001000000002|1bd800000006000400000002:,1bd8000000070004042dd2443f
596,12a70000000b00100000000204b2964020:12a700000006001000000002|12a800000006000400000002:,12a80000000700040421ea43a2
148,04a70000000b0010000000020447453faa:04a700000006001000000002|04a800000006000400000002:,04a80000000700040427b841ab
132,04270000000b00100000000204837b3f9f:042700000006001000000002|042800000006000400000002:,04280000000700040405e4418d
950,1db70000000b0010000000020432ca403c:1db700000006001000000002|1db800000006000400000002:,1db8000000070004040abd445a
859,1adf0000000b001000000002049c784036:1adf00000006001000000002|1ae000000006000400000002:,1ae00000000700040456224432
165,052f0000000b0010000000020481d83fb3:052f00000006001000000002|053000000006000400000002:,053000000007000404108541ca
1013,1faf0000000b001000000002047319403f:1faf00000006001000000002|1fb000000006000400000002:,1fb00000000700040419234475
395,0c5f0000000b00100000000204c91d4009:0c5f00000006001000000002|0c6000000006000400000002:,0c6000000007000404333b430e
374,0bb70000000b0010000000020445a24006:0bb700000006001000000002|0bb800000006000400000002:,0bb800000007000404a0da42fa
536,10c70000000b00100000000204a4a9401a:10c700000006001000000002|10c800000006000400000002:,10c80000000700040465d24382
10,00570000000b001000000002045e9ebf89:005700000006001000000002|005800000006000400000002:,005800000007000404088c3dad
813,196f0000000b0010000000020465fe4033:196f00000006001000000002|197000000006000400000002:,197000000007000404de8f441e
560,11870000000b001000000002044120401d:118700000006001000000002|118800000006000400000002:,1188000000070004043ded438f
939,1d5f0000000b00100000000204bcd3403b:1d5f00000006001000000002|1d6000000006000400000002:,1d600000000700040474f74456
418,0d170000000b00100000000204ded3400c:0d1700000006001000000002|0d1800000006000400000002:,0d1800000007000404e42a431e
140,04670000000b001000000002045a1d3fa4:046700000006001000000002|046800000006000400000002:,046800000007000404d8ec4199
750,17770000000b00100000000204d0e5402e:177700000006001000000002|177800000006000400000002:,177800000007000404b8f34406
911,1c7f0000000b00100000000204147b403a:1c7f00000006001000000002|1c8000000006000400000002:,1c80000000070004040a93444a
378,0bd70000000b001000000002040d844007:0bd700000006001000000002|0bd800000006000400000002:,0bd800000007000404e25f4300
128,04070000000b00100000000204295f3f9b:040700000006001000000002|040800000006000400000002:,040800000007000404675b4182
256,08070000000b00100000000204930c3fe1:080700000006001000000002|080800000006000400000002:,08080000000700040465ef4267
531,109f0000000b00100000000204233a401a:109f00000006001000000002|10a000000006000400000002:,10a0000000070004040c154380
725,16af0000000b00100000000204adac402c:16af00000006001000000002|16b000000006000400000002:,16b0000000070004047fee43f9
48,01870000000b0010000000020404ea3eb4:018700000006001000000002|018800000006000400000002:,018800000007000404ce96400f
586,12570000000b00100000000204c361401f:125700000006001000000002|125800000006000400000002:,125800000007000404c5c8439c
985,1ecf0000000b001000000002040275403e:1ecf00000006001000000002|1ed000000006000400000002:,1ed000000007000404b9304468
768,18070000000b0010000000020431274030:180700000006001000000002|180800000006000400000002:,1808000000070004048f52440d
930,1d170000000b001000000002042b02403b:1d1700000006001000000002|1d1800000006000400000002:,1d18000000070004041b544452
645,142f0000000b0010000000020451834025:142f00000006001000000002|143000000006000400000002:,14300000000700040474dd43bf
872,1b470000000b0010000000020495814037:1b4700000006001000000002|1b4800000006000400000002:,1b4800000007000404b0444438
760,17c70000000b001000000002049f56402f:17c700000006001000000002|17c800000006000400000002:,17c800000007000404b039440a
403,0c9f0000000b00100000000204f007400a:0c9f00000006001000000002|0ca000000006000400000002:,0ca00000000700040437bf4314
692,15a70000000b001000000002047c1c4029:15a700000006001000000002|15a800000006000400000002:,15a8000000070004046b0443de
540,10e70000000b001000000002040a3d401b:10e700000006001000000002|10e800000006000400000002:,10e80000000700040445c84384
114,03970000000b00100000000204de013f8a:039700000006001000000002|039800000006000400000002:,0398000000070004048b854142
498,0f970000000b00100000000204a1624016:0f9700000006001000000002|0f9800000006000400000002:,0f9800000007000404bc514361
708,16270000000b001000000002042fec402b:162700000006001000000002|162800000006000400000002:,162800000007000404777a43ec
620,13670000000b001000000002044d6a4023:136700000006001000000002|136800000006000400000002:,1368000000070004040fbd43b2
895,1bff0000000b00100000000204e7044038:1bff00000006001000000002|1c0000000006000400000002:,1c0000000007000404a8fe4441
761,17cf0000000b00100000000204b4a2402f:17cf00000006001000000002|17d000000006000400000002:,17d0000000070004041aa7440b
641,140f0000000b00100000000204f7664024:140f00000006001000000002|141000000006000400000002:,1410000000070004040c1043bd
815,197f0000000b0010000000020486c24033:197f00000006001000000002|198000000006000400000002:,1980000000070004049a46441f
331,0a5f0000000b00100000000204a4a93ffe:0a5f00000006001000000002|0a6000000006000400000002:,0a60000000070004042d7942c3
138,04570000000b0010000000020453f83fa3:045700000006001000000002|045800000006000400000002:,0458000000070004040a114197
740,17270000000b00100000000204ce07402d:172700000006001000000002|172800000006000400000002:,172800000007000404e8c44401
746,17570000000b001000000002047bb3402e:175700000006001000000002|175800000006000400000002:,1758000000070004041e774405
273,088f0000000b00100000000204a0273fe9:088f00000006001000000002|089000000006000400000002:,089000000007000404baf84285
722,16970000000b001000000002047ae1402c:169700000006001000000002|169800000006000400000002:,169800000007000404b99f43f7
709,162f0000000b0010000000020446dc402b:162f00000006001000000002|163000000006000400000002:,1630000000070004043aed43ed
610,13170000000b0010000000020431f94022:131700000006001000000002|131800000006000400000002:,1318000000070004041ba043ab
702,15f70000000b00100000000204a64c402a:15f700000006001000000002|15f800000006000400000002:,15f800000007000404efdb43e7
44,01670000000b0010000000020412d73e92:016700000006001000000002|016800000006000400000002:,016800000007000404e4c83ff6
407,0cbf0000000b001000000002048034400b:0cbf00000006001000000002|0cc000000006000400000002:,0cc000000007000404406a4317
658,14970000000b0010000000020488ce4026:149700000006001000000002|149800000006000400000002:,14980000000700040404b743c8
387,0c1f0000000b001000000002043c9f4008:0c1f00000006001000000002|0c2000000006000400000002:,0c20000000070004047e3e4306
665,14cf0000000b0010000000020415b54027:14cf00000006001000000002|14d000000006000400000002:,14d00000000700040404c843cc
741,172f0000000b00100000000204e83e402d:172f00000006001000000002|173000000006000400000002:,17300000000700040463834402
887,1bbf0000000b0010000000020458794038:1bbf00000006001000000002|1bc000000006000400000002:,1bc000000007000404d1b4443d
727,16bf0000000b00100000000204d845402c:16bf00000006001000000002|16c000000006000400000002:,16c000000007000404ff7543fa
255,07ff0000000b0010000000020461e53fe1:07ff00000006001000000002|080000000006000400000002:,08000000000700040499b24266
987,1edf0000000b001000000002041b09403e:1edf00000006001000000002|1ee000000006000400000002:,1ee00000000700040487564469
476,0ee70000000b00100000000204f62b4013:0ee700000006001000000002|0ee800000006000400000002:,0ee80000000700040411a5434d
899,1c1f0000000b001000000002041eb84039:1c1f00000006001000000002|1c2000000006000400000002:,1c20000000070004042e9e4443
591,127f0000000b001000000002043e424020:127f00000006001000000002|128000000006000400000002:,12800000000700040480e0439f
486,0f370000000b0010000000020402de4015:0f3700000006001000000002|0f3800000006000400000002:,0f3800000007000404f6004354
389,0c2f0000000b00100000000204e3bd4008:0c2f00000006001000000002|0c3000000006000400000002:,0c3000000007000404b0724309
233,074f0000000b0010000000020448173fd8:074f00000006001000000002|075000000006000400000002:,075000000007000404c6ba4243
31,00ff0000000b001000000002049375bd98:00ff00000006001000000002|010000000006000400000002:,010000000007000404a5313f57
174,05770000000b0010000000020402de3fb9:057700000006001000000002|057800000006000400000002:,057800000007000404185741df
60,01e70000000b00100000000204b22d3f0d:01e700000006001000000002|01e800000006000400000002:,01e800000007000404eb034064
243,079f0000000b0010000000020442c43fdd:079f00000006001000000002|07a000000006000400000002:,07a0000000070004041f134256
758,17b70000000b0010000000020474bc402f:17b700000006001000000002|17b800000006000400000002:,17b800000007000404dc4a4409
227,071f0000000b001000000002045cfb3fd5:071f00000006001000000002|072000000006000400000002:,072000000007000404c36d4239
990,1ef70000000b001000000002043f14403e:1ef700000006001000000002|1ef800000006000400000002:,1ef800000007000404b6ef446a
802,19170000000b00100000000204809d4032:191700000006001000000002|191800000006000400000002:,191800000007000404d4634419
142,04770000000b0010000000020483e43fa6:047700000006001000000002|047800000006000400000002:,047800000007000404f3bd419f
555,115f0000000b0010000000020484b6401c:115f00000006001000000002|116000000006000400000002:,1160000000070004047fa9438b
475,0edf0000000b00100000000204d07d4013:0edf00000006001000000002|0ee000000006000400000002:,0ee000000007000404fc64434b
656,14870000000b001000000002044a8c4026:148700000006001000000002|148800000006000400000002:,14880000000700040446a143c6
463,0e7f0000000b0010000000020473824012:0e7f00000006001000000002|0e8000000006000400000002:,0e800000000700040439074342
203,065f0000000b00100000000204c49c3fc8:065f00000006001000000002|066000000006000400000002:,0660000000070004041a0a4214
786,18970000000b0010000000020466cf4031:189700000006001000000002|189800000006000400000002:,189800000007000404db394413
196,06270000000b001000000002048b443fc4:062700000006001000000002|062800000006000400000002:,06280000000700040443db4209
412,0ce70000000b00100000000204240b400c:0ce700000006001000000002|0ce800000006000400000002:,0ce800000007000404c650431a
977,1e8f0000000b001000000002048106403d:1e8f00000006001000000002|1e9000000006000400000002:,1e900000000700040487414464
845,1a6f0000000b00100000000204bf484035:1a6f00000006001000000002|1a7000000006000400000002:,1a7000000007000404e0c8442c
161,050f0000000b0010000000020430be3fb1:050f00000006001000000002|051000000006000400000002:,051000000007000404d0f041c1
604,12e70000000b001000000002046a164021:12e700000006001000000002|12e800000006000400000002:,12e8000000070004045e3943a6
470,0eb70000000b001000000002041de74013:0eb700000006001000000002|0eb800000006000400000002:,0eb800000007000404ee0e4346
844,1a670000000b00100000000204ab9f4035:1a6700000006001000000002|1a6800000006000400000002:,1a680000000700040466ae442c
952,1dc70000000b00100000000204538f403c:1dc700000006001000000002|1dc800000006000400000002:,1dc8000000070004040c64445b
626,13970000000b00100000000204df3b4023:139700000006001000000002|139800000006000400000002:,139800000007000404bf8743b5
96,03070000000b00100000000204c49c3f70:030700000006001000000002|030800000006000400000002:,03080000000700040483c5410b
568,11c70000000b001000000002040275401e:11c700000006001000000002|11c800000006000400000002:,11c8000000070004042fe94393
154,04d70000000b00100000000204aee63fad:04d700000006001000000002|04d800000006000400000002:,04d800000007000404f74541b5
676,15270000000b001000000002042f834028:152700000006001000000002|152800000006000400000002:,15280000000700040442cb43d4
557,116f0000000b00100000000204ed91401c:116f00000006001000000002|117000000006000400000002:,11700000000700040491cf438d
616,13470000000b00100000000204ca584022:134700000006001000000002|134800000006000400000002:,134800000007000404cfc343ae
249,07cf0000000b0010000000020462b73fdf:07cf00000006001000000002|07d000000006000400000002:,07d00000000700040476d4425e
790,18b70000000b00100000000204ad434031:18b700000006001000000002|18b800000006000400000002:,18b80000000700040453de4415
866,1b170000000b0010000000020414124037:1b1700000006001000000002|1b1800000006000400000002:,1b18000000070004045bff4435
979,1e9f0000000b0010000000020494af403d:1e9f00000006001000000002|1ea000000006000400000002:,1ea000000007000404291c4465
647,143f0000000b0010000000020489374025:143f00000006001000000002|144000000006000400000002:,144000000007000404f61443c0
61,01ef0000000b00100000000204212d3f0f:01ef00000006001000000002|01f000000006000400000002:,01f000000007000404e3904067
594,12970000000b001000000002046f694020:129700000006001000000002|129800000006000400000002:,1298000000070004049bec43a0
706,16170000000b00100000000204fd22402a:161700000006001000000002|161800000006000400000002:,161800000007000404c8ed43ea
944,1d870000000b00100000000204f141403b:1d8700000006001000000002|1d8800000006000400000002:,1d88000000070004040af94458
200,06470000000b0010000000020406f73fc7:064700000006001000000002|064800000006000400000002:,0648000000070004048928420f
835,1a1f0000000b001000000002040cb34035:1a1f00000006001000000002|1a2000000006000400000002:,1a200000000700040497e04428
112,03870000000b001000000002046fd23f87:038700000006001000000002|038800000006000400000002:,038800000007000404e7154136
129,040f0000000b0010000000020401a33f9c:040f00000006001000000002|041000000006000400000002:,041000000007000404668d4184
73,024f0000000b00100000000204dcc63f35:024f00000006001000000002|025000000006000400000002:,025000000007000404445240a4
569,11cf0000000b0010000000020424dd401e:11cf00000006001000000002|11d000000006000400000002:,11d000000007000404e68f4393
55,01bf0000000b001000000002046f693ef0:01bf00000006001000000002|01c000000006000400000002:,01c000000007000404b419403c
805,192f0000000b00100000000204ae7d4032:192f00000006001000000002|193000000006000400000002:,193000000007000404d31b441a
101,032f0000000b001000000002047efa3f7a:032f00000006001000000002|033000000006000400000002:,03300000000700040445a24118
327,0a3f0000000b001000000002044fdf3ffd:0a3f00000006001000000002|0a4000000006000400000002:,0a40000000070004048f2c42be
680,15470000000b001000000002047ae14028:154700000006001000000002|154800000006000400000002:,154800000007000404856843d6
630,13b70000000b001000000002041f214024:13b700000006001000000002|13b800000006000400000002:,13b800000007000404633d43b7
649,144f0000000b00100000000204bda54025:144f00000006001000000002|145000000006000400000002:,145000000007000404636443c2
574,11f70000000b001000000002047efa401e:11f700000006001000000002|11f800000006000400000002:,11f800000007000404c91c4395
946,1d970000000b001000000002040b78403c:1d9700000006001000000002|1d9800000006000400000002:,1d9800000007000404d7214458
870,1b370000000b001000000002045c294037:1b3700000006001000000002|1b3800000006000400000002:,1b380000000700040434c44437
622,13770000000b00100000000204a4404023:137700000006001000000002|137800000006000400000002:,1378000000070004043f7043b4
747,175f0000000b001000000002049e1b402e:175f00000006001000000002|176000000006000400000002:,176000000007000404c3a74405
841,1a4f0000000b00100000000204758e4035:1a4f00000006001000000002|1a5000000006000400000002:,1a50000000070004041899442b
188,05e70000000b0010000000020458793fc0:05e700000006001000000002|05e800000006000400000002:,05e8000000070004048f5741fe
957,1def0000000b001000000002049375403c:1def00000006001000000002|1df000000006000400000002:,1df000000007000404063e445d
87,02bf0000000b00100000000204e00d3f5d:02bf00000006001000000002|02c000000006000400000002:,02c0000000070004046c7140eb
348,0ae70000000b00100000000204a3054002:0ae700000006001000000002|0ae800000006000400000002:,0ae800000007000404e70242db
194,06170000000b00100000000204cd363fc3:061700000006001000000002|061800000006000400000002:,06180000000700040471af4207
306,09970000000b00100000000204f41f3ff4:099700000006001000000002|099800000006000400000002:,099800000007000404f4fd42a3
545,110f0000000b0010000000020493de401b:110f00000006001000000002|111000000006000400000002:,111000000007000404db204386
593,128f0000000b0010000000020455324020:128f00000006001000000002|129000000006000400000002:,12900000000700040404b643a0
605,12ef0000000b0010000000020489374021:12ef00000006001000000002|12f000000006000400000002:,12f00000000700040418f643a7
974,1e770000000b0010000000020461e5403d:1e7700000006001000000002|1e7800000006000400000002:,1e780000000700040487dc4463
634,13d70000000b0010000000020468dc4024:13d700000006001000000002|13d800000006000400000002:,13d8000000070004044c3843b9
427,0d5f0000000b00100000000204075f400e:0d5f00000006001000000002|0d6000000006000400000002:,0d6000000007000404a73a4325
559,117f0000000b001000000002043c36401d:117f00000006001000000002|118000000006000400000002:,1180000000070004042499438f
141,046f0000000b001000000002044c983fa5:046f00000006001000000002|047000000006000400000002:,0470000000070004047dc1419c
371,0b9f0000000b0010000000020404194006:0b9f00000006001000000002|0ba000000006000400000002:,0ba000000007000404549b42f8
787,189f0000000b0010000000020473eb4031:189f00000006001000000002|18a000000006000400000002:,18a00000000700040421074414
305,098f0000000b00100000000204c2f83ff4:098f00000006001000000002|099000000006000400000002:,099000000007000404644742a3
1005,1f6f0000000b001000000002041759403f:1f6f00000006001000000002|1f7000000006000400000002:,1f7000000007000404f5424471
380,0be70000000b0010000000020431904007:0be700000006001000000002|0be800000006000400000002:,0be80000000700040489f24301
600,12c70000000b001000000002040cb34021:12c700000006001000000002|12c800000006000400000002:,12c80000000700040432e643a4
820,19a70000000b00100000000204f9724033:19a700000006001000000002|19a800000006000400000002:,19a800000007000404322a4422
877,1b6f0000000b00100000000204e2824037:1b6f00000006001000000002|1b7000000006000400000002:,1b7000000007000404b2ba443a
830,19f70000000b00100000000204c63f4034:19f700000006001000000002|19f800000006000400000002:,19f800000007000404eea34426
66,02170000000b0010000000020418fc3f23:021700000006001000000002|021800000006000400000002:,021800000007000404c163408a
180,05a70000000b001000000002041b713fbd:05a700000006001000000002|05a800000006000400000002:,05a800000007000404277341f0
576,12070000000b00100000000204a162401e:120700000006001000000002|120800000006000400000002:,12080000000700040482fb4396
47,017f0000000b001000000002043a2a3eb2:017f00000006001000000002|018000000006000400000002:,018000000007000404a717400e
964,1e270000000b00100000000204ed91403c:1e2700000006001000000002|1e2800000006000400000002:,1e2800000007000404d758445f
513,100f0000000b0010000000020474544018:100f00000006001000000002|101000000006000400000002:,1010000000070004040bcd4371
195,061f0000000b00100000000204710d3fc4:061f00000006001000000002|062000000006000400000002:,06200000000700040403304209
173,056f0000000b0010000000020420c53fb8:056f00000006001000000002|057000000006000400000002:,057000000007000404941f41db
919,1cbf0000000b001000000002048588403a:1cbf00000006001000000002|1cc000000006000400000002:,1cc00000000700040446e4444d
868,1b270000000b00100000000204381d4037:1b2700000006001000000002|1b2800000006000400000002:,1b280000000700040447c54436
976,1e870000000b001000000002047c1c403d:1e8700000006001000000002|1e8800000006000400000002:,1e88000000070004045edf4464
86,02b70000000b001000000002046ae83f5b:02b700000006001000000002|02b800000006000400000002:,02b80000000700040446d740e6
814,19770000000b0010000000020471764033:197700000006001000000002|197800000006000400000002:,197800000007000404202a441f
963,1e1f0000000b00100000000204e076403c:1e1f00000006001000000002|1e2000000006000400000002:,1e20000000070004046de3445f
818,19970000000b00100000000204d70a4033:199700000006001000000002|199800000006000400000002:,19980000000700040469dd4421
457,0e4f0000000b00100000000204e3544011:0e4f00000006001000000002|0e5000000006000400000002:,0e500000000700040453a9433e
205,066f0000000b00100000000204d4953fc9:066f00000006001000000002|067000000006000400000002:,067000000007000404f5964216
376,0bc70000000b00100000000204786c4006:0bc700000006001000000002|0bc800000006000400000002:,0bc8000000070004046c7542fc
189,05ef0000000b001000000002040ff93fc1:05ef00000006001000000002|05f000000006000400000002:,05f000000007000404ee894200
894,1bf70000000b00100000000204ce704038:1bf700000006001000000002|1bf800000006000400000002:,1bf800000007000404fe0a4440
260,08270000000b00100000000204923a3fe3:082700000006001000000002|082800000006000400000002:,082800000007000404dc7a426f
213,06af0000000b001000000002045fd93fce:06af00000006001000000002|06b000000006000400000002:,06b000000007000404d1424223
178,05970000000b00100000000204b2ff3fbb:059700000006001000000002|059800000006000400000002:,05980000000700040425d441ea
424,0d470000000b001000000002049ce0400d:0d4700000006001000000002|0d4800000006000400000002:,0d4800000007000404313f4323
997,1f2f0000000b001000000002049fbe403e:1f2f00000006001000000002|1f3000000006000400000002:,1f3000000007000404ecca446d
1008,1f870000000b001000000002043333403f:1f8700000006001000000002|1f8800000006000400000002:,1f8800000007000404e8314472
736,17070000000b00100000000204844d402d:170700000006001000000002|170800000006000400000002:,17080000000700040491f34400
843,1a5f0000000b00100000000204a0274035:1a5f00000006001000000002|1a6000000006000400000002:,1a60000000070004041f9b442c
738,17170000000b001000000002049e84402d:171700000006001000000002|171800000006000400000002:,1718000000070004040b6e4401
968,1e470000000b00100000000204205c403d:1e4700000006001000000002|1e4800000006000400000002:,1e480000000700040471db4461
967,1e3f0000000b001000000002041340403d:1e3f00000006001000000002|1e4000000006000400000002:,1e4000000007000404079d4461
416,0d070000000b00100000000204b0f2400c:0d0700000006001000000002|0d0800000006000400000002:,0d0800000007000404dec2431d
903,1c3f0000000b001000000002046a164039:1c3f00000006001000000002|1c4000000006000400000002:,1c400000000700040442ad4445
737,170f0000000b0010000000020494af402d:170f00000006001000000002|171000000006000400000002:,171000000007000404ddd34400
962,1e170000000b00100000000204cccd403c:1e1700000006001000000002|1e1800000006000400000002:,1e1800000007000404d015445e
79,027f0000000b0010000000020478d53f49:027f00000006001000000002|028000000006000400000002:,028000000007000404f3bf40c3
137,044f0000000b00100000000204fb7f3fa2:044f00000006001000000002|045000000006000400000002:,0450000000070004041a6d4196
235,075f0000000b00100000000204ce073fd9:075f00000006001000000002|076000000006000400000002:,07600000000700040436fe4249
455,0e3f0000000b001000000002049ce04011:0e3f00000006001000000002|0e4000000006000400000002:,0e400000000700040473a0433c
561,118f0000000b001000000002044e3c401d:118f00000006001000000002|119000000006000400000002:,1190000000070004048189438f
510,0ff70000000b0010000000020408314018:0ff700000006001000000002|0ff800000006000400000002:,0ff800000007000404691a436d
253,07ef0000000b00100000000204ce703fe0:07ef00000006001000000002|07f000000006000400000002:,07f000000007000404392a4264
456,0e470000000b00100000000204bf484011:0e4700000006001000000002|0e4800000006000400000002:,0e48000000070004045d74433d
278,08b70000000b00100000000204404f3feb:08b700000006001000000002|08b800000006000400000002:,08b800000007000404b2e24289
921,1ccf0000000b00100000000204a162403a:1ccf00000006001000000002|1cd000000006000400000002:,1cd00000000700040414ff444e
829,19ef0000000b00100000000204be0e4034:19ef00000006001000000002|19f000000006000400000002:,19f000000007000404bd794426
479,0eff0000000b001000000002043fe64014:0eff00000006001000000002|0f0000000006000400000002:,0f00000000070004043476434f
352,0b070000000b001000000002045f704003:0b0700000006001000000002|0b0800000006000400000002:,0b0800000007000404cda042e1
571,11df0000000b001000000002045461401e:11df00000006001000000002|11e000000006000400000002:,11e000000007000404e43c4394
669,14ef0000000b00100000000204851f4027:14ef00000006001000000002|14f000000006000400000002:,14f0000000070004043d0343cf
117,03af0000000b0010000000020491003f8e:03af00000006001000000002|03b000000006000400000002:,03b000000007000404ee71414f
767,17ff0000000b0010000000020422684030:17ff00000006001000000002|180000000006000400000002:,180000000007000404444c440d
393,0c4f0000000b0010000000020466cf4009:0c4f00000006001000000002|0c5000000006000400000002:,0c50000000070004043fc3430c
608,13070000000b00100000000204f2134021:130700000006001000000002|130800000006000400000002:,130800000007000404940443a9
583,123f0000000b0010000000020481d8401f:123f00000006001000000002|124000000006000400000002:,12400000000700040455d2439b
794,18d70000000b00100000000204eb854031:18d700000006001000000002|18d800000006000400000002:,18d800000007000404a3cf4416
473,0ecf0000000b00100000000204a29c4013:0ecf00000006001000000002|0ed000000006000400000002:,0ed000000007000404acc4434a
526,10770000000b00100000000204ce074019:107700000006001000000002|107800000006000400000002:,1078000000070004040bd6437d
185,05cf0000000b001000000002044bc73fbf:05cf00000006001000000002|05d000000006000400000002:,05d000000007000404cc7441f9
908,1c670000000b00100000000204e00d4039:1c6700000006001000000002|1c6800000006000400000002:,1c68000000070004048edb4448
511,0fff0000000b001000000002041f214018:0fff00000006001000000002|100000000006000400000002:,1000000000070004042d54436e
182,05b70000000b001000000002043f143fbe:05b700000006001000000002|05b800000006000400000002:,05b800000007000404205941f5
430,0d770000000b00100000000204703b400e:0d7700000006001000000002|0d7800000006000400000002:,0d78000000070004041ccc4328
441,0dcf0000000b001000000002049724400f:0dcf00000006001000000002|0dd000000006000400000002:,0dd00000000700040439fd432f
15,007f0000000b00100000000204c361bf33:007f00000006001000000002|008000000006000400000002:,00800000000700040448503e4b
726,16b70000000b00100000000204bc6a402c:16b700000006001000000002|16b800000006000400000002:,16b800000007000404046743fa
120,03c70000000b0010000000020447453f92:03c700000006001000000002|03c800000006000400000002:,03c8000000070004044a3e415e
595,129f0000000b0010000000020495184020:129f00000006001000000002|12a000000006000400000002:,12a000000007000404763d43a1
332,0a670000000b001000000002042b023fff:0a6700000006001000000002|0a6800000006000400000002:,0a6800000007000404076742c5
579,121f0000000b00100000000204212d401f:121f00000006001000000002|122000000006000400000002:,1220000000070004043d3c4399
52,01a70000000b00100000000204c4333ed1:01a700000006001000000002|01a800000006000400000002:,01a80000000700040464494024
224,07070000000b001000000002045a863fd3:070700000006001000000002|070800000006000400000002:,0708000000070004042af84233
5,002f0000000b001000000002040419bfce:002f00000006001000000002|003000000006000400000002:,00300000000700040452463cc9
162,05170000000b00100000000204d14e3fb1:051700000006001000000002|051800000006000400000002:,05180000000700040403eb41c4
860,1ae70000000b00100000000204a64c4036:1ae700000006001000000002|1ae800000006000400000002:,1ae800000007000404953e4432
701,15ef0000000b001000000002047d56402a:15ef00000006001000000002|15f000000006000400000002:,15f0000000070004049b0c43e6
735,16ff0000000b001000000002047c1c402d:16ff00000006001000000002|170000000006000400000002:,1700000000070004046c164400
1018,1fd70000000b00100000000204bcd3403f:1fd700000006001000000002|1fd800000006000400000002:,1fd800000007000404a6a24477
904,1c470000000b0010000000020478d54039:1c4700000006001000000002|1c4800000006000400000002:,1c4800000007000404ab6f4445
789,18af0000000b0010000000020497f64031:18af00000006001000000002|18b000000006000400000002:,18b000000007000404e19a4414
798,18f70000000b001000000002044dd34032:18f700000006001000000002|18f800000006000400000002:,18f800000007000404bc4d4418
972,1e670000000b001000000002044fdf403d:1e6700000006001000000002|1e6800000006000400000002:,1e6800000007000404f4824462
406,0cb70000000b0010000000020465fe400b:0cb700000006001000000002|0cb800000006000400000002:,0cb800000007000404b2074316
232,07470000000b00100000000204c84b3fd7:074700000006001000000002|074800000006000400000002:,07480000000700040406a94242
852,1aa70000000b0010000000020428244036:1aa700000006001000000002|1aa800000006000400000002:,1aa80000000700040471d4442f
102,03370000000b00100000000204cd363f7b:033700000006001000000002|033800000006000400000002:,0338000000070004041218411a
1017,1fcf0000000b00100000000204afb8403f:1fcf00000006001000000002|1fd000000006000400000002:,1fd00000000700040431fd4477
428,0d670000000b0010000000020431f9400e:0d6700000006001000000002|0d6800000006000400000002:,0d6800000007000404a5e44326
784,18870000000b0010000000020451834031:188700000006001000000002|188800000006000400000002:,1888000000070004046a194413
524,10670000000b0010000000020489374019:106700000006001000000002|106800000006000400000002:,1068000000070004049c63437a
497,0f8f0000000b001000000002045aee4016:0f8f00000006001000000002|0f9000000006000400000002:,0f900000000700040482f3435f
749,176f0000000b00100000000204b50b402e:176f00000006001000000002|177000000006000400000002:,17700000000700040432364406
821,19af0000000b001000000002041a374034:19af00000006001000000002|19b000000006000400000002:,19b000000007000404f1d44422
766,17f70000000b0010000000020418934030:17f700000006001000000002|17f800000006000400000002:,17f800000007000404125c440d
530,10970000000b001000000002040f91401a:109700000006001000000002|109800000006000400000002:,1098000000070004046348437f
404,0ca70000000b001000000002042e49400b:0ca700000006001000000002|0ca800000006000400000002:,0ca80000000700040485314315
14,00770000000b0010000000020483e4bf3e:007700000006001000000002|007800000006000400000002:,0078000000070004048b443e38
207,067f0000000b0010000000020433333fcb:067f00000006001000000002|068000000006000400000002:,068000000007000404b98d421a
675,151f0000000b0010000000020425af4028:151f00000006001000000002|152000000006000400000002:,152000000007000404f7c843d3
153,04cf0000000b00100000000204013b3fad:04cf00000006001000000002|04d000000006000400000002:,04d000000007000404c23f41b3
76,02670000000b0010000000020469ad3f3e:026700000006001000000002|026800000006000400000002:,026800000007000404660540b1
876,1b670000000b00100000000204d5674037:1b6700000006001000000002|1b6800000006000400000002:,1b68000000070004045ac5443a
525,106f0000000b00100000000204a6b54019:106f00000006001000000002|107000000006000400000002:,107000000007000404a6d8437b
909,1c6f0000000b00100000000204ed294039:1c6f00000006001000000002|1c7000000006000400000002:,1c7000000007000404ed8a4448
522,10570000000b0010000000020438ef4019:105700000006001000000002|105800000006000400000002:,105800000007000404cc9d4377
1006,1f770000000b0010000000020422d1403f:1f7700000006001000000002|1f7800000006000400000002:,1f7800000007000404592b4472
564,11a70000000b00100000000204b08a401d:11a700000006001000000002|11a800000006000400000002:,11a800000007000404809e4391
867,1b1f0000000b0010000000020424744037:1b1f00000006001000000002|1b2000000006000400000002:,1b2000000007000404c7074435
106,03570000000b0010000000020443fe3f82:035700000006001000000002|035800000006000400000002:,035800000007000404a7d74126
983,1ebf0000000b00100000000204d639403d:1ebf00000006001000000002|1ec000000006000400000002:,1ec00000000700040447f94467
1011,1f9f0000000b00100000000204573f403f:1f9f00000006001000000002|1fa000000006000400000002:,1fa00000000700040424034474
988,1ee70000000b001000000002042b6b403e:1ee700000006001000000002|1ee800000006000400000002:,1ee8000000070004041120446a
286,08f70000000b00100000000204147b3fee:08f700000006001000000002|08f800000006000400000002:,08f800000007000404e31f4290
126,03f70000000b00100000000204f27c3f98:03f700000006001000000002|03f800000006000400000002:,03f8000000070004049f5a417a
673,150f0000000b0010000000020400004028:150f00000006001000000002|151000000006000400000002:,151000000007000404d92643d2
635,13df0000000b00100000000204816f4024:13df00000006001000000002|13e000000006000400000002:,13e000000007000404f05643b9
597,12af0000000b00100000000204d35b4020:12af00000006001000000002|12b000000006000400000002:,12b000000007000404e18043a2
397,0c6f0000000b00100000000204147b400a:0c6f00000006001000000002|0c7000000006000400000002:,0c7000000007000404b6dd430f
254,07f70000000b00100000000204096c3fe1:07f700000006001000000002|07f800000006000400000002:,07f8000000070004042bd24265
264,08470000000b00100000000204ed293fe5:084700000006001000000002|084800000006000400000002:,0848000000070004043ded427a
865,1b0f0000000b00100000000204f8384036:1b0f00000006001000000002|1b1000000006000400000002:,1b1000000007000404a6a34434
527,107f0000000b00100000000204d4954019:107f00000006001000000002|108000000006000400000002:,108000000007000404478a437d
375,0bbf0000000b0010000000020457a84006:0bbf00000006001000000002|0bc000000006000400000002:,0bc000000007000404439342fb
88,02c70000000b0010000000020475f73f60:02c700000006001000000002|02c800000006000400000002:,02c800000007000404f67940f0
167,053f0000000b00100000000204e0763fb4:053f00000006001000000002|054000000006000400000002:,0540000000070004041acf41cf
350,0af70000000b001000000002040a3d4003:0af700000006001000000002|0af800000006000400000002:,0af8000000070004041d9842df
383,0bff0000000b001000000002048d504007:0bff00000006001000000002|0c0000000006000400000002:,0c000000000700040438534303
657,148f0000000b0010000000020473824026:148f00000006001000000002|149000000006000400000002:,1490000000070004046baf43c7
847,1a7f0000000b00100000000204dcc64035:1a7f00000006001000000002|1a8000000006000400000002:,1a8000000007000404989d442d
11,005f0000000b0010000000020473ebbf75:005f00000006001000000002|006000000006000400000002:,0060000000070004042e193de1
279,08bf0000000b001000000002046e2f3feb:08bf00000006001000000002|08c000000006000400000002:,08c00000000700040424b6428a
812,19670000000b0010000000020434d74033:196700000006001000000002|196800000006000400000002:,196800000007000404c694441d
214,06b70000000b00100000000204cbfb3fce:06b700000006001000000002|06b800000006000400000002:,06b80000000700040411214225
931,1d1f0000000b0010000000020434d7403b:1d1f00000006001000000002|1d2000000006000400000002:,1d200000000700040465b54452
198,06370000000b00100000000204147b3fc6:063700000006001000000002|063800000006000400000002:,0638000000070004041c59420d
29,00ef0000000b001000000002045fd9bdf6:00ef00000006001000000002|00f000000006000400000002:,00f0000000070004040fcf3f42
777,184f0000000b00100000000204cccd4030:184f00000006001000000002|185000000006000400000002:,185000000007000404b0c54410
885,1baf0000000b0010000000020439584038:1baf00000006001000000002|1bb000000006000400000002:,1bb000000007000404fd93443c
674,15170000000b0010000000020420c54028:151700000006001000000002|151800000006000400000002:,151800000007000404d25443d3
940,1d670000000b00100000000204c1be403b:1d6700000006001000000002|1d6800000006000400000002:,1d68000000070004049ae94456
1019,1fdf0000000b00100000000204cb92403f:1fdf00000006001000000002|1fe000000006000400000002:,1fe0000000070004042a274478
248,07c70000000b00100000000204dc5d3fde:07c700000006001000000002|07c800000006000400000002:,07c8000000070004045fb1425c
481,0f0f0000000b00100000000204779a4014:0f0f00000006001000000002|0f1000000006000400000002:,0f1000000007000404d5564350
739,171f0000000b00100000000204b3d0402d:171f00000006001000000002|172000000006000400000002:,1720000000070004046e754401
893,1bef0000000b00100000000204bfb14038:1bef00000006001000000002|1bf000000006000400000002:,1bf00000000700040497c24440
280,08c70000000b0010000000020498c83feb:08c700000006001000000002|08c800000006000400000002:,08c8000000070004048eb8428a
917,1caf0000000b00100000000204680a403a:1caf00000006001000000002|1cb000000006000400000002:,1cb0000000070004046d89444c
240,07870000000b00100000000204ac713fdb:078700000006001000000002|078800000006000400000002:,078800000007000404181f4250
742,17370000000b00100000000204075f402e:173700000006001000000002|173800000006000400000002:,173800000007000404f5de4402
581,122f0000000b001000000002044880401f:122f00000006001000000002|123000000006000400000002:,12300000000700040416a3439a
94,02f70000000b00100000000204d97f3f6d:02f700000006001000000002|02f800000006000400000002:,02f800000007000404e6714107
91,02df0000000b00100000000204e9793f66:02df00000006001000000002|02e000000006000400000002:,02e0000000070004045bb940ff
855,1abf0000000b001000000002045fd94036:1abf00000006001000000002|1ac000000006000400000002:,1ac000000007000404d2d44430
444,0de70000000b001000000002040b784010:0de700000006001000000002|0de800000006000400000002:,0de8000000070004041d644332
689,158f0000000b0010000000020442c44029:158f00000006001000000002|159000000006000400000002:,159000000007000404a1fd43dc
603,12df0000000b00100000000204566d4021:12df00000006001000000002|12e000000006000400000002:,12e000000007000404e8b743a5
372,0ba70000000b001000000002041cac4006:0ba700000006001000000002|0ba800000006000400000002:,0ba800000007000404308c42f9
920,1cc70000000b0010000000020495ea403a:1cc700000006001000000002|1cc800000006000400000002:,1cc800000007000404c00a444d
585,124f0000000b00100000000204b98c401f:124f00000006001000000002|125000000006000400000002:,1250000000070004048e5c439c
756,17a70000000b001000000002044bc7402f:17a700000006001000000002|17a800000006000400000002:,17a80000000700040411bc4409
659,149f0000000b001000000002049c784026:149f00000006001000000002|14a000000006000400000002:,14a000000007000404926743c8
208,06870000000b00100000000204573f3fcb:068700000006001000000002|068800000006000400000002:,0688000000070004041e02421b
17,008f0000000b001000000002043c9fbf1c:008f00000006001000000002|009000000006000400000002:,00900000000700040430493e7b
734,16f70000000b0010000000020466cf402d:16f700000006001000000002|16f800000006000400000002:,16f80000000700040409d14400
123,03df0000000b001000000002042b6b3f96:03df00000006001000000002|03e000000006000400000002:,03e0000000070004046855416e
1007,1f7f0000000b001000000002042618403f:1f7f00000006001000000002|1f8000000006000400000002:,1f800000000700040475c14472
518,10370000000b00100000000204d4fe4018:103700000006001000000002|103800000006000400000002:,10380000000700040457d44374
714,16570000000b00100000000204a5e3402b:165700000006001000000002|165800000006000400000002:,1658000000070004046b7143f0
671,14ff0000000b00100000000204be774027:14ff00000006001000000002|150000000006000400000002:,150000000007000404ea4b43d0
686,15770000000b00100000000204f9094028:157700000006001000000002|157800000006000400000002:,1578000000070004045bc343da
425,0d4f0000000b00100000000204b08a400d:0d4f00000006001000000002|0d5000000006000400000002:,0d5000000007000404a4de4323
99,031f0000000b00100000000204c84b3f77:031f00000006001000000002|032000000006000400000002:,03200000000700040499b34114
304,09870000000b0010000000020456d63ff4:098700000006001000000002|098800000006000400000002:,09880000000700040427a742a2
74,02570000000b0010000000020473193f37:025700000006001000000002|025800000006000400000002:,025800000007000404a0f740a6
199,063f0000000b00100000000204dc5d3fc6:063f00000006001000000002|064000000006000400000002:,0640000000070004041b52420f
449,0e0f0000000b00100000000204c7e34010:0e0f00000006001000000002|0e1000000006000400000002:,0e1000000007000404e4f34336
512,10070000000b0010000000020451ec4018:100700000006001000000002|100800000006000400000002:,100800000007000404e228436f
163,051f0000000b001000000002041ff33fb2:051f00000006001000000002|052000000006000400000002:,05200000000700040419ff41c5
294,09370000000b001000000002045b573ff1:093700000006001000000002|093800000006000400000002:,093800000007000404af3a4299
639,13ff0000000b00100000000204d35b4024:13ff00000006001000000002|140000000006000400000002:,140000000007000404178943bc
223,06ff0000000b001000000002042ca53fd3:06ff00000006001000000002|070000000006000400000002:,07000000000700040497564232
683,155f0000000b00100000000204b4394028:155f00000006001000000002|156000000006000400000002:,15600000000700040441c743d8
307,099f0000000b001000000002043f7d3ff5:099f00000006001000000002|09a000000006000400000002:,09a000000007000404d3e142a4
688,15870000000b00100000000204205c4029:158700000006001000000002|158800000006000400000002:,158800000007000404918d43db
391,0c3f0000000b001000000002042f1b4009:0c3f00000006001000000002|0c4000000006000400000002:,0c400000000700040427c8430b
27,00df0000000b001000000002040000be40:00df00000006001000000002|00e000000006000400000002:,00e0000000070004043de03f26
30,00f70000000b00100000000204cfabbdd5:00f700000006001000000002|00f800000006000400000002:,00f8000000070004044c593f49
956,1de70000000b0010000000020484b6403c:1de700000006001000000002|1de800000006000400000002:,1de800000007000404911b445c
654,14770000000b0010000000020429c74026:147700000006001000000002|147800000006000400000002:,1478000000070004045d6943c5
937,1d4f0000000b0010000000020498c8403b:1d4f00000006001000000002|1d5000000006000400000002:,1d50000000070004045f924455
226,07170000000b0010000000020414e43fd5:071700000006001000000002|071800000006000400000002:,071800000007000404d31f4238
733,16ef0000000b001000000002044fdf402d:16ef00000006001000000002|16f000000006000400000002:,16f00000000700040440a043ff
677,152f0000000b0010000000020446744028:152f00000006001000000002|153000000006000400000002:,153000000007000404f24243d4
334,0a770000000b0010000000020409d54000:0a7700000006001000000002|0a7800000006000400000002:,0a780000000700040446ce42c8
905,1c4f0000000b0010000000020487944039:1c4f00000006001000000002|1c5000000006000400000002:,1c500000000700040414694446
697,15cf0000000b001000000002042196402a:15cf00000006001000000002|15d000000006000400000002:,15d000000007000404a6b343e3
158,04f70000000b00100000000204b15b3faf:04f700000006001000000002|04f800000006000400000002:,04f800000007000404aa1541bc
274,08970000000b00100000000204fbe73fe9:089700000006001000000002|089800000006000400000002:,08980000000700040498674286
127,03ff0000000b0010000000020429c73f9a:03ff00000006001000000002|040000000006000400000002:,04000000000700040415224180
932,1d270000000b0010000000020441f2403b:1d2700000006001000000002|1d2800000006000400000002:,1d2800000007000404c9034452
423,0d3f0000000b00100000000204930c400d:0d3f00000006001000000002|0d4000000006000400000002:,0d4000000007000404f7994322
650,14570000000b00100000000204c77a4025:145700000006001000000002|145800000006000400000002:,145800000007000404a83443c2
237,076f0000000b001000000002047efa3fda:076f00000006001000000002|077000000006000400000002:,077000000007000404bb7d424b
204,06670000000b001000000002040cb33fc9:066700000006001000000002|066800000006000400000002:,066800000007000404da964214
1,000f0000000b001000000002045bc0c018:000f00000006001000000002|001000000006000400000002:,00100000000700040469433b88
152,04c70000000b001000000002046a7f3fac:04c700000006001000000002|04c800000006000400000002:,04c800000007000404dd6541b1
467,0e9f0000000b00100000000204bd3c4012:0e9f00000006001000000002|0ea000000006000400000002:,0ea0000000070004043ee04344
572,11e70000000b001000000002046666401e:11e700000006001000000002|11e800000006000400000002:,11e80000000700040444e34395
133,042f0000000b00100000000204346e3fa0:042f00000006001000000002|043000000006000400000002:,043000000007000404c996418e
23,00bf0000000b001000000002047efabeaa:00bf00000006001000000002|00c000000006000400000002:,00c000000007000404d4f13eed
13,006f0000000b00100000000204a4a9bf4e:006f00000006001000000002|007000000006000400000002:,0070000000070004049fe83e1f
62,01f70000000b001000000002044dd33f12:01f700000006001000000002|01f800000006000400000002:,01f8000000070004049af1406e
377,0bcf0000000b00100000000204b50b4006:0bcf00000006001000000002|0bd000000006000400000002:,0bd000000007000404955a42fe
632,13c70000000b0010000000020446744024:13c700000006001000000002|13c800000006000400000002:,13c800000007000404676a43b8
122,03d70000000b00100000000204779a3f94:03d700000006001000000002|03d800000006000400000002:,03d80000000700040437924167
460,0e670000000b001000000002043a2a4012:0e6700000006001000000002|0e6800000006000400000002:,0e6800000007000404a9ef4340
672,15070000000b00100000000204ced94027:150700000006001000000002|150800000006000400000002:,150800000007000404659643d1
32,01070000000b00100000000204acda3c7a:010700000006001000000002|010800000006000400000002:,01080000000700040496fa3f84
440,0dc70000000b0010000000020481d8400f:0dc700000006001000000002|0dc800000006000400000002:,0dc800000007000404b3f2432e
969,1e4f0000000b001000000002042a30403d:1e4f00000006001000000002|1e5000000006000400000002:,1e5000000007000404c1a34461
452,0e270000000b0010000000020451834011:0e2700000006001000000002|0e2800000006000400000002:,0e28000000070004047759433a
505,0fcf0000000b001000000002046e2f4017:0fcf00000006001000000002|0fd000000006000400000002:,0fd00000000700040453c54368
1023,1fff0000000b00100000000204fcb9403f:1fff00000006001000000002|200000000006000400000002:,200000000007000404e2884479
436,0da70000000b001000000002042618400f:0da700000006001000000002|0da800000006000400000002:,0da80000000700040476f3432c
267,085f0000000b0010000000020486c23fe7:085f00000006001000000002|086000000006000400000002:,086000000007000404c6494280
38,01370000000b0010000000020463203e2e:013700000006001000000002|013800000006000400000002:,01380000000700040474eb3fbd
678,15370000000b001000000002045a1d4028:153700000006001000000002|153800000006000400000002:,153800000007000404891b43d5
775,183f0000000b00100000000204b4394030:183f00000006001000000002|184000000006000400000002:,184000000007000404310b4410
993,1f0f0000000b00100000000204617c403e:1f0f00000006001000000002|1f1000000006000400000002:,1f1000000007000404da2a446b
795,18df0000000b001000000002040f914032:18df00000006001000000002|18e000000006000400000002:,18e00000000700040467ab4417
210,06970000000b00100000000204e0763fcc:069700000006001000000002|069800000006000400000002:,069800000007000404768a421f
584,12470000000b0010000000020498c8401f:124700000006001000000002|124800000006000400000002:,124800000007000404d63b439b
804,19270000000b001000000002049e1b4032:192700000006001000000002|192800000006000400000002:,19280000000700040477f2441a
176,05870000000b00100000000204c0833fba:058700000006001000000002|058800000006000400000002:,058800000007000404311d41e6
421,0d2f0000000b0010000000020447ae400d:0d2f00000006001000000002|0d3000000006000400000002:,0d300000000700040440094321
285,08ef0000000b0010000000020477323fed:08ef00000006001000000002|08f000000006000400000002:,08f0000000070004044b71428f
792,18c70000000b00100000000204d14e4031:18c700000006001000000002|18c800000006000400000002:,18c80000000700040416004416
485,0f2f0000000b00100000000204dd2f4014:0f2f00000006001000000002|0f3000000006000400000002:,0f3000000007000404d60d4353
828,19e70000000b00100000000204b4394034:19e700000006001000000002|19e800000006000400000002:,19e80000000700040482874426
774,18370000000b00100000000204af4f4030:183700000006001000000002|183800000006000400000002:,18380000000700040417904410
664,14c70000000b0010000000020405534027:14c700000006001000000002|14c800000006000400000002:,14c8000000070004048ca843cb
807,193f0000000b00100000000204cf424032:193f00000006001000000002|194000000006000400000002:,1940000000070004048a0f441b
149,04af0000000b001000000002043d083fab:04af00000006001000000002|04b000000006000400000002:,04b00000000700040422f641ae
801,190f0000000b0010000000020476c94032:190f00000006001000000002|191000000006000400000002:,1910000000070004049e074419
811,195f0000000b001000000002041c434033:195f00000006001000000002|196000000006000400000002:,1960000000070004043b4d441d
25,00cf0000000b001000000002043afbbe90:00cf00000006001000000002|00d000000006000400000002:,00d000000007000404d36a3f05
653,146f0000000b00100000000204075f4026:146f00000006001000000002|147000000006000400000002:,14700000000700040469b443c4
459,0e5f0000000b00100000000204233a4012:0e5f00000006001000000002|0e6000000006000400000002:,0e60000000070004040b2f4340
217,06cf0000000b001000000002041d7e3fd0:06cf00000006001000000002|06d000000006000400000002:,06d000000007000404074e4229
612,13270000000b0010000000020448e94022:132700000006001000000002|132800000006000400000002:,132800000007000404a91243ab
367,0b7f0000000b0010000000020478d54005:0b7f00000006001000000002|0b8000000006000400000002:,0b8000000007000404847242f3
704,16070000000b00100000000204c3ca402a:160700000006001000000002|160800000006000400000002:,160800000007000404e67d43e8
370,0b970000000b00100000000204e00d4005:0b9700000006001000000002|0b9800000006000400000002:,0b9800000007000404135e42f7
613,132f0000000b0010000000020471de4022:132f00000006001000000002|133000000006000400000002:,133000000007000404a6be43ac
759,17bf0000000b0010000000020493de402f:17bf00000006001000000002|17c000000006000400000002:,17c000000007000404770c440a
915,1c9f0000000b00100000000204594b403a:1c9f00000006001000000002|1ca000000006000400000002:,1ca0000000070004040132444c
477,0eef0000000b001000000002041a374014:0eef00000006001000000002|0ef000000006000400000002:,0ef0000000070004041c4b434e
90,02d70000000b0010000000020494af3f65:02d700000006001000000002|02d800000006000400000002:,02d80000000700040451ab40fc
181,05af0000000b00100000000204f3b63fbd:05af00000006001000000002|05b000000006000400000002:,05b000000007000404d4e441f3
982,1eb70000000b00100000000204c91d403d:1eb700000006001000000002|1eb800000006000400000002:,1eb800000007000404dafb4466
640,14070000000b00100000000204ebee4024:140700000006001000000002|140800000006000400000002:,140800000007000404be2043bc
655,147f0000000b0010000000020443fe4026:147f00000006001000000002|148000000006000400000002:,14800000000700040417ea43c6
772,18270000000b00100000000204816f4030:182700000006001000000002|182800000006000400000002:,1828000000070004042a81440f
448,0e070000000b00100000000204af4f4010:0e0700000006001000000002|0e0800000006000400000002:,0e080000000700040443804336
54,01b70000000b00100000000204e8a73ee8:01b700000006001000000002|01b800000006000400000002:,01b8000000070004046c554036
131,041f0000000b001000000002047a783f9d:041f00000006001000000002|042000000006000400000002:,042000000007000404f40f4187
394,0c570000000b0010000000020470a44009:0c5700000006001000000002|0c5800000006000400000002:,0c58000000070004047169430c
9,004f0000000b00100000000204bee0bf8e:004f00000006001000000002|005000000006000400000002:,00500000000700040415513d9d
606,12f70000000b00100000000204a5124021:12f700000006001000000002|12f800000006000400000002:,12f800000007000404c0c143a7
271,087f0000000b001000000002040cb33fe9:087f00000006001000000002|088000000006000400000002:,0880000000070004045a154284
360,0b470000000b0010000000020437b54004:0b4700000006001000000002|0b4800000006000400000002:,0b4800000007000404c58c42e8
916,1ca70000000b001000000002045fd9403a:1ca700000006001000000002|1ca800000006000400000002:,1ca8000000070004043155444c
489,0f4f0000000b001000000002046a164015:0f4f00000006001000000002|0f5000000006000400000002:,0f5000000007000404129f4358
242,07970000000b0010000000020432613fdd:079700000006001000000002|079800000006000400000002:,079800000007000404dffd4255
268,08670000000b001000000002041a373fe8:086700000006001000000002|086800000006000400000002:,0868000000070004041da64282
320,0a070000000b001000000002046b513ffa:0a0700000006001000000002|0a0800000006000400000002:,0a0800000007000404e57c42b4
107,035f0000000b00100000000204de013f82:035f00000006001000000002|036000000006000400000002:,03600000000700040478124128
263,083f0000000b00100000000204bfb13fe4:083f00000006001000000002|084000000006000400000002:,084000000007000404ff1d4274
631,13bf0000000b00100000000204346e4024:13bf00000006001000000002|13c000000006000400000002:,13c000000007000404effd43b7
693,15af0000000b00100000000204bf484029:15af00000006001000000002|15b000000006000400000002:,15b000000007000404871743e0
135,043f0000000b0010000000020430553fa2:043f00000006001000000002|044000000006000400000002:,044000000007000404f9bf4193
388,0c270000000b001000000002045d644008:0c2700000006001000000002|0c2800000006000400000002:,0c28000000070004041d2b4307
111,037f0000000b00100000000204dfa43f86:037f00000006001000000002|038000000006000400000002:,0380000000070004040f154135
488,0f470000000b0010000000020447ae4015:0f4700000006001000000002|0f4800000006000400000002:,0f480000000700040407d04357
703,15ff0000000b00100000000204b50b402a:15ff00000006001000000002|160000000006000400000002:,1600000000070004046b0f43e8
537,10cf0000000b00100000000204bb99401a:10cf00000006001000000002|10d000000006000400000002:,10d000000007000404d19d4382
82,02970000000b00100000000204f27c3f50:029700000006001000000002|029800000006000400000002:,029800000007000404948040d1
265,084f0000000b0010000000020452bd3fe6:084f00000006001000000002|085000000006000400000002:,08500000000700040408d2427c
85,02af0000000b00100000000204c84b3f57:02af00000006001000000002|02b000000006000400000002:,02b000000007000404de8140de
230,07370000000b0010000000020483e43fd6:073700000006001000000002|073800000006000400000002:,073800000007000404a734423d
228,07270000000b00100000000204844d3fd5:072700000006001000000002|072800000006000400000002:,07280000000700040446fe423a
528,10870000000b00100000000204e69b4019:108700000006001000000002|108800000006000400000002:,108800000007000404ebfc437d
562,11970000000b001000000002046388401d:119700000006001000000002|119800000006000400000002:,119800000007000404efa8438f
419,0d1f0000000b001000000002040625400d:0d1f00000006001000000002|0d2000000006000400000002:,0d2000000007000404c591431f
365,0b6f0000000b00100000000204fc504004:0b6f00000006001000000002|0b7000000006000400000002:,0b70000000070004044b0342ef
826,19d70000000b00100000000204816f4034:19d700000006001000000002|19d800000006000400000002:,19d800000007000404535a4425
354,0b170000000b00100000000204a29c4003:0b1700000006001000000002|0b1800000006000400000002:,0b1800000007000404f1e442e3
136,04470000000b0010000000020475253fa2:044700000006001000000002|044800000006000400000002:,044800000007000404b15c4194
445,0def0000000b0010000000020432ca4010:0def00000006001000000002|0df000000006000400000002:,0df0000000070004041a104333
247,07bf0000000b00100000000204809d3fde:07bf00000006001000000002|07c000000006000400000002:,07c000000007000404f522425a
509,0fef0000000b00100000000204df3b4017:0fef00000006001000000002|0ff000000006000400000002:,0ff0000000070004040c39436c
244,07a70000000b00100000000204bf483fdd:07a700000006001000000002|07a800000006000400000002:,07a80000000700040400cb4258
682,15570000000b001000000002049a024028:155700000006001000000002|155800000006000400000002:,155800000007000404762b43d7
438,0db70000000b0010000000020441f2400f:0db700000006001000000002|0db800000006000400000002:,0db800000007000404241c432d
437,0daf0000000b001000000002042fec400f:0daf00000006001000000002|0db000000006000400000002:,0db000000007000404b3fb432c
277,08af0000000b00100000000204e7d53fea:08af00000006001000000002|08b000000006000400000002:,08b000000007000404d8684288
732,16e70000000b0010000000020447ae402d:16e700000006001000000002|16e800000006000400000002:,16e800000007000404f57343fe
344,0ac70000000b00100000000204b3d04001:0ac700000006001000000002|0ac800000006000400000002:,0ac800000007000404a1f142d4
883,1b9f0000000b0010000000020412064038:1b9f00000006001000000002|1ba000000006000400000002:,1ba000000007000404f2f3443b
881,1b8f0000000b00100000000204fcb94037:1b8f00000006001000000002|1b9000000006000400000002:,1b90000000070004046321443b
433,0d8f0000000b00100000000204cd9f400e:0d8f00000006001000000002|0d9000000006000400000002:,0d90000000070004045560432a
326,0a370000000b0010000000020404813ffd:0a3700000006001000000002|0a3800000006000400000002:,0a38000000070004048d7d42bd
1012,1fa70000000b001000000002046e2f403f:1fa700000006001000000002|1fa800000006000400000002:,1fa800000007000404edcd4474
781,186f0000000b001000000002040ff94031:186f00000006001000000002|187000000006000400000002:,187000000007000404101b4412
28,00e70000000b001000000002043c9fbe2c:00e700000006001000000002|00e800000006000400000002:,00e800000007000404cbcb3f2d
118,03b70000000b0010000000020413a93f90:03b700000006001000000002|03b800000006000400000002:,03b800000007000404a88c4155
625,138f0000000b00100000000204d07d4023:138f00000006001000000002|139000000006000400000002:,1390000000070004045f3a43b5
125,03ef0000000b00100000000204e9103f97:03ef00000006001000000002|03f000000006000400000002:,03f000000007000404fdce4175
116,03a70000000b00100000000204a2343f8c:03a700000006001000000002|03a800000006000400000002:,03a800000007000404d3794148
782,18770000000b00100000000204288d4031:187700000006001000000002|187800000006000400000002:,187800000007000404917d4412
53,01af0000000b0010000000020422d13edb:01af00000006001000000002|01b000000006000400000002:,01b000000007000404777e402b
170,05570000000b00100000000204b1c43fb6:055700000006001000000002|055800000006000400000002:,055800000007000404fd0041d5
660,14a70000000b00100000000204b8524026:14a700000006001000000002|14a800000006000400000002:,14a8000000070004045bc943c9
342,0ab70000000b00100000000204652c4001:0ab700000006001000000002|0ab800000006000400000002:,0ab8000000070004044bab42d2
80,02870000000b001000000002043d083f4b:028700000006001000000002|028800000006000400000002:,028800000007000404171b40c7
312,09c70000000b001000000002047cee3ff7:09c700000006001000000002|09c800000006000400000002:,09c8000000070004049ae342ab
503,0fbf0000000b0010000000020443964017:0fbf00000006001000000002|0fc000000006000400000002:,0fc000000007000404f0c54366
779,185f0000000b00100000000204f5c34030:185f00000006001000000002|186000000006000400000002:,186000000007000404869f4411
442,0dd70000000b00100000000204c84b400f:0dd700000006001000000002|0dd800000006000400000002:,0dd80000000700040470f04330
980,1ea70000000b00100000000204a6b5403d:1ea700000006001000000002|1ea800000006000400000002:,1ea800000007000404bde54465
1003,1f5f0000000b00100000000204ecc0403e:1f5f00000006001000000002|1f6000000006000400000002:,1f6000000007000404838a4470
145,048f0000000b00100000000204ded33fa8:048f00000006001000000002|049000000006000400000002:,049000000007000404dfe241a6
113,038f0000000b0010000000020402753f8a:038f00000006001000000002|039000000006000400000002:,0390000000070004049111413f
712,16470000000b001000000002048034402b:164700000006001000000002|164800000006000400000002:,164800000007000404265543ef
723,169f0000000b0010000000020489a0402c:169f00000006001000000002|16a000000006000400000002:,16a0000000070004043d2e43f8
262,08370000000b00100000000204fb163fe3:083700000006001000000002|083800000006000400000002:,083800000007000404a2954271
45,016f0000000b00100000000204f62b3e97:016f00000006001000000002|017000000006000400000002:,01700000000700040484c83ffd
78,02770000000b0010000000020431903f47:027700000006001000000002|027800000006000400000002:,027800000007000404fa3340bf
300,09670000000b0010000000020405533ff3:096700000006001000000002|096800000006000400000002:,0968000000070004045ab5429e
483,0f1f0000000b00100000000204af4f4014:0f1f00000006001000000002|0f2000000006000400000002:,0f200000000700040479894352
1014,1fb70000000b00100000000204923a403f:1fb700000006001000000002|1fb800000006000400000002:,1fb8000000070004042c384476
567,11bf0000000b00100000000204f3b6401d:11bf00000006001000000002|11c000000006000400000002:,11c000000007000404e1e84392
266,08570000000b00100000000204c56d3fe6:085700000006001000000002|085800000006000400000002:,08580000000700040412e5427e
938,1d570000000b00100000000204ae14403b:1d5700000006001000000002|1d5800000006000400000002:,1d5800000007000404034f4456
373,0baf0000000b0010000000020429c74006:0baf00000006001000000002|0bb000000006000400000002:,0bb000000007000404a62a42f9
144,04870000000b001000000002049a023fa8:048700000006001000000002|048800000006000400000002:,04880000000700040411cc41a6
6,00370000000b00100000000204fd8bbfc5:003700000006001000000002|003800000006000400000002:,00380000000700040496e43ce8
339,0a9f0000000b0010000000020404814001:0a9f00000006001000000002|0aa000000006000400000002:,0aa000000007000404753a42cf
907,1c5f0000000b00100000000204c28f4039:1c5f00000006001000000002|1c6000000006000400000002:,1c6000000007000404ba7f4447
670,14f70000000b001000000002049f564027:14f700000006001000000002|14f800000006000400000002:,14f80000000700040400d243d0
668,14e70000000b001000000002046e2f4027:14e700000006001000000002|14e800000006000400000002:,14e800000007000404924643ce
492,0f670000000b00100000000204cfab4015:0f6700000006001000000002|0f6800000006000400000002:,0f68000000070004042df5435b
337,0a8f0000000b0010000000020483124000:0a8f00000006001000000002|0a9000000006000400000002:,0a9000000007000404b7dc42cb
854,1ab70000000b00100000000204425b4036:1ab700000006001000000002|1ab800000006000400000002:,1ab80000000700040417994430
309,09af0000000b00100000000204f3b63ff5:09af00000006001000000002|09b000000006000400000002:,09b000000007000404eda342a6
615,133f0000000b001000000002049c784022:133f00000006001000000002|134000000006000400000002:,134000000007000404b02a43ad
1004,1f670000000b001000000002040553403f:1f6700000006001000000002|1f6800000006000400000002:,1f6800000007000404588f4471
115,039f0000000b00100000000204e4263f8b:039f00000006001000000002|03a000000006000400000002:,03a00000000700040429704146
328,0a470000000b00100000000204d97f3ffd:0a4700000006001000000002|0a4800000006000400000002:,0a4800000007000404693b42c0
994,1f170000000b0010000000020469ad403e:1f1700000006001000000002|1f1800000006000400000002:,1f18000000070004041fbc446c
816,19870000000b00100000000204a29c4033:198700000006001000000002|198800000006000400000002:,1988000000070004043a854420
744,17470000000b00100000000204339c402e:174700000006001000000002|174800000006000400000002:,174800000007000404c6f24403
39,013f0000000b00100000000204d4fe3e38:013f00000006001000000002|014000000006000400000002:,014000000007000404f5823fc1
34,01170000000b00100000000204d14e3d11:011700000006001000000002|011800000006000400000002:,011800000007000404ef393f8a
927,1cff0000000b00100000000204fd22403a:1cff00000006001000000002|1d0000000006000400000002:,1d0000000007000404c1a94450
103,033f0000000b00100000000204353f3f7e:033f00000006001000000002|034000000006000400000002:,0340000000070004047119411d
892,1be70000000b00100000000204a2344038:1be700000006001000000002|1be800000006000400000002:,1be800000007000404cbd6443f
329,0a4f0000000b00100000000204147b3ffe:0a4f00000006001000000002|0a5000000006000400000002:,0a500000000700040435cf42c1
754,17970000000b001000000002041f8a402f:179700000006001000000002|179800000006000400000002:,17980000000700040438424408
918,1cb70000000b0010000000020471de403a:1cb700000006001000000002|1cb800000006000400000002:,1cb800000007000404b5e1444c
143,047f0000000b00100000000204b15b3fa7:047f00000006001000000002|048000000006000400000002:,048000000007000404606b41a3
833,1a0f0000000b00100000000204f5c34034:1a0f00000006001000000002|1a1000000006000400000002:,1a10000000070004040cf54428
206,06770000000b0010000000020443fe3fca:067700000006001000000002|067800000006000400000002:,06780000000700040425524218
755,179f0000000b00100000000204381d402f:179f00000006001000000002|17a000000006000400000002:,17a000000007000404b0e44408
330,0a570000000b001000000002046cf43ffe:0a5700000006001000000002|0a5800000006000400000002:,0a58000000070004046a4642c2
484,0f270000000b00100000000204c7e34014:0f2700000006001000000002|0f2800000006000400000002:,0f280000000700040433fa4353
999,1f3f0000000b00100000000204b9f5403e:1f3f00000006001000000002|1f4000000006000400000002:,1f4000000007000404cd98446e
1015,1fbf0000000b001000000002049c0f403f:1fbf00000006001000000002|1fc000000006000400000002:,1fc000000007000404835d4476
889,1bcf0000000b00100000000204779a4038:1bcf00000006001000000002|1bd000000006000400000002:,1bd000000007000404a6be443e
399,0c7f0000000b00100000000204594b400a:0c7f00000006001000000002|0c8000000006000400000002:,0c80000000070004041c624311
745,174f0000000b00100000000204680a402e:174f00000006001000000002|175000000006000400000002:,175000000007000404c0714404
762,17d70000000b00100000000204bb30402f:17d700000006001000000002|17d800000006000400000002:,17d8000000070004043b79440b
0,00070000000b00100000000204624ec02c:000700000006001000000002|000800000006000400000002:,000800000007000404bbba3b04
721,168f0000000b00100000000204538f402c:168f00000006001000000002|169000000006000400000002:,1690000000070004045c2343f6
986,1ed70000000b001000000002040ded403e:1ed700000006001000000002|1ed800000006000400000002:,1ed80000000700040419494469
429,0d6f0000000b00100000000204594b400e:0d6f00000006001000000002|0d7000000006000400000002:,0d7000000007000404924b4327
288,09070000000b0010000000020441f23fef:090700000006001000000002|090800000006000400000002:,090800000007000404fd3e4293
474,0ed70000000b00100000000204c01a4013:0ed700000006001000000002|0ed800000006000400000002:,0ed8000000070004048442434b
215,06bf0000000b00100000000204c5053fcf:06bf00000006001000000002|06c000000006000400000002:,06c000000007000404fb204227
724,16a70000000b001000000002049ba6402c:16a700000006001000000002|16a800000006000400000002:,16a800000007000404de5a43f8
184,05c70000000b00100000000204ecc03fbe:05c700000006001000000002|05c800000006000400000002:,05c80000000700040422da41f8
363,0b5f0000000b00100000000204c63f4004:0b5f00000006001000000002|0b6000000006000400000002:,0b60000000070004047b4e42ed
500,0fa70000000b00100000000204e1484016:0fa700000006001000000002|0fa800000006000400000002:,0fa800000007000404c59c4363
700,15e70000000b001000000002046666402a:15e700000006001000000002|15e800000006000400000002:,15e800000007000404dd0f43e5
7,003f0000000b001000000002047660bfaf:003f00000006001000000002|004000000006000400000002:,00400000000700040467c83d2e
504,0fc70000000b0010000000020458e24017:0fc700000006001000000002|0fc800000006000400000002:,0fc800000007000404a1fd4367
179,059f0000000b00100000000204dd2f3fbc:059f00000006001000000002|05a000000006000400000002:,05a0000000070004041b1141ef
98,03170000000b00100000000204aee63f75:031700000006001000000002|031800000006000400000002:,031800000007000404d22b4111
874,1b570000000b00100000000204b7e94037:1b5700000006001000000002|1b5800000006000400000002:,1b580000000700040495734439
431,0d7f0000000b001000000002048f5c400e:0d7f00000006001000000002|0d8000000006000400000002:,0d8000000007000404d97e4328
783,187f0000000b001000000002043dd94031:187f00000006001000000002|188000000006000400000002:,18800000000700040401f64413
764,17e70000000b00100000000204dd98402f:17e700000006001000000002|17e800000006000400000002:,17e800000007000404e840440b
544,11070000000b0010000000020479a7401b:110700000006001000000002|110800000006000400000002:,1108000000070004045c2d4386
624,13870000000b00100000000204c3614023:138700000006001000000002|138800000006000400000002:,13880000000700040409c243b5
840,1a470000000b0010000000020463884035:1a4700000006001000000002|1a4800000006000400000002:,1a4800000007000404a9cb442a
472,0ec70000000b001000000002049a6b4013:0ec700000006001000000002|0ec800000006000400000002:,0ec8000000070004047114434a
875,1b5f0000000b00100000000204d07d4037:1b5f00000006001000000002|1b6000000006000400000002:,1b600000000700040439d7443a
250,07d70000000b00100000000204b4a23fdf:07d700000006001000000002|07d800000006000400000002:,07d800000007000404bf9b425f
298,09570000000b00100000000204b6ae3ff2:095700000006001000000002|095800000006000400000002:,0958000000070004047b4e429d
728,16c70000000b00100000000204e560402c:16c700000006001000000002|16c800000006000400000002:,16c80000000700040475ed43fb
384,0c070000000b001000000002049db24007:0c0700000006001000000002|0c0800000006000400000002:,0c080000000700040485bf4303
64,02070000000b001000000002043c363f1d:020700000006001000000002|020800000006000400000002:,020800000007000404a0e64083
563,119f0000000b001000000002048937401d:119f00000006001000000002|11a000000006000400000002:,11a000000007000404b3544390
150,04b70000000b00100000000204afb83fab:04b700000006001000000002|04b800000006000400000002:,04b8000000070004048bad41af
628,13a70000000b00100000000204fb164023:13a700000006001000000002|13a800000006000400000002:,13a800000007000404760843b6
609,130f0000000b0010000000020411344022:130f00000006001000000002|131000000006000400000002:,131000000007000404525c43aa
554,11570000000b001000000002047ae1401c:115700000006001000000002|115800000006000400000002:,1158000000070004044e58438b
401,0c8f0000000b001000000002049ad4400a:0c8f00000006001000000002|0c9000000006000400000002:,0c9000000007000404741f4312
771,181f0000000b001000000002046f694030:181f00000006001000000002|182000000006000400000002:,182000000007000404cdc9440e
316,09e70000000b00100000000204d8453ff8:09e700000006001000000002|09e800000006000400000002:,09e800000007000404d85142af
1001,1f4f0000000b00100000000204d0e5403e:1f4f00000006001000000002|1f5000000006000400000002:,1f500000000700040492f8446f
297,094f0000000b001000000002045e353ff2:094f00000006001000000002|095000000006000400000002:,0950000000070004048171429c
495,0f7f0000000b0010000000020426814016:0f7f00000006001000000002|0f8000000006000400000002:,0f8000000007000404deee435d
884,1ba70000000b001000000002041bda4038:1ba700000006001000000002|1ba800000006000400000002:,1ba8000000070004043576443c
292,09270000000b00100000000204b4393ff0:092700000006001000000002|092800000006000400000002:,092800000007000404e3eb4297
319,09ff0000000b0010000000020419653ffa:09ff00000006001000000002|0a0000000006000400000002:,0a0000000007000404dbad42b3
231,073f0000000b001000000002046fd23fd7:073f00000006001000000002|074000000006000400000002:,074000000007000404d2d14240
364,0b670000000b00100000000204d6a14004:0b6700000006001000000002|0b6800000006000400000002:,0b6800000007000404076d42ee
26,00d70000000b00100000000204a858be75:00d700000006001000000002|00d800000006000400000002:,00d80000000700040458b73f13
171,055f0000000b0010000000020431903fb7:055f00000006001000000002|056000000006000400000002:,056000000007000404eb2a41d7
643,141f0000000b00100000000204288d4025:141f00000006001000000002|142000000006000400000002:,1420000000070004045b8943be
533,10af0000000b00100000000204617c401a:10af00000006001000000002|10b000000006000400000002:,10b0000000070004042c2a4381
551,113f0000000b001000000002041bda401c:113f00000006001000000002|114000000006000400000002:,114000000007000404753f4389
454,0e370000000b0010000000020477324011:0e3700000006001000000002|0e3800000006000400000002:,0e380000000700040474d0433b
556,11670000000b00100000000204d6a1401c:116700000006001000000002|116800000006000400000002:,1168000000070004041d2d438d
507,0fdf0000000b00100000000204aace4017:0fdf00000006001000000002|0fe000000006000400000002:,0fe00000000700040450a5436a
587,125f0000000b00100000000204d3c3401f:125f00000006001000000002|126000000006000400000002:,1260000000070004042248439d
385,0c0f0000000b00100000000204d3c34007:0c0f00000006001000000002|0c1000000006000400000002:,0c1000000007000404868f4304
913,1c8f0000000b001000000002042d0e403a:1c8f00000006001000000002|1c9000000006000400000002:,1c9000000007000404bd7f444a
961,1e0f0000000b00100000000204c155403c:1e0f00000006001000000002|1e1000000006000400000002:,1e10000000070004047432445e
92,02e70000000b00100000000204f55a3f69:02e700000006001000000002|02e800000006000400000002:,02e80000000700040439de4103
949,1daf0000000b0010000000020428f6403c:1daf00000006001000000002|1db000000006000400000002:,1db000000007000404bdaf4459
501,0faf0000000b001000000002040d844017:0faf00000006001000000002|0fb000000006000400000002:,0fb00000000700040431394365
791,18bf0000000b00100000000204ba5e4031:18bf00000006001000000002|18c000000006000400000002:,18c0000000070004049a5a4415
663,14bf0000000b00100000000204eb1c4026:14bf00000006001000000002|14c000000006000400000002:,14c000000007000404cd0a43ca
84,02a70000000b001000000002042ca53f53:02a700000006001000000002|02a800000006000400000002:,02a800000007000404d22040d5
565,11af0000000b00100000000204d14e401d:11af00000006001000000002|11b000000006000400000002:,11b0000000070004042c894392
192,06070000000b00100000000204d7733fc2:060700000006001000000002|060800000006000400000002:,06080000000700040420084205
493,0f6f0000000b00100000000204e83e4015:0f6f00000006001000000002|0f7000000006000400000002:,0f7000000007000404f015435b
1022,1ff70000000b00100000000204f141403f:1ff700000006001000000002|1ff800000006000400000002:,1ff8000000070004047b844479
582,12370000000b00100000000204559b401f:123700000006001000000002|123800000006000400000002:,1238000000070004045f5d439a
4,00270000000b001000000002042ca5bfeb:002700000006001000000002|002800000006000400000002:,0028000000070004044c3d3c6e
552,11470000000b001000000002042752401c:114700000006001000000002|114800000006000400000002:,114800000007000404ae024389
43,015f0000000b0010000000020424dd3e86:015f00000006001000000002|016000000006000400000002:,016000000007000404ff303fe9
690,15970000000b0010000000020454ca4029:159700000006001000000002|159800000006000400000002:,159800000007000404313d43dd
679,153f0000000b0010000000020463f14028:153f00000006001000000002|154000000006000400000002:,154000000007000404d4a543d5
809,194f0000000b00100000000204fd224032:194f00000006001000000002|195000000006000400000002:,1950000000070004048b9b441c
971,1e5f0000000b0010000000020442c4403d:1e5f00000006001000000002|1e6000000006000400000002:,1e6000000007000404899d4462
465,0e8f0000000b0010000000020491004012:0e8f00000006001000000002|0e9000000006000400000002:,0e900000000700040407884343
282,08d70000000b001000000002040b783fec:08d700000006001000000002|08d800000006000400000002:,08d800000007000404adbc428b
770,18170000000b0010000000020460aa4030:181700000006001000000002|181800000006000400000002:,181800000007000404821b440e
928,1d070000000b00100000000204089a403b:1d0700000006001000000002|1d0800000006000400000002:,1d080000000700040417e34451
720,16870000000b001000000002042a99402c:168700000006001000000002|168800000006000400000002:,168800000007000404f22343f4
295,093f0000000b00100000000204b08a3ff1:093f00000006001000000002|094000000006000400000002:,0940000000070004049b78429a
863,1aff0000000b00100000000204d2894036:1aff00000006001000000002|1b0000000006000400000002:,1b0000000007000404b25a4433
808,19470000000b00100000000204ee634032:194700000006001000000002|194800000006000400000002:,19480000000700040438a0441c
694,15b70000000b00100000000204d97f4029:15b700000006001000000002|15b800000006000400000002:,15b8000000070004045b3d43e1
234,07570000000b00100000000204f9093fd8:075700000006001000000002|075800000006000400000002:,07580000000700040439c84246
345,0acf0000000b001000000002041cac4002:0acf00000006001000000002|0ad000000006000400000002:,0ad000000007000404ca1542d7
837,1a2f0000000b001000000002042a304035:1a2f00000006001000000002|1a3000000006000400000002:,1a30000000070004044b1c4429
849,1a8f0000000b00100000000204f3b64035:1a8f00000006001000000002|1a9000000006000400000002:,1a90000000070004042818442e
168,05470000000b00100000000204d97f3fb5:054700000006001000000002|054800000006000400000002:,054800000007000404c2c941d2
287,08ff0000000b00100000000204d2893fee:08ff00000006001000000002|090000000006000400000002:,090000000007000404d5ce4292
637,13ef0000000b00100000000204b9244024:13ef00000006001000000002|13f000000006000400000002:,13f000000007000404667843bb
705,160f0000000b00100000000204de01402a:160f00000006001000000002|161000000006000400000002:,161000000007000404c28b43e9
426,0d570000000b00100000000204f06f400d:0d5700000006001000000002|0d5800000006000400000002:,0d58000000070004041ec14325
432,0d870000000b00100000000204a7f0400e:0d8700000006001000000002|0d8800000006000400000002:,0d88000000070004046f104329
222,06f70000000b001000000002049fbe3fd2:06f700000006001000000002|06f800000006000400000002:,06f800000007000404d4e64230
897,1c0f0000000b0010000000020404814039:1c0f00000006001000000002|1c1000000006000400000002:,1c100000000700040476e04442
648,14470000000b00100000000204ab9f4025:144700000006001000000002|144800000006000400000002:,144800000007000404e58043c1
414,0cf70000000b00100000000204793e400c:0cf700000006001000000002|0cf800000006000400000002:,0cf800000007000404a399431c
323,0a1f0000000b001000000002047e913ffb:0a1f00000006001000000002|0a2000000006000400000002:,0a20000000070004046deb42b8
590,12770000000b0010000000020422684020:127700000006001000000002|127800000006000400000002:,127800000007000404e15a439e
541,10ef0000000b001000000002042e49401b:10ef00000006001000000002|10f000000006000400000002:,10f000000007000404f1c64384
201,064f0000000b001000000002043eab3fc7:064f00000006001000000002|065000000006000400000002:,06500000000700040419434210
252,07e70000000b0010000000020496bc3fe0:07e700000006001000000002|07e800000006000400000002:,07e80000000700040454ea4263
998,1f370000000b00100000000204a7f0403e:1f3700000006001000000002|1f3800000006000400000002:,1f380000000700040432f8446e
546,11170000000b001000000002049f56401b:111700000006001000000002|111800000006000400000002:,11180000000700040412d04387
611,131f0000000b001000000002043d714022:131f00000006001000000002|132000000006000400000002:,132000000007000404624843ab
284,08e70000000b0010000000020460423fed:08e700000006001000000002|08e800000006000400000002:,08e800000007000404105e428f
225,070f0000000b00100000000204e0df3fd3:070f00000006001000000002|071000000006000400000002:,071000000007000404de084234
925,1cef0000000b00100000000204dc5d403a:1cef00000006001000000002|1cf000000006000400000002:,1cf000000007000404cc1c444f
311,09bf0000000b001000000002045c293ff7:09bf00000006001000000002|09c000000006000400000002:,09c00000000700040435d942ab
299,095f0000000b00100000000204cd9f3ff2:095f00000006001000000002|096000000006000400000002:,096000000007000404bc5a429d
466,0e970000000b00100000000204a3054012:0e9700000006001000000002|0e9800000006000400000002:,0e980000000700040486224343
717,166f0000000b00100000000204da51402b:166f00000006001000000002|167000000006000400000002:,167000000007000404329a43f2
699,15df0000000b001000000002044c30402a:15df00000006001000000002|15e000000006000400000002:,15e00000000700040404ab43e5
685,156f0000000b00100000000204ea4b4028:156f00000006001000000002|157000000006000400000002:,157000000007000404e81143d9
995,1f1f0000000b001000000002047382403e:1f1f00000006001000000002|1f2000000006000400000002:,1f20000000070004047352446c
361,0b4f0000000b00100000000204538f4004:0b4f00000006001000000002|0b5000000006000400000002:,0b5000000007000404af4242e9
516,10270000000b00100000000204bac74018:102700000006001000000002|102800000006000400000002:,10280000000700040471cf4373
159,04ff0000000b00100000000204f9723faf:04ff00000006001000000002|050000000006000400000002:,0500000000070004049f5e41bd
220,06e70000000b0010000000020409033fd2:06e700000006001000000002|06e800000006000400000002:,06e800000007000404f7f4422e
965,1e2f0000000b00100000000204ff97403c:1e2f00000006001000000002|1e3000000006000400000002:,1e300000000700040468ad4460
778,18570000000b00100000000204d8454030:185700000006001000000002|185800000006000400000002:,185800000007000404ec884410
933,1d2f0000000b001000000002044a23403b:1d2f00000006001000000002|1d3000000006000400000002:,1d300000000700040407294453
443,0ddf0000000b00100000000204f141400f:0ddf00000006001000000002|0de000000006000400000002:,0de00000000700040475b84331
458,0e570000000b001000000002040f914012:0e5700000006001000000002|0e5800000006000400000002:,0e5800000007000404838b433f
517,102f0000000b00100000000204c63f4018:102f00000006001000000002|103000000006000400000002:,103000000007000404d6564373
340,0aa70000000b0010000000020421ff4001:0aa700000006001000000002|0aa800000006000400000002:,0aa80000000700040451ce42d0
21,00af0000000b00100000000204ecc0bede:00af00000006001000000002|00b000000006000400000002:,00b000000007000404e01b3ebb
496,0f870000000b0010000000020440b84016:0f8700000006001000000002|0f8800000006000400000002:,0f8800000007000404b091435e
515,101f0000000b0010000000020491d14018:101f00000006001000000002|102000000006000400000002:,1020000000070004040c104372
169,054f0000000b0010000000020428243fb6:054f00000006001000000002|055000000006000400000002:,055000000007000404edc841d3
599,12bf0000000b00100000000204f41f4020:12bf00000006001000000002|12c000000006000400000002:,12c000000007000404a1f943a3
461,0e6f0000000b001000000002043d714012:0e6f00000006001000000002|0e7000000006000400000002:,0e7000000007000404c0a94340
838,1a370000000b001000000002043dd94035:1a3700000006001000000002|1a3800000006000400000002:,1a3800000007000404c3034429
105,034f0000000b0010000000020416f03f80:034f00000006001000000002|035000000006000400000002:,03500000000700040442124120
924,1ce70000000b00100000000204cf42403a:1ce700000006001000000002|1ce800000006000400000002:,1ce8000000070004046a3d444f
992,1f070000000b0010000000020457a8403e:1f0700000006001000000002|1f0800000006000400000002:,1f080000000700040486d8446b
229,072f0000000b00100000000204ed293fd5:072f00000006001000000002|073000000006000400000002:,073000000007000404a7ad423b
810,19570000000b0010000000020410cb4033:195700000006001000000002|195800000006000400000002:,195800000007000404fa7b441c
109,036f0000000b001000000002043fe63f84:036f00000006001000000002|037000000006000400000002:,037000000007000404b604412c
351,0aff0000000b001000000002042b024003:0aff00000006001000000002|0b0000000006000400000002:,0b0000000007000404253f42e0
68,02270000000b00100000000204e1b13f29:022700000006001000000002|022800000006000400000002:,0228000000070004047c594093
95,02ff0000000b00100000000204ecc03f6e:02ff00000006001000000002|030000000006000400000002:,03000000000700040438884109
464,0e870000000b0010000000020488ce4012:0e8700000006001000000002|0e8800000006000400000002:,0e8800000007000404ce124342
121,03cf0000000b00100000000204edfa3f93:03cf00000006001000000002|03d000000006000400000002:,03d000000007000404fde74164
553,114f0000000b00100000000204624e401c:114f00000006001000000002|115000000006000400000002:,115000000007000404d363438a
869,1b2f0000000b001000000002044d6a4037:1b2f00000006001000000002|1b3000000006000400000002:,1b3000000007000404d3ac4436
667,14df0000000b001000000002044bc74027:14df00000006001000000002|14e000000006000400000002:,14e000000007000404932d43cd
56,01c70000000b00100000000204fec53ef2:01c700000006001000000002|01c800000006000400000002:,01c800000007000404e37a403e
538,10d70000000b00100000000204d773401a:10d700000006001000000002|10d800000006000400000002:,10d80000000700040454f24383
236,07670000000b0010000000020426813fda:076700000006001000000002|076800000006000400000002:,076800000007000404783e424a
490,0f570000000b001000000002048e224015:0f5700000006001000000002|0f5800000006000400000002:,0f58000000070004042b8d4359
291,091f0000000b0010000000020489a03ff0:091f00000006001000000002|092000000006000400000002:,0920000000070004046fb04297
435,0d9f0000000b0010000000020415b5400f:0d9f00000006001000000002|0da000000006000400000002:,0da0000000070004041162432c
973,1e6f0000000b0010000000020454ca403d:1e6f00000006001000000002|1e7000000006000400000002:,1e70000000070004041cb14463
960,1e070000000b00100000000204b0f2403c:1e0700000006001000000002|1e0800000006000400000002:,1e0800000007000404f137445d
270,08770000000b00100000000204a0903fe8:087700000006001000000002|087800000006000400000002:,08780000000700040459984283
468,0ea70000000b00100000000204f9db4012:0ea700000006001000000002|0ea800000006000400000002:,0ea800000007000404ecb94345
666,14d70000000b00100000000204404f4027:14d700000006001000000002|14d800000006000400000002:,14d8000000070004043e6c43cd
695,15bf0000000b00100000000204e1b14029:15bf00000006001000000002|15c000000006000400000002:,15c0000000070004049dbd43e1
910,1c770000000b001000000002040c4a403a:1c7700000006001000000002|1c7800000006000400000002:,1c7800000007000404cf0c4449
347,0adf0000000b0010000000020464c34002:0adf00000006001000000002|0ae000000006000400000002:,0ae000000007000404fc9b42d9
156,04e70000000b00100000000204cbfb3fae:04e700000006001000000002|04e800000006000400000002:,04e800000007000404a5da41b9
906,1c570000000b00100000000204a8584039:1c5700000006001000000002|1c5800000006000400000002:,1c5800000007000404fe734446
958,1df70000000b001000000002049a02403c:1df700000006001000000002|1df800000006000400000002:,1df8000000070004043a56445d
580,12270000000b0010000000020434d7401f:122700000006001000000002|122800000006000400000002:,122800000007000404a9ce4399
381,0bef0000000b00100000000204559b4007:0bef00000006001000000002|0bf000000006000400000002:,0bf00000000700040432594302
825,19cf0000000b00100000000204779a4034:19cf00000006001000000002|19d000000006000400000002:,19d00000000700040418e84425
588,12670000000b00100000000204eab3401f:126700000006001000000002|126800000006000400000002:,126800000007000404a42d439d
955,1ddf0000000b001000000002047ae1403c:1ddf00000006001000000002|1de000000006000400000002:,1de0000000070004044321445c
451,0e1f0000000b001000000002040e564011:0e1f00000006001000000002|0e2000000006000400000002:,0e2000000007000404b6ce4338
355,0b1f0000000b00100000000204b15b4003:0b1f00000006001000000002|0b2000000006000400000002:,0b20000000070004046af242e4
819,199f0000000b00100000000204e76d4033:199f00000006001000000002|19a000000006000400000002:,19a000000007000404c9254421
817,198f0000000b00100000000204c3614033:198f00000006001000000002|199000000006000400000002:,199000000007000404f7dc4420
617,134f0000000b00100000000204f0074022:134f00000006001000000002|135000000006000400000002:,135000000007000404bd6343af
356,0b270000000b00100000000204dbf54003:0b2700000006001000000002|0b2800000006000400000002:,0b2800000007000404ca1842e5
221,06ef0000000b001000000002047bb33fd2:06ef00000006001000000002|06f000000006000400000002:,06f00000000700040462644230
788,18a70000000b0010000000020489374031:18a700000006001000000002|18a800000006000400000002:,18a80000000700040492b34414
523,105f0000000b001000000002044c984019:105f00000006001000000002|106000000006000400000002:,1060000000070004047c1e4378
358,0b370000000b001000000002041a374004:0b3700000006001000000002|0b3800000006000400000002:,0b3800000007000404cf1442e7
18,00970000000b00100000000204d7dcbf11:009700000006001000000002|009800000006000400000002:,009800000007000404e6dd3e89
289,090f0000000b00100000000204d8ae3fef:090f00000006001000000002|091000000006000400000002:,09100000000700040490a74295
713,164f0000000b0010000000020498c8402b:164f00000006001000000002|165000000006000400000002:,165000000007000404fa2d43ef
763,17df0000000b00100000000204c6a8402f:17df00000006001000000002|17e000000006000400000002:,17e00000000700040474f7440b
447,0dff0000000b001000000002049eed4010:0dff00000006001000000002|0e0000000006000400000002:,0e0000000007000404d82e4335
846,1a770000000b00100000000204d4954035:1a7700000006001000000002|1a7800000006000400000002:,1a78000000070004046578442d
823,19bf0000000b0010000000020446744034:19bf00000006001000000002|19c000000006000400000002:,19c000000007000404f5f84423
715,165f0000000b00100000000204b646402b:165f00000006001000000002|166000000006000400000002:,166000000007000404f95443f0
1010,1f970000000b001000000002044d6a403f:1f9700000006001000000002|1f9800000006000400000002:,1f9800000007000404cdb44473
402,0c970000000b00100000000204c711400a:0c9700000006001000000002|0c9800000006000400000002:,0c98000000070004045df04313
696,15c70000000b00100000000204ed294029:15c700000006001000000002|15c800000006000400000002:,15c800000007000404fae743e1
325,0a2f0000000b001000000002047ae13ffc:0a2f00000006001000000002|0a3000000006000400000002:,0a3000000007000404ba7942bb
633,13cf0000000b001000000002045f074024:13cf00000006001000000002|13d000000006000400000002:,13d0000000070004040ab743b9
314,09d70000000b0010000000020416f03ff8:09d700000006001000000002|09d800000006000400000002:,09d80000000700040478e742ad
589,126f0000000b0010000000020404ea4020:126f00000006001000000002|127000000006000400000002:,1270000000070004043920439e
923,1cdf0000000b00100000000204c227403a:1cdf00000006001000000002|1ce000000006000400000002:,1ce0000000070004040885444f
711,163f0000000b001000000002047319402b:163f00000006001000000002|164000000006000400000002:,164000000007000404b5b243ee
776,18470000000b00100000000204bfb14030:184700000006001000000002|184800000006000400000002:,1848000000070004046c9a4410
729,16cf0000000b00100000000204fdf4402c:16cf00000006001000000002|16d000000006000400000002:,16d00000000700040454ac43fc
566,11b70000000b00100000000204dcc6401d:11b700000006001000000002|11b800000006000400000002:,11b80000000700040468e54392
353,0b0f0000000b001000000002047e914003:0b0f00000006001000000002|0b1000000006000400000002:,0b1000000007000404cb0c42e2
730,16d70000000b001000000002043261402d:16d700000006001000000002|16d800000006000400000002:,16d800000007000404325a43fe
547,111f0000000b00100000000204b98c401b:111f00000006001000000002|112000000006000400000002:,112000000007000404926b4387
912,1c870000000b001000000002041ff3403a:1c8700000006001000000002|1c8800000006000400000002:,1c88000000070004045e01444a
246,07b70000000b001000000002040aa63fde:07b700000006001000000002|07b800000006000400000002:,07b800000007000404266c4259
147,049f0000000b0010000000020409033faa:049f00000006001000000002|04a000000006000400000002:,04a000000007000404687541aa
211,069f0000000b001000000002045cfb3fcd:069f00000006001000000002|06a000000006000400000002:,06a000000007000404dd4d4220
368,0b870000000b001000000002049b3d4005:0b8700000006001000000002|0b8800000006000400000002:,0b8800000007000404b2a142f4
886,1bb70000000b001000000002044d014038:1bb700000006001000000002|1bb800000006000400000002:,1bb8000000070004048373443d
317,09ef0000000b0010000000020413403ff9:09ef00000006001000000002|09f000000006000400000002:,09f000000007000404934842b0
951,1dbf0000000b001000000002043e42403c:1dbf00000006001000000002|1dc000000006000400000002:,1dc00000000700040464c6445a
422,0d370000000b001000000002046bba400d:0d3700000006001000000002|0d3800000006000400000002:,0d380000000700040411b04322
398,0c770000000b001000000002043a2a400a:0c7700000006001000000002|0c7800000006000400000002:,0c78000000070004047a3b4310
1016,1fc70000000b00100000000204a92a403f:1fc700000006001000000002|1fc800000006000400000002:,1fc800000007000404f7b74476
862,1af70000000b00100000000204bb994036:1af700000006001000000002|1af800000006000400000002:,1af8000000070004041e4e4433
506,0fd70000000b001000000002048a094017:0fd700000006001000000002|0fd800000006000400000002:,0fd8000000070004043d094369
50,01970000000b00100000000204dd2f3ec4:019700000006001000000002|019800000006000400000002:,0198000000070004041fd5401b
491,0f5f0000000b0010000000020497f64015:0f5f00000006001000000002|0f6000000006000400000002:,0f600000000700040478684359
275,089f0000000b001000000002040f913fea:089f00000006001000000002|08a000000006000400000002:,08a000000007000404c80d4286
16,00870000000b001000000002046c8bbf27:008700000006001000000002|008800000006000400000002:,00880000000700040424b13e63
57,01cf0000000b001000000002040d1b3f00:01cf00000006001000000002|01d000000006000400000002:,01d0000000070004047a9f404a
357,0b2f0000000b00100000000204edfa4003:0b2f00000006001000000002|0b3000000006000400000002:,0b30000000070004045f4242e6
83,029f0000000b001000000002044dd33f52:029f00000006001000000002|02a000000006000400000002:,02a000000007000404274540d4
65,020f0000000b00100000000204068e3f20:020f00000006001000000002|021000000006000400000002:,021000000007000404f9554086
521,104f0000000b001000000002041eb84019:104f00000006001000000002|105000000006000400000002:,105000000007000404e34f4376
707,161f0000000b001000000002040be1402b:161f00000006001000000002|162000000006000400000002:,162000000007000404459d43eb
929,1d0f0000000b00100000000204126f403b:1d0f00000006001000000002|1d1000000006000400000002:,1d100000000700040461e14451
209,068f0000000b0010000000020446743fcc:068f00000006001000000002|069000000006000400000002:,069000000007000404bf23421d
400,0c870000000b001000000002046cf4400a:0c8700000006001000000002|0c8800000006000400000002:,0c8800000007000404832d4311
796,18e70000000b0010000000020428244032:18e700000006001000000002|18e800000006000400000002:,18e800000007000404edc34417
549,112f0000000b00100000000204d8ae401b:112f00000006001000000002|113000000006000400000002:,1130000000070004042a9c4388
629,13af0000000b0010000000020404ea4024:13af00000006001000000002|13b000000006000400000002:,13b000000007000404b69443b6
151,04bf0000000b001000000002041f213fac:04bf00000006001000000002|04c000000006000400000002:,04c000000007000404ece041b0
