0.00|000100000006000300030001:,0001000000050003027fff
0.06|000200000006000300030001:,0002000000050003027fff
0.09|000300000006000300030001:,0003000000050003027fff
0.14|000400000006000300030001:,0004000000050003027fff
0.20|000500000006000300030001:,0005000000050003027fff
0.27|000600000006000300030001:,0006000000050003027fff
0.32|000700000006000300030001:,0007000000050003027fff
0.35|000800000006000300030001:,0008000000050003027fff
0.42|000900000006000300030001:,0009000000050003027f7f
0.47|000a00000006000300030001:,000a000000050003027f7f
0.50|000b00000006000300030001:,000b000000050003027fff
0.57|000c00000006000300030001:,000c000000050003027fff
0.63|000d00000006000300030001:,000d000000050003027fff
0.66|000e00000006000300030001:,000e000000050003027fff
0.73|000f00000006000300030001:,000f000000050003027fff
0.78|001000000006000300030001:,0010000000050003027fff
0.83|001100000006000300030001:,0011000000050003027fff
0.88|001200000006000300030001:,0012000000050003027fff
0.93|001300000006000300030001:,0013000000050003027faa
0.97|001400000006000300030001:,0014000000050003027faa
1.02|001500000006000300030001:,0015000000050003027fff
1.09|001600000006000300030001:,0016000000050003027fff
1.12|001700000006000300030001:,0017000000050003027fff
1.17|001800000006000300030001:,0018000000050003027fff
1.22|001900000006000300030001:,0019000000050003027fff
1.28|001a00000006000300030001:,001a000000050003027fff
1.33|001b00000006000300030001:,001b000000050003027fff
1.40|001c00000006000300030001:,001c000000050003027faa
1.45|001d00000006000300030001:,001d000000050003027f73
1.50|001e00000006000300030001:,001e000000050003027fff
1.55|001f00000006000300030001:,001f000000050003027fff
1.58|002000000006000300030001:,0020000000050003027fff
1.66|002100000006000300030001:,0021000000050003027fff
1.69|002200000006000300030001:,0022000000050003027fff
1.74|002300000006000300030001:,0023000000050003027fff
1.81|002400000006000300030001:,0024000000050003027fff
1.84|002500000006000300030001:,0025000000050003027fff
1.89|002600000006000300030001:,0026000000050003027fff
1.96|002700000006000300030001:,0027000000050003027faa
2.01|002800000006000300030001:,0028000000050003027fe1
2.06|002900000006000300030001:,0029000000050003027fff
2.10|002a00000006000300030001:,002a000000050003027fff
2.17|002b00000006000300030001:,002b000000050003027fff
2.22|002c00000006000300030001:,002c000000050003027fff
2.25|002d00000006000300030001:,002d000000050003027fff
2.30|002e00000006000300030001:,002e000000050003027fff
2.35|002f00000006000300030001:,002f000000050003027fff
2.41|003000000006000300030001:,0030000000050003027f7c
2.48|003100000006000300030001:,0031000000050003027f7c
2.53|003200000006000300030001:,0032000000050003027fff
2.56|003300000006000300030001:,0033000000050003027fff
2.61|003400000006000300030001:,0034000000050003027fff
2.68|003500000006000300030001:,0035000000050003027fff
2.71|003600000006000300030001:,0036000000050003027fff
2.76|003700000006000300030001:,0037000000050003027fff
2.82|003800000006000300030001:,0038000000050003027fff
2.87|003900000006000300030001:,0039000000050003027fff
2.92|003a00000006000300030001:,003a000000050003027fe7
2.99|003b00000006000300030001:,003b000000050003027fff
3.02|003c00000006000300030001:,003c000000050003027fff
3.07|003d00000006000300030001:,003d000000050003027fff
3.14|003e00000006000300030001:,003e000000050003027fff
3.19|003f00000006000300030001:,003f000000050003027fff
3.25|004000000006000300030001:,0040000000050003027fff
3.30|004100000006000300030001:,0041000000050003027fff
3.35|004200000006000300030001:,0042000000050003027fff
3.40|004300000006000300030001:,0043000000050003027fac
3.45|004400000006000300030001:,0044000000050003027fac
3.50|004500000006000300030001:,0045000000050003027fac
3.54|004600000006000300030001:,0046000000050003027fac
3.59|004700000006000300030001:,0047000000050003027fff
3.64|004800000006000300030001:,0048000000050003027fff
3.69|004900000006000300030001:,0049000000050003027fff
3.76|004a00000006000300030001:,004a000000050003027fff
3.81|004b00000006000300030001:,004b000000050003027fff
3.87|004c00000006000300030001:,004c000000050003027fff
3.92|004d00000006000300030001:,004d000000050003027faa
3.97|004e00000006000300030001:,004e000000050003027f38
4.02|004f00000006000300030001:,004f000000050003027fff
4.07|005000000006000300030001:,0050000000050003027fe1
4.10|005100000006000300030001:,0051000000050003027fff
4.15|005200000006000300030001:,0052000000050003027fff
4.23|005300000006000300030001:,0053000000050003027fff
4.28|005400000006000300030001:,0054000000050003027fe1
4.33|005500000006000300030001:,0055000000050003027fff
4.36|005600000006000300030001:,0056000000050003027fff
4.41|005700000006000300030001:,0057000000050003027f74
4.48|005800000006000300030001:,0058000000050003027fac
4.53|005900000006000300030001:,0059000000050003027f74
4.57|005a00000006000300030001:,005a000000050003027fd4
4.62|005b00000006000300030001:,005b000000050003027fff
4.69|005c00000006000300030001:,005c000000050003027fff
4.72|005d00000006000300030001:,005d000000050003027fff
4.79|005e00000006000300030001:,005e000000050003027fff
4.85|005f00000006000300030001:,005f000000050003027fff
4.88|006000000006000300030001:,0060000000050003027fff
4.95|006100000006000300030001:,0061000000050003027fac
5.00|006200000006000300030001:,0062000000050003027fff
5.03|006300000006000300030001:,0063000000050003027fff
5.10|006400000006000300030001:,0064000000050003027fff
5.15|006500000006000300030001:,0065000000050003027fff
5.21|006600000006000300030001:,0066000000050003027fff
5.26|006700000006000300030001:,0067000000050003027fff
5.29|006800000006000300030001:,0068000000050003027fff
5.36|006900000006000300030001:,0069000000050003027fff
5.41|006a00000006000300030001:,006a000000050003027f7c
5.46|006b00000006000300030001:,006b000000050003027faa
5.49|006c00000006000300030001:,006c000000050003027faa
5.56|006d00000006000300030001:,006d000000050003027fff
5.60|006e00000006000300030001:,006e000000050003027fff
5.67|006f00000006000300030001:,006f000000050003027fff
5.72|007000000006000300030001:,0070000000050003027fff
5.75|007100000006000300030001:,0071000000050003027fff
5.82|007200000006000300030001:,0072000000050003027fff
5.85|007300000006000300030001:,0073000000050003027fff
5.92|007400000006000300030001:,0074000000050003027faa
5.96|007500000006000300030001:,0075000000050003027faa
6.01|007600000006000300030001:,0076000000050003027fff
6.08|007700000006000300030001:,0077000000050003027fff
6.11|007800000006000300030001:,0078000000050003027fff
6.18|007900000006000300030001:,0079000000050003027fff
6.23|007a00000006000300030001:,007a000000050003027fff
6.26|007b00000006000300030001:,007b000000050003027fff
6.33|007c00000006000300030001:,007c000000050003027fff
6.37|007d00000006000300030001:,007d000000050003027fff
6.44|007e00000006000300030001:,007e000000050003027faa
6.47|007f00000006000300030001:,007f000000050003027faa
6.54|008000000006000300030001:,0080000000050003027fff
6.59|008100000006000300030001:,0081000000050003027fff
6.62|008200000006000300030001:,0082000000050003027fff
6.69|008300000006000300030001:,0083000000050003027fff
6.72|008400000006000300030001:,0084000000050003027fff
6.80|008500000006000300030001:,0085000000050003027fff
6.85|008600000006000300030001:,0086000000050003027fff
6.88|008700000006000300030001:,0087000000050003027fff
6.93|008800000006000300030001:,0088000000050003027faa
6.98|008900000006000300030001:,0089000000050003027faa
7.03|008a00000006000300030001:,008a000000050003027fe7
7.08|008b00000006000300030001:,008b000000050003027fff
7.13|008c00000006000300030001:,008c000000050003027fff
7.19|008d00000006000300030001:,008d000000050003027fff
7.26|008e00000006000300030001:,008e000000050003027fff
7.29|008f00000006000300030001:,008f000000050003027fff
7.36|009000000006000300030001:,0090000000050003027fff
7.41|009100000006000300030001:,0091000000050003027faa
7.46|009200000006000300030001:,0092000000050003027faa
7.51|009300000006000300030001:,0093000000050003027fd8
7.56|009400000006000300030001:,0094000000050003027fd8
7.62|009500000006000300030001:,0095000000050003027fff
7.65|009600000006000300030001:,0096000000050003027fff
7.72|009700000006000300030001:,0097000000050003027fff
7.75|009800000006000300030001:,0098000000050003027fff
7.80|009900000006000300030001:,0099000000050003027fff
7.85|009a00000006000300030001:,009a000000050003027fff
7.92|009b00000006000300030001:,009b000000050003027faa
7.98|009c00000006000300030001:,009c000000050003027faa
8.03|009d00000006000300030001:,009d000000050003027fff
8.06|009e00000006000300030001:,009e000000050003027fff
8.13|009f00000006000300030001:,009f000000050003027fff
8.18|00a000000006000300030001:,00a0000000050003027fff
8.23|00a100000006000300030001:,00a1000000050003027fff
8.28|00a200000006000300030001:,00a2000000050003027fff
8.31|00a300000006000300030001:,00a3000000050003027fff
8.38|00a400000006000300030001:,00a4000000050003027fff
8.41|00a500000006000300030001:,00a5000000050003027f74
8.49|00a600000006000300030001:,00a6000000050003027f8c
8.52|00a700000006000300030001:,00a7000000050003027fff
8.57|00a800000006000300030001:,00a8000000050003027fff
8.64|00a900000006000300030001:,00a9000000050003027fff
8.67|00aa00000006000300030001:,00aa000000050003027fff
8.72|00ab00000006000300030001:,00ab000000050003027fff
8.78|00ac00000006000300030001:,00ac000000050003027fff
8.83|00ad00000006000300030001:,00ad000000050003027fff
8.90|00ae00000006000300030001:,00ae000000050003027faa
8.95|00af00000006000300030001:,00af000000050003027faa
8.98|00b000000006000300030001:,00b0000000050003027faa
9.05|00b100000006000300030001:,00b1000000050003027fff
9.10|00b200000006000300030001:,00b2000000050003027fff
9.16|00b300000006000300030001:,00b3000000050003027fff
9.19|00b400000006000300030001:,00b4000000050003027fff
9.26|00b500000006000300030001:,00b5000000050003027fff
9.29|00b600000006000300030001:,00b6000000050003027fff
9.36|00b700000006000300030001:,00b7000000050003027fff
9.41|00b800000006000300030001:,00b8000000050003027faa
9.45|00b900000006000300030001:,00b9000000050003027faa
9.50|00ba00000006000300030001:,00ba000000050003027faa
9.55|00bb00000006000300030001:,00bb000000050003027ff3
9.62|00bc00000006000300030001:,00bc000000050003027ff3
9.65|00bd00000006000300030001:,00bd000000050003027fff
9.72|00be00000006000300030001:,00be000000050003027fff
9.75|00bf00000006000300030001:,00bf000000050003027fff
9.80|00c000000006000300030001:,00c0000000050003027fff
9.87|00c100000006000300030001:,00c1000000050003027fff
9.91|00c200000006000300030001:,00c2000000050003027faa
9.96|00c300000006000300030001:,00c3000000050003027faa
10.03|00c400000006000300030001:,00c4000000050003027fe7
10.08|00c500000006000300030001:,00c5000000050003027fe7
10.11|00c600000006000300030001:,00c6000000050003027fff
10.18|00c700000006000300030001:,00c7000000050003027fff
10.23|00c800000006000300030001:,00c8000000050003027fe4
10.27|00c900000006000300030001:,00c9000000050003027fff
10.34|00ca00000006000300030001:,00ca000000050003027fff
10.37|00cb00000006000300030001:,00cb000000050003027fff
10.44|00cc00000006000300030001:,00cc000000050003027faa
10.47|00cd00000006000300030001:,00cd000000050003027faa
10.54|00ce00000006000300030001:,00ce000000050003027fd8
10.59|00cf00000006000300030001:,00cf000000050003027fff
10.62|00d000000006000300030001:,00d0000000050003027fff
10.69|00d100000006000300030001:,00d1000000050003027fff
10.75|00d200000006000300030001:,00d2000000050003027fff
10.78|00d300000006000300030001:,00d3000000050003027fff
10.85|00d400000006000300030001:,00d4000000050003027fff
10.88|00d500000006000300030001:,00d5000000050003027fff
10.95|00d600000006000300030001:,00d6000000050003027faa
11.00|00d700000006000300030001:,00d7000000050003027fe7
11.04|00d800000006000300030001:,00d8000000050003027fe7
11.11|00d900000006000300030001:,00d9000000050003027fff
11.14|00da00000006000300030001:,00da000000050003027fff
11.21|00db00000006000300030001:,00db000000050003027fff
11.24|00dc00000006000300030001:,00dc000000050003027fff
11.31|00dd00000006000300030001:,00dd000000050003027fff
11.36|00de00000006000300030001:,00de000000050003027fff
11.42|00df00000006000300030001:,00df000000050003027faa
11.45|00e000000006000300030001:,00e0000000050003027fdb
11.52|00e100000006000300030001:,00e1000000050003027fdb
11.57|00e200000006000300030001:,00e2000000050003027fdb
11.62|00e300000006000300030001:,00e3000000050003027fff
11.67|00e400000006000300030001:,00e4000000050003027fff
11.71|00e500000006000300030001:,00e5000000050003027fff
11.76|00e600000006000300030001:,00e6000000050003027fff
11.81|00e700000006000300030001:,00e7000000050003027fff
11.88|00e800000006000300030001:,00e8000000050003027fff
11.93|00e900000006000300030001:,00e9000000050003027fc2
11.98|00ea00000006000300030001:,00ea000000050003027fc2
12.01|00eb00000006000300030001:,00eb000000050003027fa4
12.06|00ec00000006000300030001:,00ec000000050003027fa4
12.11|00ed00000006000300030001:,00ed000000050003027fff
12.19|00ee00000006000300030001:,00ee000000050003027fff
12.24|00ef00000006000300030001:,00ef000000050003027fff
12.29|00f000000006000300030001:,00f0000000050003027fff
12.32|00f100000006000300030001:,00f1000000050003027fff
12.37|00f200000006000300030001:,00f2000000050003027fc2
12.44|00f300000006000300030001:,00f3000000050003027fc2
12.50|00f400000006000300030001:,00f4000000050003027f9d
12.55|00f500000006000300030001:,00f5000000050003027f9d
12.58|00f600000006000300030001:,00f6000000050003027f9d
12.63|00f700000006000300030001:,00f7000000050003027fff
12.68|00f800000006000300030001:,00f8000000050003027fff
12.75|00f900000006000300030001:,00f9000000050003027fff
12.78|00fa00000006000300030001:,00fa000000050003027fff
12.85|00fb00000006000300030001:,00fb000000050003027fff
12.88|00fc00000006000300030001:,00fc000000050003027fff
12.96|00fd00000006000300030001:,00fd000000050003027fc6
13.01|00fe00000006000300030001:,00fe000000050003027fa4
13.06|00ff00000006000300030001:,00ff000000050003027fa4
13.09|010000000006000300030001:,0100000000050003027fff
13.16|010100000006000300030001:,0101000000050003027fff
13.21|010200000006000300030001:,0102000000050003027fff
13.25|010300000006000300030001:,0103000000050003027fff
13.30|010400000006000300030001:,0104000000050003027fff
13.37|010500000006000300030001:,0105000000050003027fff
13.40|010600000006000300030001:,0106000000050003027fc2
13.47|010700000006000300030001:,0107000000050003027fc2
13.52|010800000006000300030001:,0108000000050003027fc2
13.57|010900000006000300030001:,0109000000050003027fc0
13.62|010a00000006000300030001:,010a000000050003027ff5
13.65|010b00000006000300030001:,010b000000050003027ff5
13.73|010c00000006000300030001:,010c000000050003027ff4
13.78|010d00000006000300030001:,010d000000050003027fff
13.83|010e00000006000300030001:,010e000000050003027fff
13.88|010f00000006000300030001:,010f000000050003027fff
13.91|011000000006000300030001:,0110000000050003027fff
13.96|011100000006000300030001:,0111000000050003027fff
14.02|011200000006000300030001:,0112000000050003027fe2
14.09|011300000006000300030001:,0113000000050003027f9d
14.14|011400000006000300030001:,0114000000050003027fff
14.17|011500000006000300030001:,0115000000050003027fff
14.22|011600000006000300030001:,0116000000050003027fff
14.29|011700000006000300030001:,0117000000050003027fff
14.33|011800000006000300030001:,0118000000050003027fff
14.38|011900000006000300030001:,0119000000050003027fc2
14.45|011a00000006000300030001:,011a000000050003027fc2
14.48|011b00000006000300030001:,011b000000050003027fff
14.53|011c00000006000300030001:,011c000000050003027f9d
14.58|011d00000006000300030001:,011d000000050003027fc2
14.63|011e00000006000300030001:,011e000000050003027ff4
14.69|011f00000006000300030001:,011f000000050003027fff
14.76|012000000006000300030001:,0120000000050003027fff
14.79|012100000006000300030001:,0121000000050003027fff
14.86|012200000006000300030001:,0122000000050003027fff
14.91|012300000006000300030001:,0123000000050003027fc2
14.96|012400000006000300030001:,0124000000050003027fc2
15.02|012500000006000300030001:,0125000000050003027fdd
15.05|012600000006000300030001:,0126000000050003027fdd
15.10|012700000006000300030001:,0127000000050003027fff
15.17|012800000006000300030001:,0128000000050003027fff
15.22|012900000006000300030001:,0129000000050003027fff
15.27|012a00000006000300030001:,012a000000050003027fff
15.30|012b00000006000300030001:,012b000000050003027fff
15.37|012c00000006000300030001:,012c000000050003027fff
15.41|012d00000006000300030001:,012d000000050003027fdd
15.46|012e00000006000300030001:,012e000000050003027fdd
15.51|012f00000006000300030001:,012f000000050003027fdd
15.58|013000000006000300030001:,0130000000050003027fdd
15.61|013100000006000300030001:,0131000000050003027fff
15.68|013200000006000300030001:,0132000000050003027fff
15.73|013300000006000300030001:,0133000000050003027fff
15.76|013400000006000300030001:,0134000000050003027fff
15.84|013500000006000300030001:,0135000000050003027fff
15.89|013600000006000300030001:,0136000000050003027fc1
15.92|013700000006000300030001:,0137000000050003027fc2
15.99|013800000006000300030001:,0138000000050003027fff
16.04|013900000006000300030001:,0139000000050003027f91
16.07|013a00000006000300030001:,013a000000050003027f91
16.15|013b00000006000300030001:,013b000000050003027fff
16.20|013c00000006000300030001:,013c000000050003027fff
16.25|013d00000006000300030001:,013d000000050003027fff
16.30|013e00000006000300030001:,013e000000050003027fff
16.35|013f00000006000300030001:,013f000000050003027fff
16.38|014000000006000300030001:,0140000000050003027fff
16.43|014100000006000300030001:,0141000000050003027f8c
16.51|014200000006000300030001:,0142000000050003027f9f
16.56|014300000006000300030001:,0143000000050003027f9f
16.59|014400000006000300030001:,0144000000050003027fff
16.64|014500000006000300030001:,0145000000050003027fff
16.69|014600000006000300030001:,0146000000050003027fff
16.76|014700000006000300030001:,0147000000050003027fff
16.79|014800000006000300030001:,0148000000050003027fff
16.85|014900000006000300030001:,0149000000050003027fff
16.90|014a00000006000300030001:,014a000000050003027fff
16.95|014b00000006000300030001:,014b000000050003027fff
17.00|014c00000006000300030001:,014c000000050003027fff
17.05|014d00000006000300030001:,014d000000050003027fff
17.12|014e00000006000300030001:,014e000000050003027fff
17.17|014f00000006000300030001:,014f000000050003027fff
17.22|015000000006000300030001:,0150000000050003027fff
17.28|015100000006000300030001:,0151000000050003027fff
17.31|015200000006000300030001:,0152000000050003027fff
17.38|015300000006000300030001:,0153000000050003027fff
17.41|015400000006000300030001:,0154000000050003027f8c
17.48|015500000006000300030001:,0155000000050003027fd8
17.51|015600000006000300030001:,0156000000050003027fd8
17.56|015700000006000300030001:,0157000000050003027fd8
17.62|015800000006000300030001:,0158000000050003027fff
17.67|015900000006000300030001:,0159000000050003027fff
17.72|015a00000006000300030001:,015a000000050003027fff
17.79|015b00000006000300030001:,015b000000050003027fff
17.82|015c00000006000300030001:,015c000000050003027fff
17.87|015d00000006000300030001:,015d000000050003027fff
17.94|015e00000006000300030001:,015e000000050003027fff
18.00|015f00000006000300030001:,015f000000050003027fc0
18.03|016000000006000300030001:,0160000000050003027fc0
18.08|016100000006000300030001:,0161000000050003027fff
18.15|016200000006000300030001:,0162000000050003027fff
18.18|016300000006000300030001:,0163000000050003027fff
18.25|016400000006000300030001:,0164000000050003027fff
18.31|016500000006000300030001:,0165000000050003027fff
18.36|016600000006000300030001:,0166000000050003027fff
18.41|016700000006000300030001:,0167000000050003027f8c
18.46|016800000006000300030001:,0168000000050003027f80
18.51|016900000006000300030001:,0169000000050003027fc0
18.54|016a00000006000300030001:,016a000000050003027fc0
18.61|016b00000006000300030001:,016b000000050003027fff
18.65|016c00000006000300030001:,016c000000050003027fff
18.70|016d00000006000300030001:,016d000000050003027fff
18.75|016e00000006000300030001:,016e000000050003027fff
18.80|016f00000006000300030001:,016f000000050003027fff
18.85|017000000006000300030001:,0170000000050003027fff
18.90|017100000006000300030001:,0171000000050003027fc0
18.95|017200000006000300030001:,0172000000050003027fce
19.00|017300000006000300030001:,0173000000050003027f9e
19.06|017400000006000300030001:,0174000000050003027f9e
19.11|017500000006000300030001:,0175000000050003027ffe
19.16|017600000006000300030001:,0176000000050003027ffe
19.21|017700000006000300030001:,0177000000050003027ffe
19.26|017800000006000300030001:,0178000000050003027fff
19.32|017900000006000300030001:,0179000000050003027fff
19.37|017a00000006000300030001:,017a000000050003027ffe
19.42|017b00000006000300030001:,017b000000050003027f9e
19.47|017c00000006000300030001:,017c000000050003027f9e
19.52|017d00000006000300030001:,017d000000050003027f9e
19.59|017e00000006000300030001:,017e000000050003027f9e
19.63|017f00000006000300030001:,017f000000050003027ffe
19.68|018000000006000300030001:,0180000000050003027fff
19.73|018100000006000300030001:,0181000000050003027fff
19.78|018200000006000300030001:,0182000000050003027fff
19.83|018300000006000300030001:,0183000000050003027fff
19.90|018400000006000300030001:,0184000000050003027fff
19.94|018500000006000300030001:,0185000000050003027fff
19.99|018600000006000300030001:,0186000000050003027fff
20.06|018700000006000300030001:,0187000000050003027fa8
20.09|018800000006000300030001:,0188000000050003027fa8
20.16|018900000006000300030001:,0189000000050003027fff
20.19|018a00000006000300030001:,018a000000050003027fff
20.24|018b00000006000300030001:,018b000000050003027fff
20.31|018c00000006000300030001:,018c000000050003027fff
20.37|018d00000006000300030001:,018d000000050003027fff
20.40|018e00000006000300030001:,018e000000050003027f8c
20.45|018f00000006000300030001:,018f000000050003027f8c
20.52|019000000006000300030001:,0190000000050003027fd8
20.57|019100000006000300030001:,0191000000050003027fd8
20.62|019200000006000300030001:,0192000000050003027fff
20.65|019300000006000300030001:,0193000000050003027fff
20.73|019400000006000300030001:,0194000000050003027fff
20.76|019500000006000300030001:,0195000000050003027fff
20.83|019600000006000300030001:,0196000000050003027fff
20.88|019700000006000300030001:,0197000000050003027fff
20.91|019800000006000300030001:,0198000000050003027fcf
20.98|019900000006000300030001:,0199000000050003027fcf
21.03|019a00000006000300030001:,019a000000050003027fca
21.06|019b00000006000300030001:,019b000000050003027fca
21.12|019c00000006000300030001:,019c000000050003027fff
21.19|019d00000006000300030001:,019d000000050003027fff
21.24|019e00000006000300030001:,019e000000050003027fff
21.27|019f00000006000300030001:,019f000000050003027fff
21.34|01a000000006000300030001:,01a0000000050003027fff
21.37|01a100000006000300030001:,01a1000000050003027fff
21.44|01a200000006000300030001:,01a2000000050003027fff
21.50|01a300000006000300030001:,01a3000000050003027fd3
21.55|01a400000006000300030001:,01a4000000050003027fd8
21.60|01a500000006000300030001:,01a5000000050003027fff
21.65|01a600000006000300030001:,01a6000000050003027fff
21.70|01a700000006000300030001:,01a7000000050003027fff
21.76|01a800000006000300030001:,01a8000000050003027fff
21.81|01a900000006000300030001:,01a9000000050003027fff
21.86|01aa00000006000300030001:,01aa000000050003027fff
21.91|01ab00000006000300030001:,01ab000000050003027fff
21.96|01ac00000006000300030001:,01ac000000050003027fff
22.01|01ad00000006000300030001:,01ad000000050003027fa9
22.06|01ae00000006000300030001:,01ae000000050003027f9d
22.11|01af00000006000300030001:,01af000000050003027fff
22.17|01b000000006000300030001:,01b0000000050003027fff
22.22|01b100000006000300030001:,01b1000000050003027fff
22.27|01b200000006000300030001:,01b2000000050003027fff
22.30|01b300000006000300030001:,01b3000000050003027fff
22.35|01b400000006000300030001:,01b4000000050003027fff
22.40|01b500000006000300030001:,01b5000000050003027fff
22.47|01b600000006000300030001:,01b6000000050003027fff
22.51|01b700000006000300030001:,01b7000000050003027f9d
22.56|01b800000006000300030001:,01b8000000050003027f9d
22.63|01b900000006000300030001:,01b9000000050003027fff
22.68|01ba00000006000300030001:,01ba000000050003027fff
22.73|01bb00000006000300030001:,01bb000000050003027fff
22.78|01bc00000006000300030001:,01bc000000050003027fff
22.83|01bd00000006000300030001:,01bd000000050003027fff
22.89|01be00000006000300030001:,01be000000050003027fff
22.94|01bf00000006000300030001:,01bf000000050003027fce
22.99|01c000000006000300030001:,01c0000000050003027fff
23.02|01c100000006000300030001:,01c1000000050003027fb0
23.07|01c200000006000300030001:,01c2000000050003027fb0
23.14|01c300000006000300030001:,01c3000000050003027fff
23.17|01c400000006000300030001:,01c4000000050003027ff0
23.23|01c500000006000300030001:,01c5000000050003027ff0
23.28|01c600000006000300030001:,01c6000000050003027fff
23.33|01c700000006000300030001:,01c7000000050003027fff
23.38|01c800000006000300030001:,01c8000000050003027fff
23.45|01c900000006000300030001:,01c9000000050003027fff
23.50|01ca00000006000300030001:,01ca000000050003027ff3
23.53|01cb00000006000300030001:,01cb000000050003027fff
23.60|01cc00000006000300030001:,01cc000000050003027fff
23.64|01cd00000006000300030001:,01cd000000050003027fff
23.71|01ce00000006000300030001:,01ce000000050003027ff0
23.76|01cf00000006000300030001:,01cf000000050003027ff0
23.79|01d000000006000300030001:,01d0000000050003027fff
23.86|01d100000006000300030001:,01d1000000050003027fff
23.89|01d200000006000300030001:,01d2000000050003027fff
23.95|01d300000006000300030001:,01d3000000050003027fff
24.00|01d400000006000300030001:,01d4000000050003027fe1
24.07|01d500000006000300030001:,01d5000000050003027fe1
24.10|01d600000006000300030001:,01d6000000050003027fff
24.15|01d700000006000300030001:,01d7000000050003027fff
24.20|01d800000006000300030001:,01d8000000050003027fff
24.25|01d900000006000300030001:,01d9000000050003027fff
24.30|01da00000006000300030001:,01da000000050003027fff
24.35|01db00000006000300030001:,01db000000050003027fff
24.43|01dc00000006000300030001:,01dc000000050003027fff
24.48|01dd00000006000300030001:,01dd000000050003027fff
24.51|01de00000006000300030001:,01de000000050003027f9d
24.58|01df00000006000300030001:,01df000000050003027f9d
24.63|01e000000006000300030001:,01e0000000050003027fff
24.66|01e100000006000300030001:,01e1000000050003027fff
24.73|01e200000006000300030001:,01e2000000050003027fff
24.77|01e300000006000300030001:,01e3000000050003027fff
24.82|01e400000006000300030001:,01e4000000050003027fff
24.87|01e500000006000300030001:,01e5000000050003027fff
24.94|01e600000006000300030001:,01e6000000050003027fc4
24.97|01e700000006000300030001:,01e7000000050003027fc4
25.04|01e800000006000300030001:,01e8000000050003027fa4
25.07|01e900000006000300030001:,01e9000000050003027fff
25.15|01ea00000006000300030001:,01ea000000050003027fff
25.18|01eb00000006000300030001:,01eb000000050003027fff
25.25|01ec00000006000300030001:,01ec000000050003027fff
25.30|01ed00000006000300030001:,01ed000000050003027fff
25.35|01ee00000006000300030001:,01ee000000050003027fff
25.40|01ef00000006000300030001:,01ef000000050003027ffc
25.43|01f000000006000300030001:,01f0000000050003027fc2
25.51|01f100000006000300030001:,01f1000000050003027f9d
25.54|01f200000006000300030001:,01f2000000050003027f9d
25.61|01f300000006000300030001:,01f3000000050003027fff
25.66|01f400000006000300030001:,01f4000000050003027fff
25.71|01f500000006000300030001:,01f5000000050003027fff
25.74|01f600000006000300030001:,01f6000000050003027fff
25.81|01f700000006000300030001:,01f7000000050003027fff
25.87|01f800000006000300030001:,01f8000000050003027fff
25.90|01f900000006000300030001:,01f9000000050003027ffc
25.95|01fa00000006000300030001:,01fa000000050003027fff
26.00|01fb00000006000300030001:,01fb000000050003027f95
26.07|01fc00000006000300030001:,01fc000000050003027f95
26.10|01fd00000006000300030001:,01fd000000050003027f95
26.16|01fe00000006000300030001:,01fe000000050003027f95
26.21|01ff00000006000300030001:,01ff000000050003027f95
26.26|020000000006000300030001:,0200000000050003027fff
26.33|020100000006000300030001:,0201000000050003027fff
26.36|020200000006000300030001:,0202000000050003027fff
26.43|020300000006000300030001:,0203000000050003027f8a
26.46|020400000006000300030001:,0204000000050003027f8c
26.54|020500000006000300030001:,0205000000050003027fa9
26.57|020600000006000300030001:,0206000000050003027fa9
26.62|020700000006000300030001:,0207000000050003027fff
26.67|020800000006000300030001:,0208000000050003027fff
26.72|020900000006000300030001:,0209000000050003027fff
26.77|020a00000006000300030001:,020a000000050003027fff
26.84|020b00000006000300030001:,020b000000050003027fff
26.90|020c00000006000300030001:,020c000000050003027fff
26.93|020d00000006000300030001:,020d000000050003027fff
26.98|020e00000006000300030001:,020e000000050003027fff
27.05|020f00000006000300030001:,020f000000050003027f9d
27.10|021000000006000300030001:,0210000000050003027fff
27.13|021100000006000300030001:,0211000000050003027fff
27.20|021200000006000300030001:,0212000000050003027fff
27.26|021300000006000300030001:,0213000000050003027fff
27.31|021400000006000300030001:,0214000000050003027fff
27.34|021500000006000300030001:,0215000000050003027fff
27.41|021600000006000300030001:,0216000000050003027fc2
27.46|021700000006000300030001:,0217000000050003027fc2
27.49|021800000006000300030001:,0218000000050003027fae
27.55|021900000006000300030001:,0219000000050003027fae
27.62|021a00000006000300030001:,021a000000050003027fff
27.65|021b00000006000300030001:,021b000000050003027fff
27.72|021c00000006000300030001:,021c000000050003027fff
27.75|021d00000006000300030001:,021d000000050003027fff
27.80|021e00000006000300030001:,021e000000050003027fff
27.87|021f00000006000300030001:,021f000000050003027fff
27.91|022000000006000300030001:,0220000000050003027fff
27.96|022100000006000300030001:,0221000000050003027fff
28.01|022200000006000300030001:,0222000000050003027fe1
28.08|022300000006000300030001:,0223000000050003027fa8
28.11|022400000006000300030001:,0224000000050003027fff
28.18|022500000006000300030001:,0225000000050003027fff
28.21|022600000006000300030001:,0226000000050003027fff
28.28|022700000006000300030001:,0227000000050003027fff
28.32|022800000006000300030001:,0228000000050003027fff
28.37|022900000006000300030001:,0229000000050003027fff
28.44|022a00000006000300030001:,022a000000050003027f8a
28.49|022b00000006000300030001:,022b000000050003027f8a
28.52|022c00000006000300030001:,022c000000050003027f8a
28.59|022d00000006000300030001:,022d000000050003027fff
28.64|022e00000006000300030001:,022e000000050003027fff
28.68|022f00000006000300030001:,022f000000050003027fff
28.75|023000000006000300030001:,0230000000050003027fff
28.80|023100000006000300030001:,0231000000050003027fff
28.85|023200000006000300030001:,0232000000050003027fff
28.88|023300000006000300030001:,0233000000050003027fff
28.93|023400000006000300030001:,0234000000050003027fc2
29.01|023500000006000300030001:,0235000000050003027fa2
29.06|023600000006000300030001:,0236000000050003027fa2
29.09|023700000006000300030001:,0237000000050003027fa2
29.14|023800000006000300030001:,0238000000050003027fa2
29.21|023900000006000300030001:,0239000000050003027fff
29.24|023a00000006000300030001:,023a000000050003027fff
29.31|023b00000006000300030001:,023b000000050003027fff
29.37|023c00000006000300030001:,023c000000050003027fff
29.42|023d00000006000300030001:,023d000000050003027fff
29.45|023e00000006000300030001:,023e000000050003027fff
29.50|023f00000006000300030001:,023f000000050003027fa2
29.57|024000000006000300030001:,0240000000050003027fa2
29.60|024100000006000300030001:,0241000000050003027fff
29.65|024200000006000300030001:,0242000000050003027fff
29.71|024300000006000300030001:,0243000000050003027fff
29.76|024400000006000300030001:,0244000000050003027fff
29.81|024500000006000300030001:,0245000000050003027fff
29.86|024600000006000300030001:,0246000000050003027fff
29.93|024700000006000300030001:,0247000000050003027fff
29.98|024800000006000300030001:,0248000000050003027fff
30.02|024900000006000300030001:,0249000000050003027fe0
30.09|024a00000006000300030001:,024a000000050003027fff
30.14|024b00000006000300030001:,024b000000050003027fff
30.17|024c00000006000300030001:,024c000000050003027fff
30.24|024d00000006000300030001:,024d000000050003027fff
30.29|024e00000006000300030001:,024e000000050003027fff
30.34|024f00000006000300030001:,024f000000050003027fff
30.40|025000000006000300030001:,0250000000050003027fac
30.43|025100000006000300030001:,0251000000050003027fa8
30.50|025200000006000300030001:,0252000000050003027fe0
30.53|025300000006000300030001:,0253000000050003027fe0
30.58|025400000006000300030001:,0254000000050003027fe0
30.63|025500000006000300030001:,0255000000050003027fff
30.68|025600000006000300030001:,0256000000050003027fff
30.73|025700000006000300030001:,0257000000050003027fff
30.81|025800000006000300030001:,0258000000050003027fff
30.84|025900000006000300030001:,0259000000050003027fff
30.89|025a00000006000300030001:,025a000000050003027fff
30.96|025b00000006000300030001:,025b000000050003027fe6
30.99|025c00000006000300030001:,025c000000050003027fff
31.06|025d00000006000300030001:,025d000000050003027fff
31.12|025e00000006000300030001:,025e000000050003027fca
31.15|025f00000006000300030001:,025f000000050003027fca
31.22|026000000006000300030001:,0260000000050003027fff
31.25|026100000006000300030001:,0261000000050003027fff
31.32|026200000006000300030001:,0262000000050003027fff
31.35|026300000006000300030001:,0263000000050003027fff
31.42|026400000006000300030001:,0264000000050003027fff
31.46|026500000006000300030001:,0265000000050003027fff
31.51|026600000006000300030001:,0266000000050003027fff
31.58|026700000006000300030001:,0267000000050003027fff
31.61|026800000006000300030001:,0268000000050003027fff
31.68|026900000006000300030001:,0269000000050003027fff
31.71|026a00000006000300030001:,026a000000050003027fff
31.76|026b00000006000300030001:,026b000000050003027fff
31.81|026c00000006000300030001:,026c000000050003027fff
31.88|026d00000006000300030001:,026d000000050003027fff
31.94|026e00000006000300030001:,026e000000050003027fff
31.99|026f00000006000300030001:,026f000000050003027fff
32.04|027000000006000300030001:,0270000000050003027fff
32.07|027100000006000300030001:,0271000000050003027fff
32.12|027200000006000300030001:,0272000000050003027fff
32.17|027300000006000300030001:,0273000000050003027fc2
32.25|027400000006000300030001:,0274000000050003027fff
32.28|027500000006000300030001:,0275000000050003027fff
32.33|027600000006000300030001:,0276000000050003027fff
32.40|027700000006000300030001:,0277000000050003027fff
32.45|027800000006000300030001:,0278000000050003027fff
32.50|027900000006000300030001:,0279000000050003027fff
32.53|027a00000006000300030001:,027a000000050003027fff
32.58|027b00000006000300030001:,027b000000050003027fff
32.66|027c00000006000300030001:,027c000000050003027fff
32.71|027d00000006000300030001:,027d000000050003027fff
32.74|027e00000006000300030001:,027e000000050003027fff
32.79|027f00000006000300030001:,027f000000050003027fff
32.84|028000000006000300030001:,0280000000050003027fff
32.91|028100000006000300030001:,0281000000050003027fea
32.96|028200000006000300030001:,0282000000050003027fea
33.01|028300000006000300030001:,0283000000050003027fff
33.07|028400000006000300030001:,0284000000050003027fff
33.12|028500000006000300030001:,0285000000050003027fff
33.17|028600000006000300030001:,0286000000050003027fff
33.20|028700000006000300030001:,0287000000050003027fff
33.27|028800000006000300030001:,0288000000050003027fff
33.32|028900000006000300030001:,0289000000050003027fff
33.37|028a00000006000300030001:,028a000000050003027fff
33.40|028b00000006000300030001:,028b000000050003027fff
33.46|028c00000006000300030001:,028c000000050003027fff
33.51|028d00000006000300030001:,028d000000050003027fff
33.56|028e00000006000300030001:,028e000000050003027fff
33.63|028f00000006000300030001:,028f000000050003027fff
33.66|029000000006000300030001:,0290000000050003027fff
33.71|029100000006000300030001:,0291000000050003027fff
33.78|029200000006000300030001:,0292000000050003027fff
33.82|029300000006000300030001:,0293000000050003027fff
33.89|029400000006000300030001:,0294000000050003027fff
33.92|029500000006000300030001:,0295000000050003027fff
33.97|029600000006000300030001:,0296000000050003027fff
34.02|029700000006000300030001:,0297000000050003027fff
34.09|029800000006000300030001:,0298000000050003027fff
34.15|029900000006000300030001:,0299000000050003027fca
34.18|029a00000006000300030001:,029a000000050003027fff
34.23|029b00000006000300030001:,029b000000050003027fff
34.30|029c00000006000300030001:,029c000000050003027fff
34.35|029d00000006000300030001:,029d000000050003027fff
34.38|029e00000006000300030001:,029e000000050003027fff
34.43|029f00000006000300030001:,029f000000050003027fff
34.49|02a000000006000300030001:,02a0000000050003027fff
34.56|02a100000006000300030001:,02a1000000050003027fff
34.59|02a200000006000300030001:,02a2000000050003027fff
34.64|02a300000006000300030001:,02a3000000050003027fff
34.69|02a400000006000300030001:,02a4000000050003027fff
34.74|02a500000006000300030001:,02a5000000050003027fff
34.81|02a600000006000300030001:,02a6000000050003027fff
34.85|02a700000006000300030001:,02a7000000050003027fff
34.90|02a800000006000300030001:,02a8000000050003027fff
34.95|02a900000006000300030001:,02a9000000050003027fff
35.00|02aa00000006000300030001:,02aa000000050003027fff
35.07|02ab00000006000300030001:,02ab000000050003027fff
35.12|02ac00000006000300030001:,02ac000000050003027fff
35.16|02ad00000006000300030001:,02ad000000050003027fff
35.21|02ae00000006000300030001:,02ae000000050003027fff
35.26|02af00000006000300030001:,02af000000050003027fff
35.31|02b000000006000300030001:,02b0000000050003027fff
35.38|02b100000006000300030001:,02b1000000050003027fff
35.43|02b200000006000300030001:,02b2000000050003027fff
35.46|02b300000006000300030001:,02b3000000050003027fff
35.54|02b400000006000300030001:,02b4000000050003027fff
35.59|02b500000006000300030001:,02b5000000050003027fff
35.62|02b600000006000300030001:,02b6000000050003027fff
35.69|02b700000006000300030001:,02b7000000050003027fff
35.74|02b800000006000300030001:,02b8000000050003027fff
35.79|02b900000006000300030001:,02b9000000050003027fff
35.82|02ba00000006000300030001:,02ba000000050003027fff
35.90|02bb00000006000300030001:,02bb000000050003027fff
35.93|02bc00000006000300030001:,02bc000000050003027fff
36.00|02bd00000006000300030001:,02bd000000050003027fff
36.05|02be00000006000300030001:,02be000000050003027fff
36.10|02bf00000006000300030001:,02bf000000050003027fff
36.15|02c000000006000300030001:,02c0000000050003027fff
36.18|02c100000006000300030001:,02c1000000050003027fff
36.26|02c200000006000300030001:,02c2000000050003027fff
36.31|02c300000006000300030001:,02c3000000050003027fff
36.34|02c400000006000300030001:,02c4000000050003027fff
36.39|02c500000006000300030001:,02c5000000050003027fff
36.46|02c600000006000300030001:,02c6000000050003027fff
36.51|02c700000006000300030001:,02c7000000050003027fff
36.54|02c800000006000300030001:,02c8000000050003027fff
36.61|02c900000006000300030001:,02c9000000050003027fff
36.66|02ca00000006000300030001:,02ca000000050003027fff
36.70|02cb00000006000300030001:,02cb000000050003027fff
36.77|02cc00000006000300030001:,02cc000000050003027fff
36.80|02cd00000006000300030001:,02cd000000050003027fff
36.87|02ce00000006000300030001:,02ce000000050003027fff
36.92|02cf00000006000300030001:,02cf000000050003027fff
36.97|02d000000006000300030001:,02d0000000050003027fff
37.02|02d100000006000300030001:,02d1000000050003027fff
37.06|02d200000006000300030001:,02d2000000050003027fff
37.11|02d300000006000300030001:,02d3000000050003027fc6
37.16|02d400000006000300030001:,02d4000000050003027fc6
37.21|02d500000006000300030001:,02d5000000050003027fb6
37.28|02d600000006000300030001:,02d6000000050003027fff
37.31|02d700000006000300030001:,02d7000000050003027fff
37.38|02d800000006000300030001:,02d8000000050003027fff
37.44|02d900000006000300030001:,02d9000000050003027fff
37.47|02da00000006000300030001:,02da000000050003027fff
37.52|02db00000006000300030001:,02db000000050003027fff
37.59|02dc00000006000300030001:,02dc000000050003027fff
37.62|02dd00000006000300030001:,02dd000000050003027fff
37.69|02de00000006000300030001:,02de000000050003027fba
37.74|02df00000006000300030001:,02df000000050003027ff4
37.80|02e000000006000300030001:,02e0000000050003027fff
37.83|02e100000006000300030001:,02e1000000050003027fff
37.88|02e200000006000300030001:,02e2000000050003027fff
37.95|02e300000006000300030001:,02e3000000050003027fff
38.00|02e400000006000300030001:,02e4000000050003027fff
38.05|02e500000006000300030001:,02e5000000050003027fce
38.10|02e600000006000300030001:,02e6000000050003027fce
38.13|02e700000006000300030001:,02e7000000050003027fce
38.21|02e800000006000300030001:,02e8000000050003027fb8
38.24|02e900000006000300030001:,02e9000000050003027fb8
38.31|02ea00000006000300030001:,02ea000000050003027fff
38.36|02eb00000006000300030001:,02eb000000050003027fff
38.41|02ec00000006000300030001:,02ec000000050003027fff
38.44|02ed00000006000300030001:,02ed000000050003027fff
38.49|02ee00000006000300030001:,02ee000000050003027fff
38.57|02ef00000006000300030001:,02ef000000050003027fff
38.60|02f000000006000300030001:,02f0000000050003027fff
38.67|02f100000006000300030001:,02f1000000050003027fff
38.70|02f200000006000300030001:,02f2000000050003027fff
38.75|02f300000006000300030001:,02f3000000050003027fce
38.80|02f400000006000300030001:,02f4000000050003027fff
38.85|02f500000006000300030001:,02f5000000050003027fff
38.91|02f600000006000300030001:,02f6000000050003027fff
38.96|02f700000006000300030001:,02f7000000050003027fff
39.01|02f800000006000300030001:,02f8000000050003027fce
39.08|02f900000006000300030001:,02f9000000050003027fce
39.11|02fa00000006000300030001:,02fa000000050003027fce
39.16|02fb00000006000300030001:,02fb000000050003027fce
39.23|02fc00000006000300030001:,02fc000000050003027feb
39.27|02fd00000006000300030001:,02fd000000050003027feb
39.34|02fe00000006000300030001:,02fe000000050003027ffc
39.37|02ff00000006000300030001:,02ff000000050003027ffc
39.44|030000000006000300030001:,0300000000050003027fff
39.49|030100000006000300030001:,0301000000050003027fff
39.52|030200000006000300030001:,0302000000050003027fff
39.57|030300000006000300030001:,0303000000050003027fff
39.62|030400000006000300030001:,0304000000050003027fff
39.68|030500000006000300030001:,0305000000050003027fff
39.75|030600000006000300030001:,0306000000050003027fff
39.80|030700000006000300030001:,0307000000050003027fff
39.85|030800000006000300030001:,0308000000050003027fff
39.88|030900000006000300030001:,0309000000050003027fff
39.95|030a00000006000300030001:,030a000000050003027fff
39.99|030b00000006000300030001:,030b000000050003027fff
40.06|030c00000006000300030001:,030c000000050003027fda
40.09|030d00000006000300030001:,030d000000050003027fff
40.16|030e00000006000300030001:,030e000000050003027fda
40.19|030f00000006000300030001:,030f000000050003027fda
40.26|031000000006000300030001:,0310000000050003027fff
40.31|031100000006000300030001:,0311000000050003027fff
40.37|031200000006000300030001:,0312000000050003027fff
40.40|031300000006000300030001:,0313000000050003027fff
40.45|031400000006000300030001:,0314000000050003027fff
40.50|031500000006000300030001:,0315000000050003027fff
40.57|031600000006000300030001:,0316000000050003027fff
40.60|031700000006000300030001:,0317000000050003027fff
40.67|031800000006000300030001:,0318000000050003027fff
40.70|031900000006000300030001:,0319000000050003027fff
40.78|031a00000006000300030001:,031a000000050003027fff
40.81|031b00000006000300030001:,031b000000050003027fff
40.88|031c00000006000300030001:,031c000000050003027fff
40.93|031d00000006000300030001:,031d000000050003027fff
40.98|031e00000006000300030001:,031e000000050003027fff
41.03|031f00000006000300030001:,031f000000050003027fff
41.08|032000000006000300030001:,0320000000050003027fff
41.14|032100000006000300030001:,0321000000050003027fda
41.19|032200000006000300030001:,0322000000050003027fff
41.24|032300000006000300030001:,0323000000050003027fff
41.27|032400000006000300030001:,0324000000050003027fe1
41.32|032500000006000300030001:,0325000000050003027fff
41.39|032600000006000300030001:,0326000000050003027fff
41.42|032700000006000300030001:,0327000000050003027fff
41.50|032800000006000300030001:,0328000000050003027fff
41.53|032900000006000300030001:,0329000000050003027fff
41.58|032a00000006000300030001:,032a000000050003027fff
41.65|032b00000006000300030001:,032b000000050003027fff
41.68|032c00000006000300030001:,032c000000050003027fff
41.73|032d00000006000300030001:,032d000000050003027fff
41.80|032e00000006000300030001:,032e000000050003027fff
41.85|032f00000006000300030001:,032f000000050003027fff
41.88|033000000006000300030001:,0330000000050003027fff
41.96|033100000006000300030001:,0331000000050003027fff
42.01|033200000006000300030001:,0332000000050003027fff
42.06|033300000006000300030001:,0333000000050003027fc8
42.11|033400000006000300030001:,0334000000050003027fc8
42.14|033500000006000300030001:,0335000000050003027fc8
42.19|033600000006000300030001:,0336000000050003027fc8
42.26|033700000006000300030001:,0337000000050003027fc8
42.29|033800000006000300030001:,0338000000050003027fff
42.35|033900000006000300030001:,0339000000050003027fc8
42.40|033a00000006000300030001:,033a000000050003027fff
42.45|033b00000006000300030001:,033b000000050003027fff
42.50|033c00000006000300030001:,033c000000050003027fff
42.57|033d00000006000300030001:,033d000000050003027fff
42.62|033e00000006000300030001:,033e000000050003027fff
42.67|033f00000006000300030001:,033f000000050003027ffe
42.73|034000000006000300030001:,0340000000050003027fff
42.78|034100000006000300030001:,0341000000050003027fff
42.81|034200000006000300030001:,0342000000050003027fff
42.86|034300000006000300030001:,0343000000050003027fc8
42.91|034400000006000300030001:,0344000000050003027fff
42.98|034500000006000300030001:,0345000000050003027fff
43.03|034600000006000300030001:,0346000000050003027fff
43.07|034700000006000300030001:,0347000000050003027fff
43.12|034800000006000300030001:,0348000000050003027fca
43.17|034900000006000300030001:,0349000000050003027fca
43.24|034a00000006000300030001:,034a000000050003027fe1
43.29|034b00000006000300030001:,034b000000050003027fff
43.32|034c00000006000300030001:,034c000000050003027fff
43.37|034d00000006000300030001:,034d000000050003027fff
43.42|034e00000006000300030001:,034e000000050003027fff
43.48|034f00000006000300030001:,034f000000050003027fff
43.53|035000000006000300030001:,0350000000050003027fff
43.58|035100000006000300030001:,0351000000050003027fff
43.63|035200000006000300030001:,0352000000050003027fff
43.70|035300000006000300030001:,0353000000050003027fd4
43.73|035400000006000300030001:,0354000000050003027fd4
43.80|035500000006000300030001:,0355000000050003027fff
43.83|035600000006000300030001:,0356000000050003027fff
43.91|035700000006000300030001:,0357000000050003027fff
43.94|035800000006000300030001:,0358000000050003027fff
44.01|035900000006000300030001:,0359000000050003027fff
44.04|035a00000006000300030001:,035a000000050003027fff
44.09|035b00000006000300030001:,035b000000050003027fff
44.14|035c00000006000300030001:,035c000000050003027fe1
44.19|035d00000006000300030001:,035d000000050003027fe1
44.25|035e00000006000300030001:,035e000000050003027fe1
44.30|035f00000006000300030001:,035f000000050003027fff
44.37|036000000006000300030001:,0360000000050003027fff
44.42|036100000006000300030001:,0361000000050003027fff
44.47|036200000006000300030001:,0362000000050003027fff
44.52|036300000006000300030001:,0363000000050003027fff
44.56|036400000006000300030001:,0364000000050003027fff
44.61|036500000006000300030001:,0365000000050003027fff
44.66|036600000006000300030001:,0366000000050003027fff
44.73|036700000006000300030001:,0367000000050003027fff
44.78|036800000006000300030001:,0368000000050003027fff
44.81|036900000006000300030001:,0369000000050003027fff
44.88|036a00000006000300030001:,036a000000050003027fff
44.91|036b00000006000300030001:,036b000000050003027fff
44.97|036c00000006000300030001:,036c000000050003027fff
45.04|036d00000006000300030001:,036d000000050003027fff
45.07|036e00000006000300030001:,036e000000050003027fff
45.12|036f00000006000300030001:,036f000000050003027fd2
45.17|037000000006000300030001:,0370000000050003027fda
45.22|037100000006000300030001:,0371000000050003027fed
45.27|037200000006000300030001:,0372000000050003027fff
45.32|037300000006000300030001:,0373000000050003027fff
45.38|037400000006000300030001:,0374000000050003027fff
45.43|037500000006000300030001:,0375000000050003027fff
45.50|037600000006000300030001:,0376000000050003027fff
45.53|037700000006000300030001:,0377000000050003027fff
45.58|037800000006000300030001:,0378000000050003027fff
45.63|037900000006000300030001:,0379000000050003027fff
45.68|037a00000006000300030001:,037a000000050003027fff
45.73|037b00000006000300030001:,037b000000050003027fff
45.79|037c00000006000300030001:,037c000000050003027fff
45.86|037d00000006000300030001:,037d000000050003027fff
45.91|037e00000006000300030001:,037e000000050003027fff
45.96|037f00000006000300030001:,037f000000050003027fff
46.01|038000000006000300030001:,0380000000050003027fff
46.04|038100000006000300030001:,0381000000050003027fff
46.10|038200000006000300030001:,0382000000050003027fc2
46.17|038300000006000300030001:,0383000000050003027fda
46.20|038400000006000300030001:,0384000000050003027fc2
46.27|038500000006000300030001:,0385000000050003027fc2
46.32|038600000006000300030001:,0386000000050003027fc2
46.35|038700000006000300030001:,0387000000050003027ff4
46.40|038800000006000300030001:,0388000000050003027fff
46.46|038900000006000300030001:,0389000000050003027fff
46.51|038a00000006000300030001:,038a000000050003027fff
46.56|038b00000006000300030001:,038b000000050003027fff
46.61|038c00000006000300030001:,038c000000050003027fff
46.66|038d00000006000300030001:,038d000000050003027fff
46.73|038e00000006000300030001:,038e000000050003027ffd
46.76|038f00000006000300030001:,038f000000050003027ffd
46.83|039000000006000300030001:,0390000000050003027fff
46.89|039100000006000300030001:,0391000000050003027fff
46.94|039200000006000300030001:,0392000000050003027fff
46.97|039300000006000300030001:,0393000000050003027fff
47.04|039400000006000300030001:,0394000000050003027fff
47.07|039500000006000300030001:,0395000000050003027fff
47.15|039600000006000300030001:,0396000000050003027fff
47.20|039700000006000300030001:,0397000000050003027fed
47.23|039800000006000300030001:,0398000000050003027fed
47.28|039900000006000300030001:,0399000000050003027fc8
47.35|039a00000006000300030001:,039a000000050003027fff
47.38|039b00000006000300030001:,039b000000050003027fff
47.45|039c00000006000300030001:,039c000000050003027fff
47.48|039d00000006000300030001:,039d000000050003027fff
47.56|039e00000006000300030001:,039e000000050003027fff
47.61|039f00000006000300030001:,039f000000050003027fff
47.64|03a000000006000300030001:,03a0000000050003027fff
47.71|03a100000006000300030001:,03a1000000050003027fff
47.74|03a200000006000300030001:,03a2000000050003027fff
47.81|03a300000006000300030001:,03a3000000050003027fff
47.85|03a400000006000300030001:,03a4000000050003027fff
47.90|03a500000006000300030001:,03a5000000050003027fff
47.95|03a600000006000300030001:,03a6000000050003027fff
48.02|03a700000006000300030001:,03a7000000050003027fff
48.05|03a800000006000300030001:,03a8000000050003027fff
48.10|03a900000006000300030001:,03a9000000050003027fff
48.18|03aa00000006000300030001:,03aa000000050003027fff
48.23|03ab00000006000300030001:,03ab000000050003027fff
48.26|03ac00000006000300030001:,03ac000000050003027fff
48.33|03ad00000006000300030001:,03ad000000050003027fff
48.36|03ae00000006000300030001:,03ae000000050003027fff
48.41|03af00000006000300030001:,03af000000050003027fff
48.48|03b000000006000300030001:,03b0000000050003027fff
48.53|03b100000006000300030001:,03b1000000050003027fff
48.57|03b200000006000300030001:,03b2000000050003027fff
48.64|03b300000006000300030001:,03b3000000050003027fff
48.69|03b400000006000300030001:,03b4000000050003027fff
48.72|03b500000006000300030001:,03b5000000050003027fff
48.79|03b600000006000300030001:,03b6000000050003027fff
48.84|03b700000006000300030001:,03b7000000050003027fff
48.87|03b800000006000300030001:,03b8000000050003027fff
48.94|03b900000006000300030001:,03b9000000050003027fff
48.98|03ba00000006000300030001:,03ba000000050003027fff
49.05|03bb00000006000300030001:,03bb000000050003027fd2
49.08|03bc00000006000300030001:,03bc000000050003027fd2
49.15|03bd00000006000300030001:,03bd000000050003027fd2
49.20|03be00000006000300030001:,03be000000050003027fd8
49.25|03bf00000006000300030001:,03bf000000050003027fd8
49.30|03c000000006000300030001:,03c0000000050003027ff3
49.35|03c100000006000300030001:,03c1000000050003027ff3
49.39|03c200000006000300030001:,03c2000000050003027fff
49.44|03c300000006000300030001:,03c3000000050003027fff
49.49|03c400000006000300030001:,03c4000000050003027fff
49.54|03c500000006000300030001:,03c5000000050003027fff
49.59|03c600000006000300030001:,03c6000000050003027fff
49.64|03c700000006000300030001:,03c7000000050003027fff
49.72|03c800000006000300030001:,03c8000000050003027fd8
49.77|03c900000006000300030001:,03c9000000050003027fd8
49.80|03ca00000006000300030001:,03ca000000050003027fff
49.87|03cb00000006000300030001:,03cb000000050003027fff
49.92|03cc00000006000300030001:,03cc000000050003027fff
49.97|03cd00000006000300030001:,03cd000000050003027fff
50.02|03ce00000006000300030001:,03ce000000050003027fff
50.05|03cf00000006000300030001:,03cf000000050003027fff
50.13|03d000000006000300030001:,03d0000000050003027fff
50.16|03d100000006000300030001:,03d1000000050003027fff
50.23|03d200000006000300030001:,03d2000000050003027fff
50.26|03d300000006000300030001:,03d3000000050003027fff
50.31|03d400000006000300030001:,03d4000000050003027fff
50.36|03d500000006000300030001:,03d5000000050003027fff
50.41|03d600000006000300030001:,03d6000000050003027fff
50.47|03d700000006000300030001:,03d7000000050003027fff
50.54|03d800000006000300030001:,03d8000000050003027fff
50.57|03d900000006000300030001:,03d9000000050003027fff
50.64|03da00000006000300030001:,03da000000050003027fff
50.67|03db00000006000300030001:,03db000000050003027fff
50.72|03dc00000006000300030001:,03dc000000050003027fff
50.77|03dd00000006000300030001:,03dd000000050003027fff
50.84|03de00000006000300030001:,03de000000050003027ffb
50.88|03df00000006000300030001:,03df000000050003027ffb
50.95|03e000000006000300030001:,03e0000000050003027fff
51.00|03e100000006000300030001:,03e1000000050003027fff
51.05|03e200000006000300030001:,03e2000000050003027fff
51.10|03e300000006000300030001:,03e3000000050003027fff
51.13|03e400000006000300030001:,03e4000000050003027fff
51.21|03e500000006000300030001:,03e5000000050003027fff
51.26|03e600000006000300030001:,03e6000000050003027fff
51.31|03e700000006000300030001:,03e7000000050003027fff
51.34|03e800000006000300030001:,03e8000000050003027fff
51.39|03e900000006000300030001:,03e9000000050003027fff
51.46|03ea00000006000300030001:,03ea000000050003027fff
51.49|03eb00000006000300030001:,03eb000000050003027fff
51.54|03ec00000006000300030001:,03ec000000050003027fff
51.59|03ed00000006000300030001:,03ed000000050003027fff
51.65|03ee00000006000300030001:,03ee000000050003027fff
51.72|03ef00000006000300030001:,03ef000000050003027fff
51.77|03f000000006000300030001:,03f0000000050003027fff
51.82|03f100000006000300030001:,03f1000000050003027fd3
51.87|03f200000006000300030001:,03f2000000050003027fd3
51.92|03f300000006000300030001:,03f3000000050003027fd3
51.95|03f400000006000300030001:,03f4000000050003027fff
52.03|03f500000006000300030001:,03f5000000050003027fff
52.08|03f600000006000300030001:,03f6000000050003027fff
52.13|03f700000006000300030001:,03f7000000050003027fff
52.18|03f800000006000300030001:,03f8000000050003027fff
52.23|03f900000006000300030001:,03f9000000050003027fff
52.28|03fa00000006000300030001:,03fa000000050003027fff
52.31|03fb00000006000300030001:,03fb000000050003027fe8
52.39|03fc00000006000300030001:,03fc000000050003027fe8
52.44|03fd00000006000300030001:,03fd000000050003027fff
52.49|03fe00000006000300030001:,03fe000000050003027fff
52.54|03ff00000006000300030001:,03ff000000050003027fff
52.59|040000000006000300030001:,0400000000050003027fff
52.64|040100000006000300030001:,0401000000050003027fff
52.67|040200000006000300030001:,0402000000050003027fff
52.74|040300000006000300030001:,0403000000050003027fff
52.78|040400000006000300030001:,0404000000050003027fff
52.85|040500000006000300030001:,0405000000050003027fa8
52.88|040600000006000300030001:,0406000000050003027fff
52.93|040700000006000300030001:,0407000000050003027fe6
53.00|040800000006000300030001:,0408000000050003027fff
53.03|040900000006000300030001:,0409000000050003027fff
53.10|040a00000006000300030001:,040a000000050003027fff
53.14|040b00000006000300030001:,040b000000050003027fff
53.21|040c00000006000300030001:,040c000000050003027fff
53.26|040d00000006000300030001:,040d000000050003027fff
53.29|040e00000006000300030001:,040e000000050003027fff
53.36|040f00000006000300030001:,040f000000050003027fe5
53.41|041000000006000300030001:,0410000000050003027fea
53.44|041100000006000300030001:,0411000000050003027fea
53.51|041200000006000300030001:,0412000000050003027fff
53.57|041300000006000300030001:,0413000000050003027fff
53.60|041400000006000300030001:,0414000000050003027fff
53.67|041500000006000300030001:,0415000000050003027fff
53.72|041600000006000300030001:,0416000000050003027fff
53.77|041700000006000300030001:,0417000000050003027fff
53.80|041800000006000300030001:,0418000000050003027faa
53.86|041900000006000300030001:,0419000000050003027faa
53.93|041a00000006000300030001:,041a000000050003027fff
53.98|041b00000006000300030001:,041b000000050003027fff
54.01|041c00000006000300030001:,041c000000050003027fff
54.08|041d00000006000300030001:,041d000000050003027fff
54.11|041e00000006000300030001:,041e000000050003027fff
54.17|041f00000006000300030001:,041f000000050003027fff
54.24|042000000006000300030001:,0420000000050003027fff
54.27|042100000006000300030001:,0421000000050003027fff
54.34|042200000006000300030001:,0422000000050003027fea
54.39|042300000006000300030001:,0423000000050003027fea
54.44|042400000006000300030001:,0424000000050003027fea
54.49|042500000006000300030001:,0425000000050003027fea
54.53|042600000006000300030001:,0426000000050003027fdd
54.60|042700000006000300030001:,0427000000050003027fff
54.63|042800000006000300030001:,0428000000050003027fff
54.70|042900000006000300030001:,0429000000050003027fff
54.75|042a00000006000300030001:,042a000000050003027fff
54.80|042b00000006000300030001:,042b000000050003027ffa
54.83|042c00000006000300030001:,042c000000050003027ffa
54.88|042d00000006000300030001:,042d000000050003027ffa
54.96|042e00000006000300030001:,042e000000050003027f4a
55.01|042f00000006000300030001:,042f000000050003027fff
55.06|043000000006000300030001:,0430000000050003027fff
55.11|043100000006000300030001:,0431000000050003027fff
55.14|043200000006000300030001:,0432000000050003027fff
55.19|043300000006000300030001:,0433000000050003027fff
55.26|043400000006000300030001:,0434000000050003027fff
55.31|043500000006000300030001:,0435000000050003027fe6
55.37|043600000006000300030001:,0436000000050003027ffa
55.42|043700000006000300030001:,0437000000050003027fda
55.45|043800000006000300030001:,0438000000050003027fe6
55.50|043900000006000300030001:,0439000000050003027fff
55.57|043a00000006000300030001:,043a000000050003027fff
55.62|043b00000006000300030001:,043b000000050003027fff
55.66|043c00000006000300030001:,043c000000050003027fff
55.73|043d00000006000300030001:,043d000000050003027fff
55.78|043e00000006000300030001:,043e000000050003027fff
55.83|043f00000006000300030001:,043f000000050003027ffa
55.86|044000000006000300030001:,0440000000050003027ffa
55.93|044100000006000300030001:,0441000000050003027fff
55.96|044200000006000300030001:,0442000000050003027fff
56.03|044300000006000300030001:,0443000000050003027fff
56.07|044400000006000300030001:,0444000000050003027fff
56.14|044500000006000300030001:,0445000000050003027fff
56.17|044600000006000300030001:,0446000000050003027fff
56.22|044700000006000300030001:,0447000000050003027fff
56.29|044800000006000300030001:,0448000000050003027fff
56.32|044900000006000300030001:,0449000000050003027fe5
56.39|044a00000006000300030001:,044a000000050003027fff
56.44|044b00000006000300030001:,044b000000050003027fff
56.49|044c00000006000300030001:,044c000000050003027fff
56.54|044d00000006000300030001:,044d000000050003027fff
56.60|044e00000006000300030001:,044e000000050003027fff
56.65|044f00000006000300030001:,044f000000050003027fff
56.70|045000000006000300030001:,0450000000050003027fff
56.73|045100000006000300030001:,0451000000050003027fff
56.80|045200000006000300030001:,0452000000050003027f98
56.83|045300000006000300030001:,0453000000050003027f98
56.90|045400000006000300030001:,0454000000050003027fe6
56.95|045500000006000300030001:,0455000000050003027fe6
56.99|045600000006000300030001:,0456000000050003027f98
57.04|045700000006000300030001:,0457000000050003027fff
57.09|045800000006000300030001:,0458000000050003027fff
57.16|045900000006000300030001:,0459000000050003027fff
57.19|045a00000006000300030001:,045a000000050003027fff
57.24|045b00000006000300030001:,045b000000050003027fff
57.30|045c00000006000300030001:,045c000000050003027ffa
57.35|045d00000006000300030001:,045d000000050003027ffa
57.42|045e00000006000300030001:,045e000000050003027fdb
57.45|045f00000006000300030001:,045f000000050003027fdb
57.52|046000000006000300030001:,0460000000050003027fff
57.55|046100000006000300030001:,0461000000050003027fff
57.60|046200000006000300030001:,0462000000050003027fff
57.65|046300000006000300030001:,0463000000050003027fff
57.73|046400000006000300030001:,0464000000050003027fff
57.78|046500000006000300030001:,0465000000050003027ffa
57.83|046600000006000300030001:,0466000000050003027ffa
57.86|046700000006000300030001:,0467000000050003027ffa
57.91|046800000006000300030001:,0468000000050003027fe6
57.98|046900000006000300030001:,0469000000050003027fe6
58.03|046a00000006000300030001:,046a000000050003027fff
58.06|046b00000006000300030001:,046b000000050003027fff
58.12|046c00000006000300030001:,046c000000050003027fff
58.19|046d00000006000300030001:,046d000000050003027fff
58.24|046e00000006000300030001:,046e000000050003027fff
58.27|046f00000006000300030001:,046f000000050003027fff
58.34|047000000006000300030001:,0470000000050003027fe5
58.39|047100000006000300030001:,0471000000050003027fe5
58.45|047200000006000300030001:,0472000000050003027fe6
58.50|047300000006000300030001:,0473000000050003027fff
58.53|047400000006000300030001:,0474000000050003027fff
58.58|047500000006000300030001:,0475000000050003027fff
58.63|047600000006000300030001:,0476000000050003027fff
58.70|047700000006000300030001:,0477000000050003027fff
58.73|047800000006000300030001:,0478000000050003027fff
58.81|047900000006000300030001:,0479000000050003027ffa
58.86|047a00000006000300030001:,047a000000050003027ffa
58.89|047b00000006000300030001:,047b000000050003027ffa
58.96|047c00000006000300030001:,047c000000050003027fff
58.99|047d00000006000300030001:,047d000000050003027fff
59.06|047e00000006000300030001:,047e000000050003027fff
59.11|047f00000006000300030001:,047f000000050003027fff
59.14|048000000006000300030001:,0480000000050003027fff
59.20|048100000006000300030001:,0481000000050003027fff
59.27|048200000006000300030001:,0482000000050003027fff
59.30|048300000006000300030001:,0483000000050003027f9e
59.37|048400000006000300030001:,0484000000050003027fe6
59.40|048500000006000300030001:,0485000000050003027fdb
59.45|048600000006000300030001:,0486000000050003027fdb
59.50|048700000006000300030001:,0487000000050003027fff
59.55|048800000006000300030001:,0488000000050003027fff
59.63|048900000006000300030001:,0489000000050003027fff
59.66|048a00000006000300030001:,048a000000050003027fff
59.71|048b00000006000300030001:,048b000000050003027fff
59.76|048c00000006000300030001:,048c000000050003027fff
59.81|048d00000006000300030001:,048d000000050003027ffa
59.88|048e00000006000300030001:,048e000000050003027ffa
59.92|048f00000006000300030001:,048f000000050003027fe6
59.97|049000000006000300030001:,0490000000050003027fff
60.04|049100000006000300030001:,0491000000050003027fff
60.07|049200000006000300030001:,0492000000050003027fff
60.14|049300000006000300030001:,0493000000050003027fff
60.17|049400000006000300030001:,0494000000050003027fff
60.24|049500000006000300030001:,0495000000050003027fff
60.27|049600000006000300030001:,0496000000050003027fff
60.35|049700000006000300030001:,0497000000050003027fee
60.40|049800000006000300030001:,0498000000050003027fed
60.43|049900000006000300030001:,0499000000050003027fed
60.50|049a00000006000300030001:,049a000000050003027fff
60.53|049b00000006000300030001:,049b000000050003027fff
60.60|049c00000006000300030001:,049c000000050003027fff
60.66|049d00000006000300030001:,049d000000050003027fff
60.71|049e00000006000300030001:,049e000000050003027fff
60.74|049f00000006000300030001:,049f000000050003027fff
60.81|04a000000006000300030001:,04a0000000050003027ffa
60.86|04a100000006000300030001:,04a1000000050003027ffa
60.89|04a200000006000300030001:,04a2000000050003027ffa
60.96|04a300000006000300030001:,04a3000000050003027fe6
60.99|04a400000006000300030001:,04a4000000050003027fff
61.07|04a500000006000300030001:,04a5000000050003027fff
61.12|04a600000006000300030001:,04a6000000050003027fff
61.17|04a700000006000300030001:,04a7000000050003027fff
61.22|04a800000006000300030001:,04a8000000050003027fff
61.25|04a900000006000300030001:,04a9000000050003027fff
61.32|04aa00000006000300030001:,04aa000000050003027f58
61.37|04ab00000006000300030001:,04ab000000050003027f58
61.41|04ac00000006000300030001:,04ac000000050003027f48
61.46|04ad00000006000300030001:,04ad000000050003027f48
61.53|04ae00000006000300030001:,04ae000000050003027fff
61.56|04af00000006000300030001:,04af000000050003027fff
61.61|04b000000006000300030001:,04b0000000050003027fff
61.68|04b100000006000300030001:,04b1000000050003027fff
61.74|04b200000006000300030001:,04b2000000050003027fff
61.79|04b300000006000300030001:,04b3000000050003027fff
61.82|04b400000006000300030001:,04b4000000050003027ffa
61.89|04b500000006000300030001:,04b5000000050003027f58
61.94|04b600000006000300030001:,04b6000000050003027fff
61.97|04b700000006000300030001:,04b7000000050003027fff
62.02|04b800000006000300030001:,04b8000000050003027fff
62.08|04b900000006000300030001:,04b9000000050003027fff
62.13|04ba00000006000300030001:,04ba000000050003027fff
62.20|04bb00000006000300030001:,04bb000000050003027fff
62.25|04bc00000006000300030001:,04bc000000050003027fff
62.30|04bd00000006000300030001:,04bd000000050003027f57
62.35|04be00000006000300030001:,04be000000050003027f57
62.40|04bf00000006000300030001:,04bf000000050003027f57
62.46|04c000000006000300030001:,04c0000000050003027f57
62.49|04c100000006000300030001:,04c1000000050003027f57
62.54|04c200000006000300030001:,04c2000000050003027fff
62.59|04c300000006000300030001:,04c3000000050003027fff
62.64|04c400000006000300030001:,04c4000000050003027fff
62.69|04c500000006000300030001:,04c5000000050003027fff
62.76|04c600000006000300030001:,04c6000000050003027fff
62.80|04c700000006000300030001:,04c7000000050003027f58
62.87|04c800000006000300030001:,04c8000000050003027f58
62.92|04c900000006000300030001:,04c9000000050003027fe6
62.95|04ca00000006000300030001:,04ca000000050003027fff
63.00|04cb00000006000300030001:,04cb000000050003027fff
63.06|04cc00000006000300030001:,04cc000000050003027fff
63.11|04cd00000006000300030001:,04cd000000050003027fff
63.18|04ce00000006000300030001:,04ce000000050003027fff
63.21|04cf00000006000300030001:,04cf000000050003027fff
63.28|04d000000006000300030001:,04d0000000050003027fff
63.31|04d100000006000300030001:,04d1000000050003027ffa
63.36|04d200000006000300030001:,04d2000000050003027ffa
63.44|04d300000006000300030001:,04d3000000050003027fed
63.49|04d400000006000300030001:,04d4000000050003027fff
63.54|04d500000006000300030001:,04d5000000050003027fff
63.59|04d600000006000300030001:,04d6000000050003027fff
63.64|04d700000006000300030001:,04d7000000050003027fff
63.67|04d800000006000300030001:,04d8000000050003027fff
63.74|04d900000006000300030001:,04d9000000050003027fff
63.80|04da00000006000300030001:,04da000000050003027ffa
63.85|04db00000006000300030001:,04db000000050003027ffa
63.90|04dc00000006000300030001:,04dc000000050003027ffa
63.95|04dd00000006000300030001:,04dd000000050003027fff
63.98|04de00000006000300030001:,04de000000050003027ffa
64.03|04df00000006000300030001:,04df000000050003027fff
64.10|04e000000006000300030001:,04e0000000050003027fff
64.15|04e100000006000300030001:,04e1000000050003027fff
64.20|04e200000006000300030001:,04e2000000050003027fff
64.24|04e300000006000300030001:,04e3000000050003027fff
64.31|04e400000006000300030001:,04e4000000050003027fed
64.36|04e500000006000300030001:,04e5000000050003027fed
64.39|04e600000006000300030001:,04e6000000050003027fed
64.44|04e700000006000300030001:,04e7000000050003027fdc
64.51|04e800000006000300030001:,04e8000000050003027fff
64.56|04e900000006000300030001:,04e9000000050003027fff
64.61|04ea00000006000300030001:,04ea000000050003027fff
64.64|04eb00000006000300030001:,04eb000000050003027fff
64.70|04ec00000006000300030001:,04ec000000050003027fff
64.75|04ed00000006000300030001:,04ed000000050003027fff
64.82|04ee00000006000300030001:,04ee000000050003027ffa
64.85|04ef00000006000300030001:,04ef000000050003027ffa
64.92|04f000000006000300030001:,04f0000000050003027fe6
64.97|04f100000006000300030001:,04f1000000050003027fe6
65.01|04f200000006000300030001:,04f2000000050003027fff
65.06|04f300000006000300030001:,04f3000000050003027fff
65.11|04f400000006000300030001:,04f4000000050003027fff
65.18|04f500000006000300030001:,04f5000000050003027fff
65.21|04f600000006000300030001:,04f6000000050003027fff
65.26|04f700000006000300030001:,04f7000000050003027fff
65.33|04f800000006000300030001:,04f8000000050003027fed
65.37|04f900000006000300030001:,04f9000000050003027fed
65.44|04fa00000006000300030001:,04fa000000050003027fed
65.47|04fb00000006000300030001:,04fb000000050003027fed
65.52|04fc00000006000300030001:,04fc000000050003027fff
65.57|04fd00000006000300030001:,04fd000000050003027fff
65.62|04fe00000006000300030001:,04fe000000050003027fff
65.68|04ff00000006000300030001:,04ff000000050003027fff
65.75|050000000006000300030001:,05000000000050003027fff
65.78|050100000006000300030001:,0501000000050003027fff
65.85|050200000006000300030001:,0502000000050003027fff
65.90|050300000006000300030001:,0503000000050003027fff
65.93|050400000006000300030001:,0504000000050003027fff
65.98|050500000006000300030001:,0505000000050003027fff
66.05|050600000006000300030001:,0506000000050003027fff
66.09|050700000006000300030001:,0507000000050003027fff
66.16|050800000006000300030001:,0508000000050003027fff
66.19|050900000006000300030001:,0509000000050003027fff
66.24|050a00000006000300030001:,050a000000050003027fff
66.31|050b00000006000300030001:,050b000000050003027f58
66.34|050c00000006000300030001:,050c000000050003027f58
66.39|050d00000006000300030001:,050d000000050003027f58
66.47|050e00000006000300030001:,050e000000050003027fdd
66.50|050f00000006000300030001:,050f000000050003027fff
66.57|051000000006000300030001:,0510000000050003027fff
66.62|051100000006000300030001:,0511000000050003027fff
66.67|051200000006000300030001:,0512000000050003027fff
66.70|051300000006000300030001:,0513000000050003027fff
66.77|051400000006000300030001:,0514000000050003027fff
66.82|051500000006000300030001:,0515000000050003027f58
66.88|051600000006000300030001:,0516000000050003027f58
66.93|051700000006000300030001:,0517000000050003027fff
66.98|051800000006000300030001:,0518000000050003027fff
67.01|051900000006000300030001:,0519000000050003027fff
67.08|051a00000006000300030001:,051a000000050003027fff
67.11|051b00000006000300030001:,051b000000050003027fff
67.19|051c00000006000300030001:,051c000000050003027fff
67.24|051d00000006000300030001:,051d000000050003027fff
67.27|051e00000006000300030001:,051e000000050003027fff
67.34|051f00000006000300030001:,051f000000050003027f9c
67.39|052000000006000300030001:,0520000000050003027fff
67.44|052100000006000300030001:,0521000000050003027fda
67.47|052200000006000300030001:,0522000000050003027fff
67.54|052300000006000300030001:,0523000000050003027fff
67.60|052400000006000300030001:,0524000000050003027fff
67.63|052500000006000300030001:,0525000000050003027fff
67.68|052600000006000300030001:,0526000000050003027fff
67.73|052700000006000300030001:,0527000000050003027fff
67.78|052800000006000300030001:,0528000000050003027fff
67.83|052900000006000300030001:,0529000000050003027fff
67.90|052a00000006000300030001:,052a000000050003027fff
67.95|052b00000006000300030001:,052b000000050003027fff
68.00|052c00000006000300030001:,052c000000050003027fff
68.04|052d00000006000300030001:,052d000000050003027fff
68.11|052e00000006000300030001:,052e000000050003027fff
68.16|052f00000006000300030001:,052f000000050003027fff
68.21|053000000006000300030001:,0530000000050003027fff
68.24|053100000006000300030001:,0531000000050003027fff
68.29|053200000006000300030001:,0532000000050003027ffa
68.36|053300000006000300030001:,0533000000050003027fc6
68.42|053400000006000300030001:,0534000000050003027fda
68.45|053500000006000300030001:,0535000000050003027fda
68.52|053600000006000300030001:,0536000000050003027fff
68.57|053700000006000300030001:,0537000000050003027fff
68.62|053800000006000300030001:,0538000000050003027fff
68.65|053900000006000300030001:,0539000000050003027fff
68.70|053a00000006000300030001:,053a000000050003027fff
68.75|053b00000006000300030001:,053b000000050003027fff
68.83|053c00000006000300030001:,053c000000050003027ffa
68.88|053d00000006000300030001:,053d000000050003027ffa
68.93|053e00000006000300030001:,053e000000050003027fce
68.98|053f00000006000300030001:,053f000000050003027f9c
69.03|054000000006000300030001:,0540000000050003027fff
69.06|054100000006000300030001:,0541000000050003027fff
69.11|054200000006000300030001:,0542000000050003027fff
69.18|054300000006000300030001:,0543000000050003027fff
69.24|054400000006000300030001:,0544000000050003027fff
69.29|054500000006000300030001:,0545000000050003027fff
69.34|054600000006000300030001:,0546000000050003027efc
69.39|054700000006000300030001:,0547000000050003027fd8
69.44|054800000006000300030001:,0548000000050003027fdb
69.49|054900000006000300030001:,0549000000050003027fff
69.54|054a00000006000300030001:,054a000000050003027fff
69.57|054b00000006000300030001:,054b000000050003027fff
69.65|054c00000006000300030001:,054c000000050003027fff
69.68|054d00000006000300030001:,054d000000050003027fff
69.75|054e00000006000300030001:,054e000000050003027fff
69.80|054f00000006000300030001:,054f000000050003027fff
69.85|055000000006000300030001:,0550000000050003027fff
69.90|055100000006000300030001:,0551000000050003027fff
69.95|055200000006000300030001:,0552000000050003027fff
70.00|055300000006000300030001:,0553000000050003027fff
70.06|055400000006000300030001:,0554000000050003027fff
70.11|055500000006000300030001:,0555000000050003027fff
70.16|055600000006000300030001:,0556000000050003027fff
70.19|055700000006000300030001:,0557000000050003027fff
70.26|055800000006000300030001:,0558000000050003027fff
70.29|055900000006000300030001:,0559000000050003027fff
70.36|055a00000006000300030001:,055a000000050003027fce
70.40|055b00000006000300030001:,055b000000050003027fba
70.47|055c00000006000300030001:,055c000000050003027fba
70.50|055d00000006000300030001:,055d000000050003027fff
70.55|055e00000006000300030001:,055e000000050003027fff
70.62|055f00000006000300030001:,055f000000050003027fff
70.67|056000000006000300030001:,0560000000050003027fff
70.72|056100000006000300030001:,0561000000050003027fff
70.76|056200000006000300030001:,0562000000050003027fff
70.83|056300000006000300030001:,0563000000050003027fff
70.88|056400000006000300030001:,0564000000050003027fff
70.91|056500000006000300030001:,0565000000050003027fce
70.98|056600000006000300030001:,0566000000050003027fc8
71.01|056700000006000300030001:,0567000000050003027fff
71.08|056800000006000300030001:,0568000000050003027fff
71.12|056900000006000300030001:,0569000000050003027fff
71.17|056a00000006000300030001:,056a000000050003027fff
71.22|056b00000006000300030001:,056b000000050003027fff
71.27|056c00000006000300030001:,056c000000050003027fff
71.32|056d00000006000300030001:,056d000000050003027fce
71.38|056e00000006000300030001:,056e000000050003027fda
71.45|056f00000006000300030001:,056f000000050003027fd8
71.48|057000000006000300030001:,0570000000050003027fdb
71.53|057100000006000300030001:,0571000000050003027fda
71.58|057200000006000300030001:,0572000000050003027fff
71.63|057300000006000300030001:,0573000000050003027fff
71.68|057400000006000300030001:,0574000000050003027fff
71.73|057500000006000300030001:,0575000000050003027fff
71.81|057600000006000300030001:,0576000000050003027fff
71.84|057700000006000300030001:,0577000000050003027fff
71.91|057800000006000300030001:,0578000000050003027fa8
71.94|057900000006000300030001:,0579000000050003027fd4
72.01|057a00000006000300030001:,057a000000050003027fff
72.06|057b00000006000300030001:,057b000000050003027fff
72.11|057c00000006000300030001:,057c000000050003027fff
72.15|057d00000006000300030001:,057d000000050003027fff
72.20|057e00000006000300030001:,057e000000050003027fff
72.25|057f00000006000300030001:,057f000000050003027fff
72.32|058000000006000300030001:,0580000000050003027fc2
72.37|058100000006000300030001:,0581000000050003027fc2
72.40|058200000006000300030001:,0582000000050003027fa2
72.45|058300000006000300030001:,0583000000050003027fa2
72.52|058400000006000300030001:,0584000000050003027fa8
72.58|058500000006000300030001:,0585000000050003027fa8
72.63|058600000006000300030001:,0586000000050003027fff
72.68|058700000006000300030001:,0587000000050003027fff
72.73|058800000006000300030001:,0588000000050003027fff
72.78|058900000006000300030001:,0589000000050003027fff
72.83|058a00000006000300030001:,058a000000050003027fff
72.86|058b00000006000300030001:,058b000000050003027fff
72.91|058c00000006000300030001:,058c000000050003027fa8
72.97|058d00000006000300030001:,058d000000050003027fa8
73.02|058e00000006000300030001:,058e000000050003027fff
73.07|058f00000006000300030001:,058f000000050003027fff
73.12|059000000006000300030001:,0590000000050003027fff
73.17|059100000006000300030001:,0591000000050003027fff
73.24|059200000006000300030001:,0592000000050003027fff
73.29|059300000006000300030001:,0593000000050003027fce
73.34|059400000006000300030001:,0594000000050003027fce
73.40|059500000006000300030001:,0595000000050003027fba
73.45|059600000006000300030001:,0596000000050003027fba
73.50|059700000006000300030001:,0597000000050003027fba
73.53|059800000006000300030001:,0598000000050003027fff
73.60|059900000006000300030001:,0599000000050003027fff
73.63|059a00000006000300030001:,059a000000050003027fff
73.70|059b00000006000300030001:,059b000000050003027fff
73.76|059c00000006000300030001:,059c000000050003027fff
73.79|059d00000006000300030001:,059d000000050003027fff
73.86|059e00000006000300030001:,059e000000050003027fff
73.89|059f00000006000300030001:,059f000000050003027fce
73.94|05a000000006000300030001:,05a0000000050003027fce
73.99|05a100000006000300030001:,05a1000000050003027fff
74.06|05a200000006000300030001:,05a2000000050003027fe0
74.12|05a300000006000300030001:,05a3000000050003027fff
74.17|05a400000006000300030001:,05a4000000050003027fff
74.22|05a500000006000300030001:,05a5000000050003027fff
74.25|05a600000006000300030001:,05a6000000050003027fff
74.30|05a700000006000300030001:,05a7000000050003027fc8
74.37|05a800000006000300030001:,05a8000000050003027fc6
74.40|05a900000006000300030001:,05a9000000050003027fe8
74.47|05aa00000006000300030001:,05aa000000050003027fdc
74.50|05ab00000006000300030001:,05ab000000050003027fe8
74.55|05ac00000006000300030001:,05ac000000050003027fe8
74.61|05ad00000006000300030001:,05ad000000050003027fff
74.68|05ae00000006000300030001:,05ae000000050003027fff
74.71|05af00000006000300030001:,05af000000050003027fff
74.78|05b000000006000300030001:,05b0000000050003027fff
74.81|05b100000006000300030001:,05b1000000050003027fff
74.86|05b200000006000300030001:,05b2000000050003027fff
74.91|05b300000006000300030001:,05b3000000050003027fa8
74.98|05b400000006000300030001:,05b4000000050003027fa8
75.02|05b500000006000300030001:,05b5000000050003027fff
75.09|05b600000006000300030001:,05b6000000050003027fff
75.14|05b700000006000300030001:,05b7000000050003027fff
75.17|05b800000006000300030001:,05b8000000050003027fff
75.24|05b900000006000300030001:,05b9000000050003027fff
75.29|05ba00000006000300030001:,05ba000000050003027fff
75.34|05bb00000006000300030001:,05bb000000050003027fd8
75.40|05bc00000006000300030001:,05bc000000050003027fd8
75.43|05bd00000006000300030001:,05bd000000050003027fd8
75.48|05be00000006000300030001:,05be000000050003027fd8
75.53|05bf00000006000300030001:,05bf000000050003027fff
75.58|05c000000006000300030001:,05c0000000050003027fff
75.65|05c100000006000300030001:,05c1000000050003027fff
75.70|05c200000006000300030001:,05c2000000050003027fff
75.74|05c300000006000300030001:,05c3000000050003027fff
75.79|05c400000006000300030001:,05c4000000050003027fff
75.84|05c500000006000300030001:,05c5000000050003027fd8
75.89|05c600000006000300030001:,05c6000000050003027fd8
75.94|05c700000006000300030001:,05c7000000050003027fd8
76.00|05c800000006000300030001:,05c8000000050003027fff
76.07|05c900000006000300030001:,05c9000000050003027fff
76.12|05ca00000006000300030001:,05ca000000050003027fff
76.15|05cb00000006000300030001:,05cb000000050003027fff
76.22|05cc00000006000300030001:,05cc000000050003027fff
76.25|05cd00000006000300030001:,05cd000000050003027fff
76.32|05ce00000006000300030001:,05ce000000050003027fff
76.36|05cf00000006000300030001:,05cf000000050003027fd8
76.43|05d000000006000300030001:,05d0000000050003027fda
76.46|05d100000006000300030001:,05d1000000050003027fdc
76.53|05d200000006000300030001:,05d2000000050003027fff
76.56|05d300000006000300030001:,05d3000000050003027fff
76.61|05d400000006000300030001:,05d4000000050003027fff
76.69|05d500000006000300030001:,05d5000000050003027fff
76.74|05d600000006000300030001:,05d6000000050003027fff
76.77|05d700000006000300030001:,05d7000000050003027fff
76.82|05d800000006000300030001:,05d8000000050003027fff
76.89|05d900000006000300030001:,05d9000000050003027fcb
76.92|05da00000006000300030001:,05da000000050003027fe8
76.99|05db00000006000300030001:,05db000000050003027fff
77.04|05dc00000006000300030001:,05dc000000050003027fff
77.10|05dd00000006000300030001:,05dd000000050003027fff
77.13|05de00000006000300030001:,05de000000050003027fff
77.20|05df00000006000300030001:,05df000000050003027fff
77.23|05e000000006000300030001:,05e0000000050003027fff
77.30|05e100000006000300030001:,05e1000000050003027fcb
77.35|05e200000006000300030001:,05e2000000050003027fc6
77.38|05e300000006000300030001:,05e3000000050003027fcb
77.46|05e400000006000300030001:,05e4000000050003027fd8
77.49|05e500000006000300030001:,05e5000000050003027fff
77.56|05e600000006000300030001:,05e6000000050003027fff
77.61|05e700000006000300030001:,05e7000000050003027fff
77.64|05e800000006000300030001:,05e8000000050003027fff
77.71|05e900000006000300030001:,05e9000000050003027fff
77.74|05ea00000006000300030001:,05ea000000050003027fff
77.82|05eb00000006000300030001:,05eb000000050003027fcb
77.85|05ec00000006000300030001:,05ec000000050003027fff
77.90|05ed00000006000300030001:,05ed000000050003027fcb
77.95|05ee00000006000300030001:,05ee000000050003027fd8
78.02|05ef00000006000300030001:,05ef000000050003027fff
78.07|05f000000006000300030001:,05f0000000050003027fff
78.13|05f100000006000300030001:,05f1000000050003027fff
78.16|05f200000006000300030001:,05f2000000050003027fff
78.23|05f300000006000300030001:,05f3000000050003027fff
78.28|05f400000006000300030001:,05f4000000050003027fc6
78.33|05f500000006000300030001:,05f5000000050003027fc6
78.36|05f600000006000300030001:,05f6000000050003027fc6
78.43|05f700000006000300030001:,05f7000000050003027fd8
78.48|05f800000006000300030001:,05f8000000050003027fb8
78.54|05f900000006000300030001:,05f9000000050003027fff
78.57|05fa00000006000300030001:,05fa000000050003027fff
78.62|05fb00000006000300030001:,05fb000000050003027fff
78.67|05fc00000006000300030001:,05fc000000050003027fff
78.72|05fd00000006000300030001:,05fd000000050003027fff
78.77|05fe00000006000300030001:,05fe000000050003027fff
78.82|05ff00000006000300030001:,05ff000000050003027fc4
78.89|060000000006000300030001:,0600000000050003027fff
78.94|060100000006000300030001:,0601000000050003027fc8
78.99|060200000006000300030001:,0602000000050003027fff
79.03|060300000006000300030001:,0603000000050003027fff
79.08|060400000006000300030001:,0604000000050003027fff
79.15|060500000006000300030001:,0605000000050003027fff
79.20|060600000006000300030001:,0606000000050003027fff
79.23|060700000006000300030001:,0607000000050003027fff
79.28|060800000006000300030001:,0608000000050003027fff
79.35|060900000006000300030001:,0609000000050003027fff
79.41|060a00000006000300030001:,060a000000050003027fdb
79.44|060b00000006000300030001:,060b000000050003027fdb
79.51|060c00000006000300030001:,060c000000050003027fff
79.56|060d00000006000300030001:,060d000000050003027fff
79.61|060e00000006000300030001:,060e000000050003027fb7
79.64|060f00000006000300030001:,060f000000050003027fb7
79.69|061000000006000300030001:,0610000000050003027fff
79.77|061100000006000300030001:,0611000000050003027fff
79.82|061200000006000300030001:,0612000000050003027fff
79.85|061300000006000300030001:,0613000000050003027fff
79.90|061400000006000300030001:,0614000000050003027fff
79.97|061500000006000300030001:,0615000000050003027fff
80.02|061600000006000300030001:,0616000000050003027fff
80.05|061700000006000300030001:,0617000000050003027fff
80.10|061800000006000300030001:,0618000000050003027fff
80.16|061900000006000300030001:,0619000000050003027fff
80.23|061a00000006000300030001:,061a000000050003027fff
80.26|061b00000006000300030001:,061b000000050003027fff
80.31|061c00000006000300030001:,061c000000050003027fff
80.36|061d00000006000300030001:,061d000000050003027fff
80.41|061e00000006000300030001:,061e000000050003027fd8
80.48|061f00000006000300030001:,061f000000050003027fd8
80.52|062000000006000300030001:,0620000000050003027fff
80.57|062100000006000300030001:,0621000000050003027fff
80.62|062200000006000300030001:,0622000000050003027fff
80.67|062300000006000300030001:,0623000000050003027fff
80.74|062400000006000300030001:,0624000000050003027fff
80.79|062500000006000300030001:,0625000000050003027fff
80.83|062600000006000300030001:,0626000000050003027fff
80.90|062700000006000300030001:,0627000000050003027fcc
80.93|062800000006000300030001:,0628000000050003027fcc
80.98|062900000006000300030001:,0629000000050003027fc8
81.03|062a00000006000300030001:,062a000000050003027fff
81.08|062b00000006000300030001:,062b000000050003027fff
81.15|062c00000006000300030001:,062c000000050003027fff
81.18|062d00000006000300030001:,062d000000050003027fff
81.26|062e00000006000300030001:,062e000000050003027fff
81.29|062f00000006000300030001:,062f000000050003027fff
81.34|063000000006000300030001:,0630000000050003027fff
81.41|063100000006000300030001:,0631000000050003027fd8
81.46|063200000006000300030001:,0632000000050003027fd8
81.49|063300000006000300030001:,0633000000050003027fff
81.54|063400000006000300030001:,0634000000050003027fff
81.59|063500000006000300030001:,0635000000050003027fff
81.67|063600000006000300030001:,0636000000050003027fff
81.70|063700000006000300030001:,0637000000050003027fff
81.75|063800000006000300030001:,0638000000050003027fff
81.80|063900000006000300030001:,0639000000050003027fff
81.85|063a00000006000300030001:,063a000000050003027fff
81.90|063b00000006000300030001:,063b000000050003027fff
81.95|063c00000006000300030001:,063c000000050003027fff
82.02|063d00000006000300030001:,063d000000050003027fff
82.06|063e00000006000300030001:,063e000000050003027fff
82.13|063f00000006000300030001:,063f000000050003027fff
82.16|064000000006000300030001:,0640000000050003027fff
