csv-train_loss_step,csv-epoch,step,csv-val_loss_step,csv-val_loss_epoch,csv-accuracy/micro,csv-train_loss_epoch,csv-accuracy/none
2.7163071632385254,0,0,,,,,
2.4230690002441406,0,1,,,,,
2.045515298843384,0,2,,,,,
2.093245029449463,0,3,,,,,
1.914874792098999,0,4,,,,,
1.8387279510498047,0,5,,,,,
1.8007938861846924,0,6,,,,,
1.7563557624816895,0,7,,,,,
1.6431177854537964,0,8,,,,,
1.612583875656128,0,9,,,,,
1.569946050643921,0,10,,,,,
1.521761417388916,0,11,,,,,
1.4505407810211182,0,12,,,,,
1.435370683670044,0,13,,,,,
1.4082096815109253,0,14,,,,,
1.3090265989303589,0,15,,,,,
1.306673526763916,0,16,,,,,
1.2464308738708496,0,17,,,,,
1.2086012363433838,0,18,,,,,
1.1401768922805786,0,19,,,,,
1.1253654956817627,0,20,,,,,
1.0875083208084106,0,21,,,,,
1.0796184539794922,0,22,,,,,
0.9530417323112488,0,23,,,,,
1.0019725561141968,0,24,,,,,
0.9313371181488037,0,25,,,,,
0.8679652214050293,0,26,,,,,
0.8774256706237793,0,27,,,,,
0.8203282356262207,0,28,,,,,
0.7963515520095825,0,29,,,,,
0.7654603123664856,0,30,,,,,
0.7698960304260254,0,31,,,,,
0.7259140610694885,0,32,,,,,
0.6838374733924866,0,33,,,,,
0.687549352645874,0,34,,,,,
0.7069990038871765,0,35,,,,,
0.6454678177833557,0,36,,,,,
0.6599191427230835,0,37,,,,,
0.606805682182312,0,38,,,,,
0.6090558767318726,0,39,,,,,
0.5752092599868774,0,40,,,,,
0.5336655974388123,0,41,,,,,
0.5635991096496582,0,42,,,,,
0.5234698057174683,0,43,,,,,
0.49137091636657715,0,44,,,,,
0.49891233444213867,0,45,,,,,
0.5037335157394409,0,46,,,,,
0.4681043326854706,0,47,,,,,
0.5008080005645752,0,48,,,,,
0.44412195682525635,0,49,,,,,
0.4192538261413574,0,50,,,,,
0.483719140291214,0,51,,,,,
0.49030858278274536,0,52,,,,,
0.3834512531757355,0,53,,,,,
0.3729054033756256,0,54,,,,,
0.3663955628871918,0,55,,,,,
0.34573137760162354,0,56,,,,,
0.3450366258621216,0,57,,,,,
0.36223313212394714,0,58,,,,,
0.3224882483482361,0,59,,,,,
0.3109287917613983,0,60,,,,,
0.3193885087966919,0,61,,,,,
0.2983611822128296,0,62,,,,,
0.3019658327102661,0,63,,,,,
0.2713915705680847,0,64,,,,,
0.2624521553516388,0,65,,,,,
0.2385353147983551,0,66,,,,,
0.23281261324882507,0,67,,,,,
0.22484606504440308,0,68,,,,,
0.242986798286438,0,69,,,,,
0.2066996544599533,0,70,,,,,
0.23448236286640167,0,71,,,,,
0.23588965833187103,0,72,,,,,
0.2063259482383728,0,73,,,,,
0.20563307404518127,0,74,,,,,
0.2434345930814743,0,75,,,,,
0.18206457793712616,0,76,,,,,
0.2009575217962265,0,77,,,,,
0.14971007406711578,0,78,,,,,
0.14887787401676178,0,79,,,,,
,,0,0.226429283618927,,,,
,,1,0.1850157082080841,,,,
,,2,0.0764680877327919,,,,
,,3,0.12375589460134506,,,,
,,4,0.03708237409591675,,,,
,,5,0.08003893494606018,,,,
,,6,0.08717397600412369,,,,
,,7,0.03345155715942383,,,,
,,8,0.09176718443632126,,,,
,,9,0.0381469763815403,,,,
,0,79,,0.09793299436569214,,,
,0,79,,,0.5142045617103577,0.7944425940513611,0.5142045617103577
0.12676651775836945,1,80,,,,,
0.17390131950378418,1,81,,,,,
0.15259596705436707,1,82,,,,,
0.14448121190071106,1,83,,,,,
0.14967277646064758,1,84,,,,,
0.2324409782886505,1,85,,,,,
0.16027191281318665,1,86,,,,,
0.11049617826938629,1,87,,,,,
0.1717459112405777,1,88,,,,,
0.1834484189748764,1,89,,,,,
0.1612388789653778,1,90,,,,,
0.18889598548412323,1,91,,,,,
0.09401639550924301,1,92,,,,,
0.119781494140625,1,93,,,,,
0.12963297963142395,1,94,,,,,
0.09811240434646606,1,95,,,,,
0.17650483548641205,1,96,,,,,
0.13477325439453125,1,97,,,,,
0.13712522387504578,1,98,,,,,
0.11587312817573547,1,99,,,,,
0.12647095322608948,1,100,,,,,
0.12858445942401886,1,101,,,,,
0.12759838998317719,1,102,,,,,
0.0723571926355362,1,103,,,,,
0.08870764076709747,1,104,,,,,
0.09722031652927399,1,105,,,,,
0.0871700644493103,1,106,,,,,
0.08352489769458771,1,107,,,,,
0.08050808310508728,1,108,,,,,
0.10820583999156952,1,109,,,,,
0.11489402502775192,1,110,,,,,
0.06915165483951569,1,111,,,,,
0.12678615748882294,1,112,,,,,
0.09823581576347351,1,113,,,,,
0.07985284924507141,1,114,,,,,
0.0672835111618042,1,115,,,,,
0.04784184694290161,1,116,,,,,
0.04977576434612274,1,117,,,,,
0.05383067950606346,1,118,,,,,
0.06478238850831985,1,119,,,,,
0.06393901258707047,1,120,,,,,
0.11473852396011353,1,121,,,,,
0.04674346745014191,1,122,,,,,
0.048708248883485794,1,123,,,,,
0.05495250225067139,1,124,,,,,
0.07108648121356964,1,125,,,,,
0.05956472456455231,1,126,,,,,
0.09000744670629501,1,127,,,,,
0.08750610798597336,1,128,,,,,
0.03988731652498245,1,129,,,,,
0.08294939249753952,1,130,,,,,
0.05982599034905434,1,131,,,,,
0.05223066359758377,1,132,,,,,
0.05297674983739853,1,133,,,,,
0.06068618968129158,1,134,,,,,
0.042016517370939255,1,135,,,,,
0.10942528396844864,1,136,,,,,
0.041780661791563034,1,137,,,,,
0.0426609143614769,1,138,,,,,
0.04362780973315239,1,139,,,,,
0.04665541276335716,1,140,,,,,
0.03503203019499779,1,141,,,,,
0.12810608744621277,1,142,,,,,
0.12596732378005981,1,143,,,,,
0.07827906310558319,1,144,,,,,
0.0806121826171875,1,145,,,,,
0.06674268841743469,1,146,,,,,
0.048182412981987,1,147,,,,,
0.07054795324802399,1,148,,,,,
0.05144110321998596,1,149,,,,,
0.04178975895047188,1,150,,,,,
0.052353937178850174,1,151,,,,,
0.03397233784198761,1,152,,,,,
0.0954383984208107,1,153,,,,,
0.04737290367484093,1,154,,,,,
0.051521096378564835,1,155,,,,,
0.05457109957933426,1,156,,,,,
0.03551889583468437,1,157,,,,,
0.04384752735495567,1,158,,,,,
0.03372456878423691,1,159,,,,,
,,10,0.11181247234344482,,,,
,,11,0.07906405627727509,,,,
,,12,0.03464054688811302,,,,
,,13,0.06194288656115532,,,,
,,14,0.009253589436411858,,,,
,,15,0.03558143600821495,,,,
,,16,0.033166054636240005,,,,
,,17,0.010495326481759548,,,,
,,18,0.03223105147480965,,,,
,,19,0.009153638035058975,,,,
,1,159,,0.041734106838703156,,,
,1,159,,,0.7585227489471436,0.09026937186717987,0.7585227489471436
0.040443334728479385,2,160,,,,,
0.06014949083328247,2,161,,,,,
0.06281260401010513,2,162,,,,,
0.030513860285282135,2,163,,,,,
0.06815989315509796,2,164,,,,,
0.03513230010867119,2,165,,,,,
0.07258620858192444,2,166,,,,,
0.11460795998573303,2,167,,,,,
0.08477619290351868,2,168,,,,,
0.0973818451166153,2,169,,,,,
0.034933652728796005,2,170,,,,,
0.02947469986975193,2,171,,,,,
0.03758079558610916,2,172,,,,,
0.042307205498218536,2,173,,,,,
0.024326542392373085,2,174,,,,,
0.028709877282381058,2,175,,,,,
0.02590411715209484,2,176,,,,,
0.05677027255296707,2,177,,,,,
0.024062728509306908,2,178,,,,,
0.06108149141073227,2,179,,,,,
0.04440680891275406,2,180,,,,,
0.02661009132862091,2,181,,,,,
0.0580996572971344,2,182,,,,,
0.03264247253537178,2,183,,,,,
0.04432857781648636,2,184,,,,,
0.029567427933216095,2,185,,,,,
0.03293062746524811,2,186,,,,,
0.05460207909345627,2,187,,,,,
0.05998247116804123,2,188,,,,,
0.05273275077342987,2,189,,,,,
0.03067498467862606,2,190,,,,,
0.018455060198903084,2,191,,,,,
0.037565167993307114,2,192,,,,,
0.06315092742443085,2,193,,,,,
0.03075140342116356,2,194,,,,,
0.020778853446245193,2,195,,,,,
0.03965511918067932,2,196,,,,,
0.02597779594361782,2,197,,,,,
0.052479926496744156,2,198,,,,,
0.027079517021775246,2,199,,,,,
0.05566693842411041,2,200,,,,,
0.027331670746207237,2,201,,,,,
0.024699361994862556,2,202,,,,,
0.03211995214223862,2,203,,,,,
0.04569097235798836,2,204,,,,,
0.04232656955718994,2,205,,,,,
0.026959804818034172,2,206,,,,,
0.062353357672691345,2,207,,,,,
0.04183950275182724,2,208,,,,,
0.047609686851501465,2,209,,,,,
0.018646379932761192,2,210,,,,,
0.016606109216809273,2,211,,,,,
0.018563169986009598,2,212,,,,,
0.04062213748693466,2,213,,,,,
0.029751600697636604,2,214,,,,,
0.04964596405625343,2,215,,,,,
0.05821482092142105,2,216,,,,,
0.04323771968483925,2,217,,,,,
0.012596425600349903,2,218,,,,,
0.04032968729734421,2,219,,,,,
0.02284173294901848,2,220,,,,,
0.04651464894413948,2,221,,,,,
0.022380592301487923,2,222,,,,,
0.018730908632278442,2,223,,,,,
0.039142102003097534,2,224,,,,,
0.03804605454206467,2,225,,,,,
0.05840883031487465,2,226,,,,,
0.04554838687181473,2,227,,,,,
0.021620476618409157,2,228,,,,,
0.030293164774775505,2,229,,,,,
0.02243497036397457,2,230,,,,,
0.028295103460550308,2,231,,,,,
0.017002291977405548,2,232,,,,,
0.013638338074088097,2,233,,,,,
0.04480162262916565,2,234,,,,,
0.09801001846790314,2,235,,,,,
0.026471475139260292,2,236,,,,,
0.025391902774572372,2,237,,,,,
0.024785686284303665,2,238,,,,,
0.01580849476158619,2,239,,,,,
,,20,0.07098125666379929,,,,
,,21,0.04099259525537491,,,,
,,22,0.02214866690337658,,,,
,,23,0.04093588516116142,,,,
,,24,0.003699241206049919,,,,
,,25,0.021852903068065643,,,,
,,26,0.02357388660311699,,,,
,,27,0.003683494171127677,,,,
,,28,0.01879015937447548,,,,
,,29,0.0031993768643587828,,,,
,2,239,,0.024985749274492264,,,
,2,239,,,0.9034090638160706,0.040114566683769226,0.9034090638160706
0.02801097184419632,3,240,,,,,
0.02480846457183361,3,241,,,,,
0.013637046329677105,3,242,,,,,
0.021259281784296036,3,243,,,,,
0.04336937516927719,3,244,,,,,
0.032445717602968216,3,245,,,,,
0.013541419059038162,3,246,,,,,
0.021818632259964943,3,247,,,,,
0.03912011906504631,3,248,,,,,
0.01759766973555088,3,249,,,,,
0.053483858704566956,3,250,,,,,
0.02841062843799591,3,251,,,,,
0.018872005864977837,3,252,,,,,
0.051419876515865326,3,253,,,,,
0.02708769217133522,3,254,,,,,
0.0211108960211277,3,255,,,,,
0.015452047809958458,3,256,,,,,
0.036689769476652145,3,257,,,,,
0.029179668053984642,3,258,,,,,
0.019189389422535896,3,259,,,,,
0.035576995462179184,3,260,,,,,
0.01364119816571474,3,261,,,,,
0.04850950837135315,3,262,,,,,
0.02047147788107395,3,263,,,,,
0.01749151572585106,3,264,,,,,
0.012229833751916885,3,265,,,,,
0.03703225031495094,3,266,,,,,
0.009300724603235722,3,267,,,,,
0.035850875079631805,3,268,,,,,
0.072907455265522,3,269,,,,,
0.01357654482126236,3,270,,,,,
0.01805230602622032,3,271,,,,,
0.018196409568190575,3,272,,,,,
0.06529327481985092,3,273,,,,,
0.016130216419696808,3,274,,,,,
0.031881336122751236,3,275,,,,,
0.016122015193104744,3,276,,,,,
0.011282424442470074,3,277,,,,,
0.02669356018304825,3,278,,,,,
0.03231024742126465,3,279,,,,,
0.022714877501130104,3,280,,,,,
0.08212511986494064,3,281,,,,,
0.05106441304087639,3,282,,,,,
0.010371536947786808,3,283,,,,,
0.0122400913387537,3,284,,,,,
0.02544543705880642,3,285,,,,,
0.05663534253835678,3,286,,,,,
0.03333393111824989,3,287,,,,,
0.028291068971157074,3,288,,,,,
0.025667648762464523,3,289,,,,,
0.012973698787391186,3,290,,,,,
0.014055793173611164,3,291,,,,,
0.017791129648685455,3,292,,,,,
0.030933009460568428,3,293,,,,,
0.01585780642926693,3,294,,,,,
0.028514347970485687,3,295,,,,,
0.017144015058875084,3,296,,,,,
0.01259169913828373,3,297,,,,,
0.015228934586048126,3,298,,,,,
0.02253151312470436,3,299,,,,,
0.012328261509537697,3,300,,,,,
0.025751560926437378,3,301,,,,,
0.02284296229481697,3,302,,,,,
0.03520159795880318,3,303,,,,,
0.02121252939105034,3,304,,,,,
0.014509504660964012,3,305,,,,,
0.05539514869451523,3,306,,,,,
0.03639926388859749,3,307,,,,,
0.01950155757367611,3,308,,,,,
0.025209788233041763,3,309,,,,,
0.04135103151202202,3,310,,,,,
0.013424864038825035,3,311,,,,,
0.014456559903919697,3,312,,,,,
0.031442657113075256,3,313,,,,,
0.028753003105521202,3,314,,,,,
0.009044458158314228,3,315,,,,,
0.009522434324026108,3,316,,,,,
0.0447731614112854,3,317,,,,,
0.007347486447542906,3,318,,,,,
0.011569444090127945,3,319,,,,,
,,30,0.04757118225097656,,,,
,,31,0.022517018020153046,,,,
,,32,0.015774916857481003,,,,
,,33,0.029874494299292564,,,,
,,34,0.001186138135381043,,,,
,,35,0.014931822195649147,,,,
,,36,0.016394609585404396,,,,
,,37,0.0011024025734513998,,,,
,,38,0.011777492240071297,,,,
,,39,0.0008832261082716286,,,,
,3,319,,0.016201330348849297,,,
,3,319,,,0.9460227489471436,0.026557544246315956,0.9460227489471436
0.017123375087976456,4,320,,,,,
0.020476127043366432,4,321,,,,,
0.008839789777994156,4,322,,,,,
0.03210660070180893,4,323,,,,,
0.01677853614091873,4,324,,,,,
0.014541571959853172,4,325,,,,,
0.023265551775693893,4,326,,,,,
0.025072705000638962,4,327,,,,,
0.008121267892420292,4,328,,,,,
0.006694283336400986,4,329,,,,,
0.046192772686481476,4,330,,,,,
0.012336148880422115,4,331,,,,,
0.01224035955965519,4,332,,,,,
0.0063734762370586395,4,333,,,,,
0.034000176936388016,4,334,,,,,
0.009739289991557598,4,335,,,,,
0.038173675537109375,4,336,,,,,
0.019490579143166542,4,337,,,,,
0.016565091907978058,4,338,,,,,
0.023447973653674126,4,339,,,,,
0.037711843848228455,4,340,,,,,
0.049064263701438904,4,341,,,,,
0.005227074958384037,4,342,,,,,
0.029360007494688034,4,343,,,,,
0.027440374717116356,4,344,,,,,
0.03952580690383911,4,345,,,,,
0.012448984198272228,4,346,,,,,
0.009173582307994366,4,347,,,,,
0.00909024104475975,4,348,,,,,
0.0275807436555624,4,349,,,,,
0.015264753252267838,4,350,,,,,
0.028737355023622513,4,351,,,,,
0.01009426824748516,4,352,,,,,
0.015739405527710915,4,353,,,,,
0.006615304388105869,4,354,,,,,
0.010052254423499107,4,355,,,,,
0.009552264586091042,4,356,,,,,
0.026076003909111023,4,357,,,,,
0.026482686400413513,4,358,,,,,
0.018518632277846336,4,359,,,,,
0.015259822830557823,4,360,,,,,
0.009136824868619442,4,361,,,,,
0.008114960975944996,4,362,,,,,
0.007984884083271027,4,363,,,,,
0.023455338552594185,4,364,,,,,
0.046730369329452515,4,365,,,,,
0.022456131875514984,4,366,,,,,
0.015987738966941833,4,367,,,,,
0.028737524524331093,4,368,,,,,
0.022578902542591095,4,369,,,,,
0.017642438411712646,4,370,,,,,
0.011999670416116714,4,371,,,,,
0.013594494201242924,4,372,,,,,
0.02246016263961792,4,373,,,,,
0.006900635082274675,4,374,,,,,
0.01027866080403328,4,375,,,,,
0.0065026613883674145,4,376,,,,,
0.00564454635605216,4,377,,,,,
0.007374405860900879,4,378,,,,,
0.015106850303709507,4,379,,,,,
0.050160158425569534,4,380,,,,,
0.028569895774126053,4,381,,,,,
0.0043042809702456,4,382,,,,,
0.03117755427956581,4,383,,,,,
0.030488982796669006,4,384,,,,,
0.008291155099868774,4,385,,,,,
0.007401688955724239,4,386,,,,,
0.010639222338795662,4,387,,,,,
0.008091098628938198,4,388,,,,,
0.03982163220643997,4,389,,,,,
0.011375298723578453,4,390,,,,,
0.01980527676641941,4,391,,,,,
0.06571798026561737,4,392,,,,,
0.00782962515950203,4,393,,,,,
0.007200409658253193,4,394,,,,,
0.00517606595531106,4,395,,,,,
0.01686602458357811,4,396,,,,,
0.02151181548833847,4,397,,,,,
0.01721097342669964,4,398,,,,,
0.012725426815450191,4,399,,,,,
,,40,0.037500329315662384,,,,
,,41,0.023258255794644356,,,,
,,42,0.012049756944179535,,,,
,,43,0.025277607142925262,,,,
,,44,0.0018742358079180121,,,,
,,45,0.013593582436442375,,,,
,,46,0.013788026757538319,,,,
,,47,0.002358858473598957,,,,
,,48,0.009320257231593132,,,,
,,49,0.0020405370742082596,,,,
,4,399,,0.01410614512860775,,,
,4,399,,,0.8721590638160706,0.019095584750175476,0.8721590638160706
0.022384444251656532,5,400,,,,,
0.017133137211203575,5,401,,,,,
0.028946183621883392,5,402,,,,,
0.012304511852562428,5,403,,,,,
0.004623446613550186,5,404,,,,,
0.017302831634879112,5,405,,,,,
0.014935989864170551,5,406,,,,,
0.040816664695739746,5,407,,,,,
0.010341191664338112,5,408,,,,,
0.00699981302022934,5,409,,,,,
0.01774180307984352,5,410,,,,,
0.008037694729864597,5,411,,,,,
0.004973838105797768,5,412,,,,,
0.015236149542033672,5,413,,,,,
0.01359606720507145,5,414,,,,,
0.003749380586668849,5,415,,,,,
0.01113806664943695,5,416,,,,,
0.024020135402679443,5,417,,,,,
0.029374396428465843,5,418,,,,,
0.0073075308464467525,5,419,,,,,
0.01982981711626053,5,420,,,,,
0.02125420980155468,5,421,,,,,
0.008934666402637959,5,422,,,,,
0.006829616613686085,5,423,,,,,
0.010312609374523163,5,424,,,,,
0.004825024865567684,5,425,,,,,
0.003245075698941946,5,426,,,,,
0.004494308028370142,5,427,,,,,
0.013827876187860966,5,428,,,,,
0.02120460569858551,5,429,,,,,
0.03411654010415077,5,430,,,,,
0.007498147897422314,5,431,,,,,
0.018518995493650436,5,432,,,,,
0.005371004343032837,5,433,,,,,
0.018885472789406776,5,434,,,,,
0.007182198576629162,5,435,,,,,
0.0018656556494534016,5,436,,,,,
0.011062673293054104,5,437,,,,,
0.0037811007350683212,5,438,,,,,
0.02554389089345932,5,439,,,,,
0.006285556126385927,5,440,,,,,
0.020513683557510376,5,441,,,,,
0.004385943058878183,5,442,,,,,
0.003685035277158022,5,443,,,,,
0.05931878089904785,5,444,,,,,
0.006302735768258572,5,445,,,,,
0.004005216993391514,5,446,,,,,
0.043495647609233856,5,447,,,,,
0.019548123702406883,5,448,,,,,
0.0031259851530194283,5,449,,,,,
0.023798752576112747,5,450,,,,,
0.018563363701105118,5,451,,,,,
0.012378569692373276,5,452,,,,,
0.008074813522398472,5,453,,,,,
0.015439104288816452,5,454,,,,,
0.008644486777484417,5,455,,,,,
0.005340792238712311,5,456,,,,,
0.006790759041905403,5,457,,,,,
0.01758577860891819,5,458,,,,,
0.022410430014133453,5,459,,,,,
0.00799307506531477,5,460,,,,,
0.005743648856878281,5,461,,,,,
0.039765287190675735,5,462,,,,,
0.019198229536414146,5,463,,,,,
0.013504203408956528,5,464,,,,,
0.012771613895893097,5,465,,,,,
0.004582986235618591,5,466,,,,,
0.003030663589015603,5,467,,,,,
0.005995124578475952,5,468,,,,,
0.016961146146059036,5,469,,,,,
0.0077652703039348125,5,470,,,,,
0.0029226941987872124,5,471,,,,,
0.0032867081463336945,5,472,,,,,
0.004277282394468784,5,473,,,,,
0.005746352486312389,5,474,,,,,
0.004140244796872139,5,475,,,,,
0.014436682686209679,5,476,,,,,
0.023494543507695198,5,477,,,,,
0.005891771055757999,5,478,,,,,
0.0018752994947135448,5,479,,,,,
,,50,0.03415326401591301,,,,
,,51,0.017821580171585083,,,,
,,52,0.010409217327833176,,,,
,,53,0.020443327724933624,,,,
,,54,0.00019236927619203925,,,,
,,55,0.01258158590644598,,,,
,,56,0.011043566279113293,,,,
,,57,0.0005153718520887196,,,,
,,58,0.007987089455127716,,,,
,,59,0.00041294132824987173,,,,
,5,479,,0.011556031182408333,,,
,5,479,,,0.9460227489471436,0.013407791033387184,0.9460227489471436
0.003751293756067753,6,480,,,,,
0.025884822010993958,6,481,,,,,
0.02081882767379284,6,482,,,,,
0.0025105676613748074,6,483,,,,,
0.01651717722415924,6,484,,,,,
0.01613420434296131,6,485,,,,,
0.026840083301067352,6,486,,,,,
0.01451211515814066,6,487,,,,,
0.029590677469968796,6,488,,,,,
0.0027150495443493128,6,489,,,,,
0.006732689216732979,6,490,,,,,
0.013458807952702045,6,491,,,,,
0.017115090042352676,6,492,,,,,
0.003918573725968599,6,493,,,,,
0.03316802904009819,6,494,,,,,
0.007503320928663015,6,495,,,,,
0.004206598270684481,6,496,,,,,
0.0088572446256876,6,497,,,,,
0.02053050696849823,6,498,,,,,
0.004699135199189186,6,499,,,,,
0.019034357741475105,6,500,,,,,
0.0035056541673839092,6,501,,,,,
0.02025984413921833,6,502,,,,,
0.026138650253415108,6,503,,,,,
0.009258151985704899,6,504,,,,,
0.02259577065706253,6,505,,,,,
0.026477687060832977,6,506,,,,,
0.004819764755666256,6,507,,,,,
0.00668711680918932,6,508,,,,,
0.005068518221378326,6,509,,,,,
0.003657442983239889,6,510,,,,,
0.006243916228413582,6,511,,,,,
0.003805108368396759,6,512,,,,,
0.004776249174028635,6,513,,,,,
0.006578684318810701,6,514,,,,,
0.0036207521334290504,6,515,,,,,
0.014931682497262955,6,516,,,,,
0.008047944866120815,6,517,,,,,
0.005072747357189655,6,518,,,,,
0.011300772428512573,6,519,,,,,
0.009214936755597591,6,520,,,,,
0.002142944373190403,6,521,,,,,
0.005388190504163504,6,522,,,,,
0.01477568969130516,6,523,,,,,
0.038250796496868134,6,524,,,,,
0.018805472180247307,6,525,,,,,
0.011661678552627563,6,526,,,,,
0.018759392201900482,6,527,,,,,
0.013332140631973743,6,528,,,,,
0.001815528143197298,6,529,,,,,
0.01632767543196678,6,530,,,,,
0.01035979762673378,6,531,,,,,
0.015234434977173805,6,532,,,,,
0.015050508081912994,6,533,,,,,
0.009700070135295391,6,534,,,,,
0.004232393577694893,6,535,,,,,
0.00403233477845788,6,536,,,,,
0.010837720707058907,6,537,,,,,
0.005793777294456959,6,538,,,,,
0.008537743240594864,6,539,,,,,
0.0116974962875247,6,540,,,,,
0.005407229997217655,6,541,,,,,
0.017496779561042786,6,542,,,,,
0.01133658830076456,6,543,,,,,
0.01317687053233385,6,544,,,,,
0.010427171364426613,6,545,,,,,
0.006320629734545946,6,546,,,,,
0.01822023279964924,6,547,,,,,
0.004949349910020828,6,548,,,,,
0.005635321140289307,6,549,,,,,
0.0037680978421121836,6,550,,,,,
0.010758282616734505,6,551,,,,,
0.010012609884142876,6,552,,,,,
0.012428748421370983,6,553,,,,,
0.007105289958417416,6,554,,,,,
0.012461554259061813,6,555,,,,,
0.0025715066585689783,6,556,,,,,
0.002746296813711524,6,557,,,,,
0.013197299093008041,6,558,,,,,
0.001644777599722147,6,559,,,,,
,,60,0.025401797145605087,,,,
,,61,0.014832212589681149,,,,
,,62,0.007553925737738609,,,,
,,63,0.014529832638800144,,,,
,,64,9.312770271208137e-05,,,,
,,65,0.009702559560537338,,,,
,,66,0.006740719545632601,,,,
,,67,0.00047342857578769326,,,,
,,68,0.005050628446042538,,,,
,,69,0.00012093863188056275,,,,
,6,559,,0.0084499167278409,,,
,6,559,,,0.9460227489471436,0.01133701391518116,0.9460227489471436
0.004606082569807768,7,560,,,,,
0.008349690586328506,7,561,,,,,
0.010212392546236515,7,562,,,,,
0.005215498618781567,7,563,,,,,
0.017425604164600372,7,564,,,,,
0.0024150980170816183,7,565,,,,,
0.008415094576776028,7,566,,,,,
0.0019457964226603508,7,567,,,,,
0.005283379927277565,7,568,,,,,
0.0017746137455105782,7,569,,,,,
0.002125483937561512,7,570,,,,,
0.009058112278580666,7,571,,,,,
0.026097390800714493,7,572,,,,,
0.021844498813152313,7,573,,,,,
0.012018652632832527,7,574,,,,,
0.0027534381952136755,7,575,,,,,
0.0072806947864592075,7,576,,,,,
0.013614661991596222,7,577,,,,,
0.026636073365807533,7,578,,,,,
0.03925778716802597,7,579,,,,,
0.002412137109786272,7,580,,,,,
0.0093328095972538,7,581,,,,,
0.002631749026477337,7,582,,,,,
0.002404475584626198,7,583,,,,,
0.005074518267065287,7,584,,,,,
0.0030171405524015427,7,585,,,,,
0.004173133987933397,7,586,,,,,
0.016838105395436287,7,587,,,,,
0.021509692072868347,7,588,,,,,
0.0028291912749409676,7,589,,,,,
0.0036080076824873686,7,590,,,,,
0.011815294623374939,7,591,,,,,
0.005145808681845665,7,592,,,,,
0.003845881437882781,7,593,,,,,
0.022479912266135216,7,594,,,,,
0.00783846341073513,7,595,,,,,
0.008654110133647919,7,596,,,,,
0.012916283681988716,7,597,,,,,
0.0034902687184512615,7,598,,,,,
0.00392962945625186,7,599,,,,,
0.008571627549827099,7,600,,,,,
0.01017603650689125,7,601,,,,,
0.007792955730110407,7,602,,,,,
0.008667334914207458,7,603,,,,,
0.024227753281593323,7,604,,,,,
0.011589420959353447,7,605,,,,,
0.02040707692503929,7,606,,,,,
0.0050252280198037624,7,607,,,,,
0.001285178354009986,7,608,,,,,
0.01643873192369938,7,609,,,,,
0.019754160195589066,7,610,,,,,
0.004259586334228516,7,611,,,,,
0.010634765960276127,7,612,,,,,
0.022968990728259087,7,613,,,,,
0.0027707775589078665,7,614,,,,,
0.004833378363400698,7,615,,,,,
0.011333100497722626,7,616,,,,,
0.007856644690036774,7,617,,,,,
0.01321551576256752,7,618,,,,,
0.005024489015340805,7,619,,,,,
0.006685025990009308,7,620,,,,,
0.002974678296595812,7,621,,,,,
0.0029281158931553364,7,622,,,,,
0.005849782377481461,7,623,,,,,
0.012891316786408424,7,624,,,,,
0.001072221202775836,7,625,,,,,
0.0015321423998102546,7,626,,,,,
0.0015089584048837423,7,627,,,,,
0.003728377865627408,7,628,,,,,
0.005031853448599577,7,629,,,,,
0.006791924126446247,7,630,,,,,
0.00627946900203824,7,631,,,,,
0.0054648262448608875,7,632,,,,,
0.0005696660373359919,7,633,,,,,
0.016443761065602303,7,634,,,,,
0.00505161564797163,7,635,,,,,
0.002525829942896962,7,636,,,,,
0.0013052828144282103,7,637,,,,,
0.001171507523395121,7,638,,,,,
0.028157733380794525,7,639,,,,,
,,70,0.012913709506392479,,,,
,,71,0.006700672209262848,,,,
,,72,0.004188043996691704,,,,
,,73,0.007787386421114206,,,,
,,74,0.0002558476116973907,,,,
,,75,0.004709507338702679,,,,
,,76,0.004765333142131567,,,,
,,77,0.0004924804670736194,,,,
,,78,0.0031665486749261618,,,,
,,79,0.0002659583988133818,,,,
,7,639,,0.004524548538029194,,,
,7,639,,,0.9488636255264282,0.008938418701291084,0.9488636255264282
0.0025120775680989027,8,640,,,,,
0.0013119998620823026,8,641,,,,,
0.005293005611747503,8,642,,,,,
0.006451070308685303,8,643,,,,,
0.0019932808354496956,8,644,,,,,
0.010479719378054142,8,645,,,,,
0.0021289153955876827,8,646,,,,,
0.00307621737010777,8,647,,,,,
0.002803660463541746,8,648,,,,,
0.0032849821727722883,8,649,,,,,
0.024710044264793396,8,650,,,,,
0.0007078512571752071,8,651,,,,,
0.011613685637712479,8,652,,,,,
0.002869057934731245,8,653,,,,,
0.004781280178576708,8,654,,,,,
0.0005748341791331768,8,655,,,,,
0.017400439828634262,8,656,,,,,
0.02508586086332798,8,657,,,,,
0.0004199611721560359,8,658,,,,,
0.001967126503586769,8,659,,,,,
0.0016913702711462975,8,660,,,,,
0.0036929238121956587,8,661,,,,,
0.005483557935804129,8,662,,,,,
0.0057584322057664394,8,663,,,,,
0.0030983956530690193,8,664,,,,,
0.0023863783571869135,8,665,,,,,
0.002297515282407403,8,666,,,,,
0.017199452966451645,8,667,,,,,
0.0046438961289823055,8,668,,,,,
0.015353166498243809,8,669,,,,,
0.03049284592270851,8,670,,,,,
0.0009549026726745069,8,671,,,,,
0.0008898866944946349,8,672,,,,,
0.005930193699896336,8,673,,,,,
0.004878591280430555,8,674,,,,,
0.011633366346359253,8,675,,,,,
0.0027983738109469414,8,676,,,,,
0.0067460620775818825,8,677,,,,,
0.004446255974471569,8,678,,,,,
0.001327947131358087,8,679,,,,,
0.01797407865524292,8,680,,,,,
0.00251851137727499,8,681,,,,,
0.008622797206044197,8,682,,,,,
0.009679597802460194,8,683,,,,,
0.01217122096568346,8,684,,,,,
0.0027616301085799932,8,685,,,,,
0.01270117238163948,8,686,,,,,
0.02521667629480362,8,687,,,,,
0.01854725368320942,8,688,,,,,
0.005709903314709663,8,689,,,,,
0.018727799877524376,8,690,,,,,
0.011477459222078323,8,691,,,,,
0.0034297683741897345,8,692,,,,,
0.01173041295260191,8,693,,,,,
0.0023717102594673634,8,694,,,,,
0.006350365933030844,8,695,,,,,
0.004935408942401409,8,696,,,,,
0.0017333108698949218,8,697,,,,,
0.01795901544392109,8,698,,,,,
0.010346317663788795,8,699,,,,,
0.002356146229431033,8,700,,,,,
0.013790173456072807,8,701,,,,,
0.006098068319261074,8,702,,,,,
0.0032969468738883734,8,703,,,,,
0.010046999901533127,8,704,,,,,
0.005753996316343546,8,705,,,,,
0.012155381962656975,8,706,,,,,
0.0009271339513361454,8,707,,,,,
0.005106742028146982,8,708,,,,,
0.0048386272974312305,8,709,,,,,
0.0018642502836883068,8,710,,,,,
0.0020933914929628372,8,711,,,,,
0.0012842469150200486,8,712,,,,,
0.006005323491990566,8,713,,,,,
0.015733247622847557,8,714,,,,,
0.01426081545650959,8,715,,,,,
0.019926799461245537,8,716,,,,,
0.001979398773983121,8,717,,,,,
0.004620735999196768,8,718,,,,,
0.015169506892561913,8,719,,,,,
,,80,0.009590355679392815,,,,
,,81,0.0061638313345611095,,,,
,,82,0.002882898785173893,,,,
,,83,0.005426200572401285,,,,
,,84,0.00032744574127718806,,,,
,,85,0.0038048462010920048,,,,
,,86,0.004648709669709206,,,,
,,87,0.0013107083505019546,,,,
,,88,0.003265868406742811,,,,
,,89,0.00020777802274096757,,,,
,8,719,,0.003762864274904132,,,
,8,719,,,0.9630681872367859,0.007668011821806431,0.9630681872367859
0.03915569558739662,9,720,,,,,
0.004825631156563759,9,721,,,,,
0.006786717567592859,9,722,,,,,
0.010904151946306229,9,723,,,,,
0.00670824246481061,9,724,,,,,
0.007204757537692785,9,725,,,,,
0.005911580286920071,9,726,,,,,
0.01808938942849636,9,727,,,,,
0.010986335575580597,9,728,,,,,
0.002550365636125207,9,729,,,,,
0.0015300591476261616,9,730,,,,,
0.04231845214962959,9,731,,,,,
0.0006820714916102588,9,732,,,,,
0.0118538374081254,9,733,,,,,
0.008665759116411209,9,734,,,,,
0.004464712459594011,9,735,,,,,
0.02003381960093975,9,736,,,,,
0.0015745597193017602,9,737,,,,,
0.01586700603365898,9,738,,,,,
0.01358767505735159,9,739,,,,,
0.0047071510925889015,9,740,,,,,
0.007987722754478455,9,741,,,,,
0.012557052075862885,9,742,,,,,
0.003766077570617199,9,743,,,,,
0.002548668999224901,9,744,,,,,
0.008549461141228676,9,745,,,,,
0.002743747318163514,9,746,,,,,
0.005298306699842215,9,747,,,,,
0.003947966266423464,9,748,,,,,
0.0005583047750405967,9,749,,,,,
0.020198822021484375,9,750,,,,,
0.00421833386644721,9,751,,,,,
0.006387616507709026,9,752,,,,,
0.008640161715447903,9,753,,,,,
0.0022443043999373913,9,754,,,,,
0.0031270217150449753,9,755,,,,,
0.002195201348513365,9,756,,,,,
0.004213273525238037,9,757,,,,,
0.01117053721100092,9,758,,,,,
0.002060198225080967,9,759,,,,,
0.007856360636651516,9,760,,,,,
0.005723940208554268,9,761,,,,,
0.003033476183190942,9,762,,,,,
0.0028242541011422873,9,763,,,,,
0.006808822508901358,9,764,,,,,
0.010870817117393017,9,765,,,,,
0.008751746267080307,9,766,,,,,
0.010157730430364609,9,767,,,,,
0.0035181185230612755,9,768,,,,,
0.007717382628470659,9,769,,,,,
0.003597373142838478,9,770,,,,,
0.00117833714466542,9,771,,,,,
0.001975857187062502,9,772,,,,,
0.0008308847900480032,9,773,,,,,
0.007494846824556589,9,774,,,,,
0.02183970808982849,9,775,,,,,
0.008188661187887192,9,776,,,,,
0.003423839109018445,9,777,,,,,
0.005288771353662014,9,778,,,,,
0.013999244198203087,9,779,,,,,
0.0027134728152304888,9,780,,,,,
0.0028732093051075935,9,781,,,,,
0.005951489321887493,9,782,,,,,
0.007229217328131199,9,783,,,,,
0.01034940779209137,9,784,,,,,
0.0010386498179286718,9,785,,,,,
0.004021285101771355,9,786,,,,,
0.010381992906332016,9,787,,,,,
0.020741749554872513,9,788,,,,,
0.009130752645432949,9,789,,,,,
0.0015281826490536332,9,790,,,,,
0.0025192738976329565,9,791,,,,,
0.0008873388287611306,9,792,,,,,
0.011297011747956276,9,793,,,,,
0.012121041305363178,9,794,,,,,
0.002573717385530472,9,795,,,,,
0.0036388179287314415,9,796,,,,,
0.005256591830402613,9,797,,,,,
0.0007647163001820445,9,798,,,,,
0.001388240372762084,9,799,,,,,
,,90,0.009313360787928104,,,,
,,91,0.0054977163672447205,,,,
,,92,0.0027041041757911444,,,,
,,93,0.0051790629513561726,,,,
,,94,0.00028056121664121747,,,,
,,95,0.002667986089363694,,,,
,,96,0.003219195641577244,,,,
,,97,0.0003193265583831817,,,,
,,98,0.0021387177985161543,,,,
,,99,3.344549986650236e-05,,,,
,9,799,,0.0031353472732007504,,,
,9,799,,,0.9488636255264282,0.0075288391672074795,0.9488636255264282
0.006079122889786959,10,800,,,,,
0.0022373367100954056,10,801,,,,,
0.003959200344979763,10,802,,,,,
0.013318845070898533,10,803,,,,,
0.008742991834878922,10,804,,,,,
0.01365862600505352,10,805,,,,,
0.002946002408862114,10,806,,,,,
0.0007536045741289854,10,807,,,,,
0.002792599145323038,10,808,,,,,
0.0022272311616688967,10,809,,,,,
0.008374315686523914,10,810,,,,,
0.00170152448117733,10,811,,,,,
0.00024761760141700506,10,812,,,,,
0.002510560443624854,10,813,,,,,
0.007350485306233168,10,814,,,,,
0.001073053921572864,10,815,,,,,
0.0017456936184316874,10,816,,,,,
0.014915966428816319,10,817,,,,,
0.0059579829685389996,10,818,,,,,
0.010372590273618698,10,819,,,,,
0.02209606021642685,10,820,,,,,
0.0007295412360690534,10,821,,,,,
0.006518780253827572,10,822,,,,,
0.006881242617964745,10,823,,,,,
0.0015822029672563076,10,824,,,,,
0.006694271694868803,10,825,,,,,
0.004610945004969835,10,826,,,,,
0.00244469428434968,10,827,,,,,
0.006835996173322201,10,828,,,,,
0.008546282537281513,10,829,,,,,
0.0013205620925873518,10,830,,,,,
0.0005077614914625883,10,831,,,,,
0.00037630985025316477,10,832,,,,,
0.005078040063381195,10,833,,,,,
0.004330030642449856,10,834,,,,,
0.00841815397143364,10,835,,,,,
0.005926033016294241,10,836,,,,,
0.014114760793745518,10,837,,,,,
0.007401362527161837,10,838,,,,,
0.005726531147956848,10,839,,,,,
0.0019650706090033054,10,840,,,,,
0.0016663300339132547,10,841,,,,,
0.015283985994756222,10,842,,,,,
0.011220553889870644,10,843,,,,,
0.0018956870771944523,10,844,,,,,
0.00394956162199378,10,845,,,,,
0.0016473131254315376,10,846,,,,,
0.002716256771236658,10,847,,,,,
0.0018400163389742374,10,848,,,,,
0.005968700163066387,10,849,,,,,
0.010144300758838654,10,850,,,,,
0.004680078476667404,10,851,,,,,
0.00377919664606452,10,852,,,,,
0.0021813781931996346,10,853,,,,,
0.0012709979200735688,10,854,,,,,
0.03300649672746658,10,855,,,,,
0.000641149003058672,10,856,,,,,
0.002169680083170533,10,857,,,,,
0.0023757419548928738,10,858,,,,,
0.000952230766415596,10,859,,,,,
0.024855928495526314,10,860,,,,,
0.0021004658192396164,10,861,,,,,
0.003960430156439543,10,862,,,,,
0.014493587426841259,10,863,,,,,
0.0004250186320859939,10,864,,,,,
0.0034921239130198956,10,865,,,,,
0.006928696297109127,10,866,,,,,
0.00761285237967968,10,867,,,,,
0.004198930226266384,10,868,,,,,
0.007223367691040039,10,869,,,,,
0.0018069313373416662,10,870,,,,,
0.0020505553111433983,10,871,,,,,
0.003480822779238224,10,872,,,,,
0.0008345093810930848,10,873,,,,,
0.0009123997297137976,10,874,,,,,
0.0003581001947168261,10,875,,,,,
0.006354082375764847,10,876,,,,,
0.002607321133837104,10,877,,,,,
0.008239218965172768,10,878,,,,,
0.0017855503829196095,10,879,,,,,
,,100,0.0077807060442864895,,,,
,,101,0.004214143846184015,,,,
,,102,0.0032541765831410885,,,,
,,103,0.004036515951156616,,,,
,,104,0.001506564556621015,,,,
,,105,0.002419112017378211,,,,
,,106,0.0029458715580403805,,,,
,,107,0.0012601102935150266,,,,
,,108,0.0024644623044878244,,,,
,,109,6.394708907464519e-05,,,,
,10,879,,0.0029945611022412777,,,
,10,879,,,0.9801136255264282,0.005552257411181927,0.9801136255264282
0.0029982218984514475,11,880,,,,,
0.002004250418394804,11,881,,,,,
0.0008672378025949001,11,882,,,,,
0.0032551968470215797,11,883,,,,,
0.011277926154434681,11,884,,,,,
0.0021968604996800423,11,885,,,,,
0.00039697406464256346,11,886,,,,,
0.025243468582630157,11,887,,,,,
0.009158228524029255,11,888,,,,,
0.0007340805605053902,11,889,,,,,
0.0021316243801265955,11,890,,,,,
0.001492082024924457,11,891,,,,,
0.00989406369626522,11,892,,,,,
0.0008428446599282324,11,893,,,,,
0.0004255490784998983,11,894,,,,,
0.002639359561726451,11,895,,,,,
0.013835555873811245,11,896,,,,,
0.002111974637955427,11,897,,,,,
0.0028202245011925697,11,898,,,,,
0.0033690829295665026,11,899,,,,,
0.010580495931208134,11,900,,,,,
0.006260355468839407,11,901,,,,,
0.003493231488391757,11,902,,,,,
0.0065597053617239,11,903,,,,,
0.004286702256649733,11,904,,,,,
0.007506574969738722,11,905,,,,,
0.00964642409235239,11,906,,,,,
0.0073189628310501575,11,907,,,,,
0.003141683293506503,11,908,,,,,
0.001562034711241722,11,909,,,,,
0.0009703849791549146,11,910,,,,,
0.013406484387814999,11,911,,,,,
0.0008313730359077454,11,912,,,,,
0.006508780177682638,11,913,,,,,
0.010314738377928734,11,914,,,,,
0.003936394117772579,11,915,,,,,
0.005095622036606073,11,916,,,,,
0.0044052558951079845,11,917,,,,,
0.0007646304438821971,11,918,,,,,
0.004955528303980827,11,919,,,,,
0.0010754638351500034,11,920,,,,,
0.004208843689411879,11,921,,,,,
0.000917983939871192,11,922,,,,,
0.0035480426158756018,11,923,,,,,
0.011951545253396034,11,924,,,,,
0.006327942945063114,11,925,,,,,
0.0008864352712407708,11,926,,,,,
0.010557177476584911,11,927,,,,,
0.0005544061423279345,11,928,,,,,
0.001975264633074403,11,929,,,,,
0.0007048404077067971,11,930,,,,,
0.0014353204751387239,11,931,,,,,
0.004996428266167641,11,932,,,,,
0.002080396981909871,11,933,,,,,
0.00185320433229208,11,934,,,,,
0.0040990933775901794,11,935,,,,,
0.0063169896602630615,11,936,,,,,
0.005326623097062111,11,937,,,,,
0.001543868100270629,11,938,,,,,
0.00037081632763147354,11,939,,,,,
0.0011271038092672825,11,940,,,,,
0.004280005116015673,11,941,,,,,
0.002798544941470027,11,942,,,,,
0.004729354754090309,11,943,,,,,
0.0011915151262655854,11,944,,,,,
0.0016089300625026226,11,945,,,,,
0.01006973534822464,11,946,,,,,
0.0006119714234955609,11,947,,,,,
0.017867282032966614,11,948,,,,,
0.002736008493229747,11,949,,,,,
0.007386890705674887,11,950,,,,,
0.00812586024403572,11,951,,,,,
0.0008654227131046355,11,952,,,,,
0.0002632196992635727,11,953,,,,,
0.001049284590408206,11,954,,,,,
0.005075791850686073,11,955,,,,,
0.006516504101455212,11,956,,,,,
0.01212285365909338,11,957,,,,,
0.007468791678547859,11,958,,,,,
0.015081762336194515,11,959,,,,,
,,110,0.00853634625673294,,,,
,,111,0.009737184271216393,,,,
,,112,0.003983909264206886,,,,
,,113,0.004526038188487291,,,,
,,114,0.00232454901561141,,,,
,,115,0.004651940893381834,,,,
,,116,0.00292083784006536,,,,
,,117,0.00298374705016613,,,,
,,118,0.0028083918150514364,,,,
,,119,0.0001985298004001379,,,,
,11,959,,0.004267147276550531,,,
,11,959,,,0.9431818127632141,0.00488684605807066,0.9431818127632141
0.0012167388340458274,12,960,,,,,
0.0043977005407214165,12,961,,,,,
0.0021088935900479555,12,962,,,,,
0.0031960781197994947,12,963,,,,,
0.011011756025254726,12,964,,,,,
0.00997973047196865,12,965,,,,,
0.00031502003548666835,12,966,,,,,
0.0006409006309695542,12,967,,,,,
0.0068122465163469315,12,968,,,,,
0.0007739714346826077,12,969,,,,,
0.0003779374237637967,12,970,,,,,
0.004023571033030748,12,971,,,,,
0.0006518518785014749,12,972,,,,,
0.0009717308566905558,12,973,,,,,
0.009214730001986027,12,974,,,,,
0.0006781261181458831,12,975,,,,,
0.0007959315553307533,12,976,,,,,
0.0025957333855330944,12,977,,,,,
0.0005146747571416199,12,978,,,,,
0.0030419921968132257,12,979,,,,,
0.003019830910488963,12,980,,,,,
0.004576347768306732,12,981,,,,,
0.007365841884166002,12,982,,,,,
0.0020904517732560635,12,983,,,,,
0.0018724296241998672,12,984,,,,,
0.0054504647850990295,12,985,,,,,
0.0028391892556101084,12,986,,,,,
0.011988122947514057,12,987,,,,,
0.0008686897344887257,12,988,,,,,
0.0009755428764037788,12,989,,,,,
0.007182771805673838,12,990,,,,,
0.0016454531578347087,12,991,,,,,
0.0009920261800289154,12,992,,,,,
0.00625629210844636,12,993,,,,,
0.024473067373037338,12,994,,,,,
0.007132432423532009,12,995,,,,,
0.003076768247410655,12,996,,,,,
0.0006023799651302397,12,997,,,,,
0.0009000274585559964,12,998,,,,,
0.0007256484823301435,12,999,,,,,
0.005491388030350208,12,1000,,,,,
0.0023375442251563072,12,1001,,,,,
0.0046127112582325935,12,1002,,,,,
0.0009876867989078164,12,1003,,,,,
0.003076697699725628,12,1004,,,,,
0.00022079220798332244,12,1005,,,,,
0.0038307681679725647,12,1006,,,,,
0.003968444652855396,12,1007,,,,,
0.008691604249179363,12,1008,,,,,
0.0001477440382586792,12,1009,,,,,
0.0011706114746630192,12,1010,,,,,
0.002934284508228302,12,1011,,,,,
0.004708240740001202,12,1012,,,,,
0.00666313199326396,12,1013,,,,,
0.0002321926731383428,12,1014,,,,,
0.003912223502993584,12,1015,,,,,
0.00104519200976938,12,1016,,,,,
0.006396738812327385,12,1017,,,,,
0.008948912844061852,12,1018,,,,,
0.008631149306893349,12,1019,,,,,
0.00305553013458848,12,1020,,,,,
0.0063752830028533936,12,1021,,,,,
0.0005153553793206811,12,1022,,,,,
0.0033648887183517218,12,1023,,,,,
0.001184512278996408,12,1024,,,,,
0.006283371709287167,12,1025,,,,,
0.00589507631957531,12,1026,,,,,
0.0006480637239292264,12,1027,,,,,
0.009688406251370907,12,1028,,,,,
0.0004306194605305791,12,1029,,,,,
0.0029233270324766636,12,1030,,,,,
0.0049218107014894485,12,1031,,,,,
0.002623036503791809,12,1032,,,,,
0.00020967688760720193,12,1033,,,,,
0.0009055100963450968,12,1034,,,,,
0.003981384448707104,12,1035,,,,,
0.004871538374572992,12,1036,,,,,
0.0007599118398502469,12,1037,,,,,
0.0021344590932130814,12,1038,,,,,
0.00030789486481808126,12,1039,,,,,
,,120,0.007661767769604921,,,,
,,121,0.006030730903148651,,,,
,,122,0.0028384490869939327,,,,
,,123,0.0032459208741784096,,,,
,,124,0.00010056360042653978,,,,
,,125,0.0018837176030501723,,,,
,,126,0.0021053310483694077,,,,
,,127,0.00013767616474069655,,,,
,,128,0.0022452184930443764,,,,
,,129,6.746587132511195e-06,,,,
,12,1039,,0.002625612076371908,,,
,12,1039,,,0.9545454382896423,0.0037055104039609432,0.9545454382896423
0.00843193382024765,13,1040,,,,,
0.00721154548227787,13,1041,,,,,
0.007156734820455313,13,1042,,,,,
0.007910831831395626,13,1043,,,,,
0.0038988173473626375,13,1044,,,,,
0.0002752895816229284,13,1045,,,,,
0.0043909549713134766,13,1046,,,,,
0.000572141376323998,13,1047,,,,,
0.0009516580030322075,13,1048,,,,,
0.002793420571833849,13,1049,,,,,
0.007003882899880409,13,1050,,,,,
0.0025194562040269375,13,1051,,,,,
0.0008762113866396248,13,1052,,,,,
0.0037129248958081007,13,1053,,,,,
0.00016646516451146454,13,1054,,,,,
0.0034218844957649708,13,1055,,,,,
0.0028482049237936735,13,1056,,,,,
0.012048625387251377,13,1057,,,,,
0.0025398065336048603,13,1058,,,,,
0.0016854900168254972,13,1059,,,,,
0.0006305846618488431,13,1060,,,,,
0.009394659660756588,13,1061,,,,,
0.0025428887456655502,13,1062,,,,,
0.0019119000062346458,13,1063,,,,,
0.004176763817667961,13,1064,,,,,
0.015516701154410839,13,1065,,,,,
0.009021330624818802,13,1066,,,,,
0.021156873553991318,13,1067,,,,,
0.005079696420580149,13,1068,,,,,
0.0014336919412016869,13,1069,,,,,
0.015391843393445015,13,1070,,,,,
0.0005674046697095037,13,1071,,,,,
0.002171248197555542,13,1072,,,,,
0.0016746371984481812,13,1073,,,,,
0.0029398277401924133,13,1074,,,,,
0.0038487364072352648,13,1075,,,,,
0.002764554927125573,13,1076,,,,,
0.0004399773897603154,13,1077,,,,,
0.00019913680444005877,13,1078,,,,,
0.008905935101211071,13,1079,,,,,
0.008615352213382721,13,1080,,,,,
0.0061693331226706505,13,1081,,,,,
0.003563850186765194,13,1082,,,,,
0.0008440686506219208,13,1083,,,,,
0.0023446453269571066,13,1084,,,,,
0.006827742327004671,13,1085,,,,,
0.004914669785648584,13,1086,,,,,
0.004511238541454077,13,1087,,,,,
0.0018472959054633975,13,1088,,,,,
0.004647823050618172,13,1089,,,,,
0.007871607318520546,13,1090,,,,,
0.0060601746663451195,13,1091,,,,,
0.005623958073556423,13,1092,,,,,
0.0008649625233374536,13,1093,,,,,
0.006175574380904436,13,1094,,,,,
0.007695693057030439,13,1095,,,,,
0.0025814659893512726,13,1096,,,,,
0.000592312659136951,13,1097,,,,,
0.00021122006000950933,13,1098,,,,,
0.003969372715801001,13,1099,,,,,
0.00030332821188494563,13,1100,,,,,
0.0011061368277296424,13,1101,,,,,
0.0005064404685981572,13,1102,,,,,
0.00014150062634143978,13,1103,,,,,
0.009959991089999676,13,1104,,,,,
0.0012109932722523808,13,1105,,,,,
0.0015702297678217292,13,1106,,,,,
0.004301541484892368,13,1107,,,,,
0.002277134219184518,13,1108,,,,,
0.005340844392776489,13,1109,,,,,
0.010299734771251678,13,1110,,,,,
0.0005265187355689704,13,1111,,,,,
0.005433978512883186,13,1112,,,,,
0.003516830736771226,13,1113,,,,,
0.00499451719224453,13,1114,,,,,
0.0025748892221599817,13,1115,,,,,
0.0007904419908300042,13,1116,,,,,
0.010241610929369926,13,1117,,,,,
0.0005817216588184237,13,1118,,,,,
0.0020120907574892044,13,1119,,,,,
,,130,0.008489483967423439,,,,
,,131,0.0062935310415923595,,,,
,,132,0.0026303010527044535,,,,
,,133,0.0045151980593800545,,,,
,,134,0.0009308253647759557,,,,
,,135,0.0024471457581967115,,,,
,,136,0.0016920273192226887,,,,
,,137,0.0004109409637749195,,,,
,,138,0.0019098868360742927,,,,
,,139,8.479722964693792e-06,,,,
,13,1119,,0.0029327820520848036,,,
,13,1119,,,0.9602272510528564,0.004297593608498573,0.9602272510528564
0.005150254815816879,14,1120,,,,,
0.0002461300464347005,14,1121,,,,,
0.0011666930513456464,14,1122,,,,,
0.0032514804042875767,14,1123,,,,,
0.00043001153971999884,14,1124,,,,,
0.0010773238027468324,14,1125,,,,,
0.01057511568069458,14,1126,,,,,
0.004245682619512081,14,1127,,,,,
0.004544162191450596,14,1128,,,,,
0.00046278181253001094,14,1129,,,,,
0.0062031131237745285,14,1130,,,,,
0.004033869132399559,14,1131,,,,,
0.000513351580593735,14,1132,,,,,
0.0018239454366266727,14,1133,,,,,
0.0024252121802419424,14,1134,,,,,
0.005644003860652447,14,1135,,,,,
0.0001995857455767691,14,1136,,,,,
0.001169251394458115,14,1137,,,,,
0.0004883515066467226,14,1138,,,,,
0.004102777689695358,14,1139,,,,,
0.002036401303485036,14,1140,,,,,
0.021775806322693825,14,1141,,,,,
0.0020955263171344995,14,1142,,,,,
0.006684392224997282,14,1143,,,,,
0.005462314933538437,14,1144,,,,,
0.008753739297389984,14,1145,,,,,
0.009950293228030205,14,1146,,,,,
0.012740351259708405,14,1147,,,,,
0.005776430480182171,14,1148,,,,,
0.006420958321541548,14,1149,,,,,
0.0018442886648699641,14,1150,,,,,
0.0006448684143833816,14,1151,,,,,
0.000995156355202198,14,1152,,,,,
0.0025326639879494905,14,1153,,,,,
0.0007522392552345991,14,1154,,,,,
0.0055152736604213715,14,1155,,,,,
0.0064588249661028385,14,1156,,,,,
0.004122809506952763,14,1157,,,,,
0.0015894907992333174,14,1158,,,,,
0.007872642017900944,14,1159,,,,,
0.002768451115116477,14,1160,,,,,
0.0031821117736399174,14,1161,,,,,
0.006301430519670248,14,1162,,,,,
0.009444217197597027,14,1163,,,,,
0.0002702691999729723,14,1164,,,,,
0.005394335370510817,14,1165,,,,,
0.0004924704553559422,14,1166,,,,,
0.0002759601338766515,14,1167,,,,,
0.00023868960852269083,14,1168,,,,,
0.0006798302056267858,14,1169,,,,,
0.00038851506542414427,14,1170,,,,,
0.004957916680723429,14,1171,,,,,
0.0021921894513070583,14,1172,,,,,
0.007923993282020092,14,1173,,,,,
0.003991039004176855,14,1174,,,,,
0.00021724461112171412,14,1175,,,,,
0.0035172353964298964,14,1176,,,,,
0.0003655979235190898,14,1177,,,,,
0.0020468493457883596,14,1178,,,,,
0.004586527124047279,14,1179,,,,,
0.0009788807947188616,14,1180,,,,,
0.006492821965366602,14,1181,,,,,
0.004056826699525118,14,1182,,,,,
0.010540710762143135,14,1183,,,,,
0.002784589072689414,14,1184,,,,,
0.0019978752825409174,14,1185,,,,,
0.0011793568264693022,14,1186,,,,,
0.0009344181744381785,14,1187,,,,,
0.0003669023572001606,14,1188,,,,,
0.007915080524981022,14,1189,,,,,
0.00260995258577168,14,1190,,,,,
0.01595951057970524,14,1191,,,,,
0.0051847402937710285,14,1192,,,,,
0.00047944887774065137,14,1193,,,,,
0.0036960092838853598,14,1194,,,,,
0.001308735809288919,14,1195,,,,,
0.003868719795718789,14,1196,,,,,
0.0015273126773536205,14,1197,,,,,
0.00012491288362070918,14,1198,,,,,
0.004974471405148506,14,1199,,,,,
,,140,0.009405220858752728,,,,
,,141,0.004206670448184013,,,,
,,142,0.002139102201908827,,,,
,,143,0.00401906855404377,,,,
,,144,1.7627818351684255e-06,,,,
,,145,0.0021336160134524107,,,,
,,146,0.0025126261170953512,,,,
,,147,3.574634320102632e-06,,,,
,,148,0.002056045224890113,,,,
,,149,4.884248596681573e-07,,,,
,14,1199,,0.002647817600518465,,,
,14,1199,,,0.9517045617103577,0.0038499212823808193,0.9517045617103577
0.007124907337129116,15,1200,,,,,
0.0007699564448557794,15,1201,,,,,
0.004094215109944344,15,1202,,,,,
0.004035378340631723,15,1203,,,,,
0.006331837736070156,15,1204,,,,,
0.004281206987798214,15,1205,,,,,
0.002819257089868188,15,1206,,,,,
0.001024625264108181,15,1207,,,,,
0.0006408350309357047,15,1208,,,,,
0.010844480246305466,15,1209,,,,,
0.0018459111452102661,15,1210,,,,,
0.00032190195634029806,15,1211,,,,,
0.0035678658168762922,15,1212,,,,,
0.005739583633840084,15,1213,,,,,
0.006508525460958481,15,1214,,,,,
0.0032151995692402124,15,1215,,,,,
0.0011930265463888645,15,1216,,,,,
0.00474810553714633,15,1217,,,,,
0.003925134893506765,15,1218,,,,,
0.0002467855520080775,15,1219,,,,,
0.000270193035248667,15,1220,,,,,
0.0033295857720077038,15,1221,,,,,
0.00015854240336921066,15,1222,,,,,
0.006348893977701664,15,1223,,,,,
0.0011193555546924472,15,1224,,,,,
0.01589801162481308,15,1225,,,,,
0.005595885682851076,15,1226,,,,,
0.0054039182141423225,15,1227,,,,,
0.00017068415763787925,15,1228,,,,,
0.0019794164691120386,15,1229,,,,,
0.006251773331314325,15,1230,,,,,
0.0009248937712982297,15,1231,,,,,
0.002057247795164585,15,1232,,,,,
0.0004374076670501381,15,1233,,,,,
0.004901366773992777,15,1234,,,,,
0.008774999529123306,15,1235,,,,,
0.0019815971609205008,15,1236,,,,,
0.0019254699582234025,15,1237,,,,,
0.009674972854554653,15,1238,,,,,
0.007884139195084572,15,1239,,,,,
0.0039021417032927275,15,1240,,,,,
0.007209091447293758,15,1241,,,,,
0.006341799162328243,15,1242,,,,,
0.00464034266769886,15,1243,,,,,
0.0012170851696282625,15,1244,,,,,
0.002978360280394554,15,1245,,,,,
0.002100467449054122,15,1246,,,,,
0.005541814491152763,15,1247,,,,,
0.001870686886832118,15,1248,,,,,
0.0003011293592862785,15,1249,,,,,
0.004574005492031574,15,1250,,,,,
0.005852161906659603,15,1251,,,,,
0.0017787383403629065,15,1252,,,,,
0.0010225847363471985,15,1253,,,,,
0.007298632990568876,15,1254,,,,,
0.0009560810285620391,15,1255,,,,,
9.42697370192036e-05,15,1256,,,,,
0.0014574661618098617,15,1257,,,,,
0.0004366643261164427,15,1258,,,,,
0.01697150245308876,15,1259,,,,,
0.0009165008086711168,15,1260,,,,,
0.00035634514642879367,15,1261,,,,,
0.0007919308263808489,15,1262,,,,,
0.002078928053379059,15,1263,,,,,
0.0019645397551357746,15,1264,,,,,
0.010283327661454678,15,1265,,,,,
0.018292665481567383,15,1266,,,,,
0.005282287020236254,15,1267,,,,,
0.0011348903644829988,15,1268,,,,,
0.004312803503125906,15,1269,,,,,
0.0017885739216580987,15,1270,,,,,
0.009511711075901985,15,1271,,,,,
0.011976527981460094,15,1272,,,,,
0.00031039805617183447,15,1273,,,,,
0.0016826735809445381,15,1274,,,,,
0.006601142697036266,15,1275,,,,,
0.0031113745644688606,15,1276,,,,,
0.00056538509670645,15,1277,,,,,
0.006110112648457289,15,1278,,,,,
0.009493154473602772,15,1279,,,,,
,,150,0.008457429707050323,,,,
,,151,0.004959938116371632,,,,
,,152,0.0026320661418139935,,,,
,,153,0.005036879330873489,,,,
,,154,4.622006599674933e-06,,,,
,,155,0.0027558705769479275,,,,
,,156,0.0021430072374641895,,,,
,,157,1.127970881498186e-05,,,,
,,158,0.001632943982258439,,,,
,,159,4.460502168512903e-06,,,,
,15,1279,,0.0027638499159365892,,,
,15,1279,,,0.9545454382896423,0.004143467638641596,0.9545454382896423
0.004157220479100943,16,1280,,,,,
0.001708585536107421,16,1281,,,,,
0.0020732595585286617,16,1282,,,,,
0.003077360801398754,16,1283,,,,,
0.011585560627281666,16,1284,,,,,
0.0005110239144414663,16,1285,,,,,
0.004636367782950401,16,1286,,,,,
0.0030864591244608164,16,1287,,,,,
0.0005134118837304413,16,1288,,,,,
0.002975927898660302,16,1289,,,,,
0.0075598545372486115,16,1290,,,,,
0.01377094630151987,16,1291,,,,,
0.0005300785996951163,16,1292,,,,,
0.004990259185433388,16,1293,,,,,
0.004229884594678879,16,1294,,,,,
0.0013705866876989603,16,1295,,,,,
0.00020986968593206257,16,1296,,,,,
0.0033310293219983578,16,1297,,,,,
0.0003677146742120385,16,1298,,,,,
0.0019980648066848516,16,1299,,,,,
0.004518520552664995,16,1300,,,,,
0.0060834139585494995,16,1301,,,,,
0.004968443885445595,16,1302,,,,,
0.002558421576395631,16,1303,,,,,
0.005574848968535662,16,1304,,,,,
0.002801681635901332,16,1305,,,,,
0.005459152162075043,16,1306,,,,,
0.000298687897156924,16,1307,,,,,
0.00044052241719327867,16,1308,,,,,
0.0028569712303578854,16,1309,,,,,
0.005205840338021517,16,1310,,,,,
0.006499516312032938,16,1311,,,,,
0.002131939399987459,16,1312,,,,,
0.0027695088647305965,16,1313,,,,,
0.0010476490715518594,16,1314,,,,,
0.0004978996585123241,16,1315,,,,,
0.00017338903853669763,16,1316,,,,,
0.005589308682829142,16,1317,,,,,
0.005057614762336016,16,1318,,,,,
0.0007786564528942108,16,1319,,,,,
0.00031009610393084586,16,1320,,,,,
0.004550288897007704,16,1321,,,,,
0.0007954270695336163,16,1322,,,,,
0.0009569570538587868,16,1323,,,,,
0.0020839108619838953,16,1324,,,,,
0.00983110349625349,16,1325,,,,,
0.0022597811184823513,16,1326,,,,,
0.002163601340726018,16,1327,,,,,
0.0015541424509137869,16,1328,,,,,
0.0047108023427426815,16,1329,,,,,
0.0014772288268432021,16,1330,,,,,
0.0007313309470191598,16,1331,,,,,
0.0017545931041240692,16,1332,,,,,
0.003251505084335804,16,1333,,,,,
0.002250916790217161,16,1334,,,,,
0.011622938327491283,16,1335,,,,,
0.00829639844596386,16,1336,,,,,
0.000319590704748407,16,1337,,,,,
0.011507490649819374,16,1338,,,,,
0.00029093530611135066,16,1339,,,,,
0.00022057261958252639,16,1340,,,,,
0.0008246086072176695,16,1341,,,,,
0.00024096836568787694,16,1342,,,,,
0.00020485802087932825,16,1343,,,,,
0.0002734375011641532,16,1344,,,,,
0.006301327142864466,16,1345,,,,,
0.005764899309724569,16,1346,,,,,
0.00021369900787249207,16,1347,,,,,
0.002962361788377166,16,1348,,,,,
0.0008738167816773057,16,1349,,,,,
0.007777547463774681,16,1350,,,,,
0.0005411005695350468,16,1351,,,,,
0.00017603201558813453,16,1352,,,,,
0.0022558888886123896,16,1353,,,,,
0.004234132822602987,16,1354,,,,,
0.00458733132109046,16,1355,,,,,
0.004563007969409227,16,1356,,,,,
0.0054172333329916,16,1357,,,,,
0.003374960506334901,16,1358,,,,,
0.00610383041203022,16,1359,,,,,
,,160,0.0078002577647566795,,,,
,,161,0.004575403407216072,,,,
,,162,0.0021010900381952524,,,,
,,163,0.004121094010770321,,,,
,,164,6.861435394966975e-05,,,,
,,165,0.0021861325949430466,,,,
,,166,0.0021694782190024853,,,,
,,167,8.552146937290672e-06,,,,
,,168,0.0020553504582494497,,,,
,,169,6.830424354120623e-06,,,,
,16,1359,,0.002509280340746045,,,
,16,1359,,,0.9573863744735718,0.0033203265629708767,0.9573863744735718
0.005920383147895336,17,1360,,,,,
0.0008997304830700159,17,1361,,,,,
0.0022003892809152603,17,1362,,,,,
0.0029443621169775724,17,1363,,,,,
0.0004271054931450635,17,1364,,,,,
0.003435753984376788,17,1365,,,,,
0.0006910535739734769,17,1366,,,,,
0.0006763400742784142,17,1367,,,,,
0.000258563639363274,17,1368,,,,,
0.0016767053166404366,17,1369,,,,,
0.000229626486543566,17,1370,,,,,
0.0004037663748022169,17,1371,,,,,
0.0003631652216427028,17,1372,,,,,
0.00450413953512907,17,1373,,,,,
0.005312966648489237,17,1374,,,,,
0.002769583137705922,17,1375,,,,,
0.015429722145199776,17,1376,,,,,
0.0006027829367667437,17,1377,,,,,
0.0025860643945634365,17,1378,,,,,
0.0004125526174902916,17,1379,,,,,
0.006662516389042139,17,1380,,,,,
0.0005921701667830348,17,1381,,,,,
0.00691618025302887,17,1382,,,,,
0.0032975540962070227,17,1383,,,,,
0.0005487955058924854,17,1384,,,,,
0.009956050664186478,17,1385,,,,,
0.00019294090452603996,17,1386,,,,,
0.00034271879121661186,17,1387,,,,,
0.003581693395972252,17,1388,,,,,
0.003459417726844549,17,1389,,,,,
0.005163704045116901,17,1390,,,,,
0.003829993773251772,17,1391,,,,,
0.004313402809202671,17,1392,,,,,
0.003400548594072461,17,1393,,,,,
0.0005208872025832534,17,1394,,,,,
0.0014697164297103882,17,1395,,,,,
0.003082111943513155,17,1396,,,,,
0.007887575775384903,17,1397,,,,,
0.005641009658575058,17,1398,,,,,
0.002028387738391757,17,1399,,,,,
0.000840274675283581,17,1400,,,,,
0.00021532143000513315,17,1401,,,,,
0.0011365298414602876,17,1402,,,,,
0.0007520348881371319,17,1403,,,,,
0.007070735562592745,17,1404,,,,,
0.002989630913361907,17,1405,,,,,
0.005631240084767342,17,1406,,,,,
0.0016494314186275005,17,1407,,,,,
0.004346283618360758,17,1408,,,,,
0.0030298505444079638,17,1409,,,,,
0.0024493038654327393,17,1410,,,,,
0.007484562695026398,17,1411,,,,,
8.375683682970703e-05,17,1412,,,,,
0.0009436415275558829,17,1413,,,,,
0.004980260506272316,17,1414,,,,,
0.008899938315153122,17,1415,,,,,
0.0029812967404723167,17,1416,,,,,
0.0016128469724208117,17,1417,,,,,
0.004088403191417456,17,1418,,,,,
0.0005838391953147948,17,1419,,,,,
0.002788327634334564,17,1420,,,,,
0.0006602148059755564,17,1421,,,,,
0.00034614960895851254,17,1422,,,,,
0.002461677184328437,17,1423,,,,,
0.006089366041123867,17,1424,,,,,
0.005177767481654882,17,1425,,,,,
0.0014609082136303186,17,1426,,,,,
0.002168676583096385,17,1427,,,,,
0.005522388499230146,17,1428,,,,,
0.000929454923607409,17,1429,,,,,
0.0004838806635234505,17,1430,,,,,
0.00254045776091516,17,1431,,,,,
0.001246766303665936,17,1432,,,,,
0.004112558905035257,17,1433,,,,,
0.005697725806385279,17,1434,,,,,
0.0049105542711913586,17,1435,,,,,
0.005325171630829573,17,1436,,,,,
0.006583254784345627,17,1437,,,,,
0.006161654368042946,17,1438,,,,,
0.0022486357484012842,17,1439,,,,,
,,170,0.008921155706048012,,,,
,,171,0.004005237016826868,,,,
,,172,0.003901291871443391,,,,
,,173,0.004899570718407631,,,,
,,174,8.918254025047645e-06,,,,
,,175,0.0024863616563379765,,,,
,,176,0.0024993373081088066,,,,
,,177,3.7903704651398584e-05,,,,
,,178,0.0021736277267336845,,,,
,,179,1.3066883184364997e-06,,,,
,17,1439,,0.0028934709262102842,,,
,17,1439,,,0.9545454382896423,0.0031664608977735043,0.9545454382896423
0.0005724517395719886,18,1440,,,,,
0.0023613115772604942,18,1441,,,,,
0.002382485894486308,18,1442,,,,,
0.002273493679240346,18,1443,,,,,
0.0033986230846494436,18,1444,,,,,
0.0004875939048361033,18,1445,,,,,
0.00019975470786448568,18,1446,,,,,
0.0009029647917486727,18,1447,,,,,
0.0022411104291677475,18,1448,,,,,
8.642957254778594e-05,18,1449,,,,,
0.0019313404336571693,18,1450,,,,,
0.0006307227304205298,18,1451,,,,,
0.00023391624563373625,18,1452,,,,,
0.004994344897568226,18,1453,,,,,
0.001428782008588314,18,1454,,,,,
0.007994690909981728,18,1455,,,,,
0.0030433661304414272,18,1456,,,,,
0.007737191393971443,18,1457,,,,,
0.0038088320288807154,18,1458,,,,,
0.0019461006158962846,18,1459,,,,,
0.0007336337585002184,18,1460,,,,,
0.0037028398364782333,18,1461,,,,,
0.0008208388462662697,18,1462,,,,,
0.0016685443697497249,18,1463,,,,,
5.799096470582299e-05,18,1464,,,,,
0.004138292744755745,18,1465,,,,,
0.0006913198158144951,18,1466,,,,,
0.003954130690544844,18,1467,,,,,
0.00612064590677619,18,1468,,,,,
0.00012436996621545404,18,1469,,,,,
0.011186621151864529,18,1470,,,,,
0.0007546917186118662,18,1471,,,,,
0.00010105811816174537,18,1472,,,,,
0.0017339622136205435,18,1473,,,,,
0.002193995751440525,18,1474,,,,,
0.0003397769760340452,18,1475,,,,,
0.0002713914727792144,18,1476,,,,,
0.0003496398567222059,18,1477,,,,,
0.0025243221316486597,18,1478,,,,,
0.005079705733805895,18,1479,,,,,
0.005620813462883234,18,1480,,,,,
0.0028861116152256727,18,1481,,,,,
0.002680918900296092,18,1482,,,,,
0.004033360630273819,18,1483,,,,,
0.0002848122385330498,18,1484,,,,,
0.0006252618040889502,18,1485,,,,,
0.002556679304689169,18,1486,,,,,
0.0077889226377010345,18,1487,,,,,
0.01236820686608553,18,1488,,,,,
6.241256050998345e-05,18,1489,,,,,
0.0008702027844265103,18,1490,,,,,
8.983108273241669e-05,18,1491,,,,,
0.001826307736337185,18,1492,,,,,
0.002738876035436988,18,1493,,,,,
0.004613114520907402,18,1494,,,,,
0.00015263381646946073,18,1495,,,,,
0.018624693155288696,18,1496,,,,,
0.0018962654285132885,18,1497,,,,,
4.136549978284165e-05,18,1498,,,,,
0.0022294039372354746,18,1499,,,,,
0.0046349442563951015,18,1500,,,,,
0.0007202882552519441,18,1501,,,,,
0.0010101768421009183,18,1502,,,,,
0.001246357336640358,18,1503,,,,,
0.0004283243615645915,18,1504,,,,,
0.004863267298787832,18,1505,,,,,
0.0005082361749373376,18,1506,,,,,
0.006008874159306288,18,1507,,,,,
0.0023977006785571575,18,1508,,,,,
0.0027054459787905216,18,1509,,,,,
0.0005398400826379657,18,1510,,,,,
0.0018599532777443528,18,1511,,,,,
0.0002527803007978946,18,1512,,,,,
0.0009157897438853979,18,1513,,,,,
0.004033908247947693,18,1514,,,,,
0.002332527656108141,18,1515,,,,,
0.00018914944666903466,18,1516,,,,,
0.002326013520359993,18,1517,,,,,
0.004632537253201008,18,1518,,,,,
0.007723330520093441,18,1519,,,,,
,,180,0.009569235146045685,,,,
,,181,0.005656854249536991,,,,
,,182,0.0031410721130669117,,,,
,,183,0.0061438679695129395,,,,
,,184,1.140947603062159e-07,,,,
,,185,0.003069694619625807,,,,
,,186,0.001718014245852828,,,,
,,187,4.388189722703828e-07,,,,
,,188,0.0013182605616748333,,,,
,,189,1.6178368866803794e-07,,,,
,18,1519,,0.0030617713928222656,,,
,18,1519,,,0.9545454382896423,0.0027065363246947527,0.9545454382896423
0.004517863970249891,19,1520,,,,,
0.00021819298854097724,19,1521,,,,,
0.00019839379820041358,19,1522,,,,,
0.0017052680486813188,19,1523,,,,,
7.656202797079459e-05,19,1524,,,,,
0.0004122488899156451,19,1525,,,,,
0.007243186701089144,19,1526,,,,,
0.0002465838333591819,19,1527,,,,,
0.000374920287868008,19,1528,,,,,
0.00448394101113081,19,1529,,,,,
0.003654043423011899,19,1530,,,,,
0.002106382977217436,19,1531,,,,,
0.001885363832116127,19,1532,,,,,
0.00026659632567316294,19,1533,,,,,
0.004620679188519716,19,1534,,,,,
0.004979227669537067,19,1535,,,,,
0.006531798746436834,19,1536,,,,,
0.0001042157964548096,19,1537,,,,,
0.003560164477676153,19,1538,,,,,
0.0016704987501725554,19,1539,,,,,
0.0006395010859705508,19,1540,,,,,
0.0043481881730258465,19,1541,,,,,
0.0022049774415791035,19,1542,,,,,
0.0030433363281190395,19,1543,,,,,
0.00011753603757824749,19,1544,,,,,
0.00038610052433796227,19,1545,,,,,
0.0035415657330304384,19,1546,,,,,
0.0016685269074514508,19,1547,,,,,
0.0021981385070830584,19,1548,,,,,
0.0001114196129492484,19,1549,,,,,
0.003289724700152874,19,1550,,,,,
0.005314410664141178,19,1551,,,,,
0.00022813478426542133,19,1552,,,,,
0.0019384901970624924,19,1553,,,,,
0.000237001950154081,19,1554,,,,,
0.00301944836974144,19,1555,,,,,
0.0007676384411752224,19,1556,,,,,
9.01287276064977e-05,19,1557,,,,,
0.00039329129504039884,19,1558,,,,,
0.00016854102432262152,19,1559,,,,,
0.00031311449129134417,19,1560,,,,,
0.00027579403831623495,19,1561,,,,,
0.002730328356847167,19,1562,,,,,
0.0001707769260974601,19,1563,,,,,
0.01389356143772602,19,1564,,,,,
5.085551674710587e-05,19,1565,,,,,
0.0012354799546301365,19,1566,,,,,
0.002244354924187064,19,1567,,,,,
4.3520125473150983e-05,19,1568,,,,,
0.0007723451126366854,19,1569,,,,,
0.000602412736043334,19,1570,,,,,
0.005221514496952295,19,1571,,,,,
0.003368066856637597,19,1572,,,,,
0.005279917269945145,19,1573,,,,,
0.009736506268382072,19,1574,,,,,
0.004706576932221651,19,1575,,,,,
0.0008711938862688839,19,1576,,,,,
0.0002541254216339439,19,1577,,,,,
0.002002283465117216,19,1578,,,,,
0.0038240556605160236,19,1579,,,,,
0.006938844453543425,19,1580,,,,,
0.002245404291898012,19,1581,,,,,
0.00015205722593236715,19,1582,,,,,
0.0037117034662514925,19,1583,,,,,
0.006388065870851278,19,1584,,,,,
0.004612937103956938,19,1585,,,,,
0.0037998065818101168,19,1586,,,,,
0.004813427105545998,19,1587,,,,,
0.00019505976524669677,19,1588,,,,,
0.0002382303064223379,19,1589,,,,,
0.005991022568196058,19,1590,,,,,
0.0017631242517381907,19,1591,,,,,
0.0025408046785742044,19,1592,,,,,
0.00039583235047757626,19,1593,,,,,
0.002875837730243802,19,1594,,,,,
0.007361363619565964,19,1595,,,,,
7.859495235607028e-05,19,1596,,,,,
0.006698993034660816,19,1597,,,,,
0.0023010498844087124,19,1598,,,,,
0.005516433157026768,19,1599,,,,,
,,190,0.008601651526987553,,,,
,,191,0.005264111794531345,,,,
,,192,0.002665815642103553,,,,
,,193,0.00515357032418251,,,,
,,194,6.245469649002189e-06,,,,
,,195,0.0025786194019019604,,,,
,,196,0.001686816569417715,,,,
,,197,5.058715942141134e-06,,,,
,,198,0.0015189364785328507,,,,
,,199,3.801439561357256e-06,,,,
,19,1599,,0.0027484626043587923,,,
,19,1599,,,0.9573863744735718,0.0026097199879586697,0.9573863744735718
0.006641520652920008,20,1600,,,,,
0.0024938476271927357,20,1601,,,,,
0.0018266977276653051,20,1602,,,,,
0.003360931295901537,20,1603,,,,,
0.002375749871134758,20,1604,,,,,
0.0003126802621409297,20,1605,,,,,
0.00637441873550415,20,1606,,,,,
0.00331797543913126,20,1607,,,,,
0.00819008331745863,20,1608,,,,,
0.00783173181116581,20,1609,,,,,
0.0035898785572499037,20,1610,,,,,
0.00339974882081151,20,1611,,,,,
0.001347729004919529,20,1612,,,,,
0.0004844966751988977,20,1613,,,,,
0.0013709889026358724,20,1614,,,,,
0.00041000236524268985,20,1615,,,,,
0.0003287875442765653,20,1616,,,,,
0.0005709331016987562,20,1617,,,,,
0.004502426832914352,20,1618,,,,,
0.0004073535674251616,20,1619,,,,,
0.00010359873704146594,20,1620,,,,,
0.0027465466409921646,20,1621,,,,,
3.395191743038595e-05,20,1622,,,,,
0.000356499309418723,20,1623,,,,,
0.00017093065252993256,20,1624,,,,,
0.006706650834530592,20,1625,,,,,
0.00019628112204372883,20,1626,,,,,
0.0017465779092162848,20,1627,,,,,
0.0003092140832450241,20,1628,,,,,
0.0012584568466991186,20,1629,,,,,
0.0011579343117773533,20,1630,,,,,
0.001759866951033473,20,1631,,,,,
0.0007553716422989964,20,1632,,,,,
0.006861370522528887,20,1633,,,,,
0.0026037264615297318,20,1634,,,,,
0.004560088738799095,20,1635,,,,,
0.00018910477228928357,20,1636,,,,,
0.0023880747612565756,20,1637,,,,,
0.002156221540644765,20,1638,,,,,
0.004275246057659388,20,1639,,,,,
0.004545165691524744,20,1640,,,,,
0.010298538953065872,20,1641,,,,,
0.000207961886189878,20,1642,,,,,
0.004172664135694504,20,1643,,,,,
0.0034382971934974194,20,1644,,,,,
0.0004260291170794517,20,1645,,,,,
0.003769933246076107,20,1646,,,,,
0.003570687025785446,20,1647,,,,,
0.00010767503408715129,20,1648,,,,,
0.0029571300838142633,20,1649,,,,,
0.0033471896313130856,20,1650,,,,,
0.00015190982958301902,20,1651,,,,,
3.571305569494143e-05,20,1652,,,,,
0.0001248166081495583,20,1653,,,,,
0.006039045285433531,20,1654,,,,,
0.004380770027637482,20,1655,,,,,
0.00040080907638184726,20,1656,,,,,
0.0001099302971852012,20,1657,,,,,
0.0002478622191119939,20,1658,,,,,
0.0001482608204241842,20,1659,,,,,
0.0008365850080735981,20,1660,,,,,
0.0012309217127040029,20,1661,,,,,
0.0013283147709444165,20,1662,,,,,
7.434967119479552e-05,20,1663,,,,,
0.0006117407465353608,20,1664,,,,,
0.0025023510679602623,20,1665,,,,,
0.0003007209161296487,20,1666,,,,,
0.002995539689436555,20,1667,,,,,
0.004466424696147442,20,1668,,,,,
0.0018781039398163557,20,1669,,,,,
0.0009481522138230503,20,1670,,,,,
0.0022931876592338085,20,1671,,,,,
0.00046365478192456067,20,1672,,,,,
0.00017260442837141454,20,1673,,,,,
0.001854759524576366,20,1674,,,,,
0.0011323380749672651,20,1675,,,,,
0.00042415366624481976,20,1676,,,,,
0.004900161176919937,20,1677,,,,,
6.302204565145075e-05,20,1678,,,,,
0.006499437615275383,20,1679,,,,,
,,200,0.00878057535737753,,,,
,,201,0.004979649558663368,,,,
,,202,0.002830994315445423,,,,
,,203,0.005529887042939663,,,,
,,204,0.00016954280727077276,,,,
,,205,0.0027841718401759863,,,,
,,206,0.0022467083763331175,,,,
,,207,4.147090351125371e-07,,,,
,,208,0.0014627303462475538,,,,
,,209,1.9505588966239884e-07,,,,
,20,1679,,0.002878486644476652,,,
,20,1679,,,0.9545454382896423,0.002286632778123021,0.9545454382896423
0.0005110320053063333,21,1680,,,,,
9.001616854220629e-05,21,1681,,,,,
0.002011993434280157,21,1682,,,,,
0.00021821942937094718,21,1683,,,,,
0.0035163220018148422,21,1684,,,,,
0.00348189240321517,21,1685,,,,,
0.0002043272106675431,21,1686,,,,,
0.0025227863807231188,21,1687,,,,,
0.0016488635446876287,21,1688,,,,,
0.002882185159251094,21,1689,,,,,
0.008274226449429989,21,1690,,,,,
8.912992052501068e-05,21,1691,,,,,
0.004323569126427174,21,1692,,,,,
0.00010095551260747015,21,1693,,,,,
0.00245922920294106,21,1694,,,,,
5.2840299758827314e-05,21,1695,,,,,
0.0002598077116999775,21,1696,,,,,
0.000532938982360065,21,1697,,,,,
0.00018864481535274535,21,1698,,,,,
0.0048371185548603535,21,1699,,,,,
0.00017265081987716258,21,1700,,,,,
0.005362137220799923,21,1701,,,,,
8.401989180129021e-05,21,1702,,,,,
2.736548958637286e-05,21,1703,,,,,
0.00010029992699855939,21,1704,,,,,
0.0013570195296779275,21,1705,,,,,
0.010573851875960827,21,1706,,,,,
0.0007591668399982154,21,1707,,,,,
0.00019819196313619614,21,1708,,,,,
4.428370812092908e-05,21,1709,,,,,
0.0023346038069576025,21,1710,,,,,
0.0006311277393251657,21,1711,,,,,
0.0002675791038200259,21,1712,,,,,
0.0009419956477358937,21,1713,,,,,
6.620110070798546e-05,21,1714,,,,,
0.00010367611685069278,21,1715,,,,,
0.0003878643619827926,21,1716,,,,,
0.0026466131675988436,21,1717,,,,,
0.00031434083939529955,21,1718,,,,,
0.0037753020878881216,21,1719,,,,,
7.307443593163043e-05,21,1720,,,,,
8.148491906467825e-05,21,1721,,,,,
6.037053026375361e-05,21,1722,,,,,
0.0016716235550120473,21,1723,,,,,
0.0033086538314819336,21,1724,,,,,
0.00019160250667482615,21,1725,,,,,
0.007244151085615158,21,1726,,,,,
0.0048809172585606575,21,1727,,,,,
0.00048207244253717363,21,1728,,,,,
0.0009911635424941778,21,1729,,,,,
8.943636203184724e-05,21,1730,,,,,
0.0030807689763605595,21,1731,,,,,
0.000603322172537446,21,1732,,,,,
0.004143667872995138,21,1733,,,,,
0.00820799171924591,21,1734,,,,,
0.00042511362698860466,21,1735,,,,,
0.005011679604649544,21,1736,,,,,
0.00021435756934806705,21,1737,,,,,
0.0002317695034435019,21,1738,,,,,
0.0030315634794533253,21,1739,,,,,
8.558974514016882e-05,21,1740,,,,,
0.001989980461075902,21,1741,,,,,
0.002397325122728944,21,1742,,,,,
0.0012141275219619274,21,1743,,,,,
0.008502532728016376,21,1744,,,,,
0.004920597188174725,21,1745,,,,,
8.2694212323986e-05,21,1746,,,,,
0.005656855180859566,21,1747,,,,,
0.0031623486429452896,21,1748,,,,,
7.008713873801753e-05,21,1749,,,,,
0.003920126240700483,21,1750,,,,,
0.0016916159074753523,21,1751,,,,,
0.02186727337539196,21,1752,,,,,
0.00017292289703618735,21,1753,,,,,
0.0005616429261863232,21,1754,,,,,
0.00011743700451916084,21,1755,,,,,
0.011681522242724895,21,1756,,,,,
0.004885816480964422,21,1757,,,,,
0.002043086336925626,21,1758,,,,,
0.0018394517246633768,21,1759,,,,,
,,210,0.009161442518234253,,,,
,,211,0.006614630110561848,,,,
,,212,0.002925928682088852,,,,
,,213,0.005603095516562462,,,,
,,214,5.108375376039476e-07,,,,
,,215,0.0029053473845124245,,,,
,,216,0.0016388832591474056,,,,
,,217,4.119020559301134e-06,,,,
,,218,0.0011010065209120512,,,,
,,219,9.417808541911654e-07,,,,
,21,1759,,0.0029955904465168715,,,
,21,1759,,,0.9573863744735718,0.0023655276745557785,0.9573863744735718
