csv-epoch,csv-train_loss_step,step,csv-val_loss_step,csv-val_loss_epoch,csv-accuracy/validator,csv-accuracy/exact,csv-train_loss_epoch
0,3.7662014961242676,0,,,,,
0,3.5483174324035645,1,,,,,
0,3.168727159500122,2,,,,,
0,2.994152784347534,3,,,,,
0,2.7338714599609375,4,,,,,
0,2.565905809402466,5,,,,,
0,2.5029690265655518,6,,,,,
0,2.432446002960205,7,,,,,
0,2.321830987930298,8,,,,,
0,2.2371435165405273,9,,,,,
0,2.181688070297241,10,,,,,
0,2.103639602661133,11,,,,,
0,2.042249917984009,12,,,,,
0,1.9915876388549805,13,,,,,
0,1.930220603942871,14,,,,,
0,1.8261553049087524,15,,,,,
0,1.7449387311935425,16,,,,,
0,1.731862187385559,17,,,,,
0,1.6380645036697388,18,,,,,
0,1.620875358581543,19,,,,,
0,1.5489866733551025,20,,,,,
0,1.5414085388183594,21,,,,,
0,1.4676101207733154,22,,,,,
0,1.4555575847625732,23,,,,,
0,1.4028542041778564,24,,,,,
0,1.38421630859375,25,,,,,
0,1.3174437284469604,26,,,,,
0,1.3213131427764893,27,,,,,
0,1.3058881759643555,28,,,,,
0,1.258919596672058,29,,,,,
0,1.2508070468902588,30,,,,,
0,1.2475017309188843,31,,,,,
0,1.206151008605957,32,,,,,
0,1.1384332180023193,33,,,,,
0,1.1797922849655151,34,,,,,
0,1.13306725025177,35,,,,,
0,1.1237605810165405,36,,,,,
0,1.1017497777938843,37,,,,,
0,1.0977392196655273,38,,,,,
0,1.0890402793884277,39,,,,,
0,1.0883431434631348,40,,,,,
0,1.0927703380584717,41,,,,,
0,1.0581374168395996,42,,,,,
0,1.0354760885238647,43,,,,,
0,1.0291650295257568,44,,,,,
0,1.0377310514450073,45,,,,,
0,1.0267077684402466,46,,,,,
0,0.9944437146186829,47,,,,,
0,1.0012702941894531,48,,,,,
0,1.0126967430114746,49,,,,,
0,0.993689775466919,50,,,,,
0,0.9862786531448364,51,,,,,
,,0,0.8938901424407959,,,,
,,1,0.8833779096603394,,,,
,,2,0.89833003282547,,,,
,,3,0.8913523554801941,,,,
,,4,0.9116013050079346,,,,
,,5,0.9096581339836121,,,,
,,6,0.8856503963470459,,,,
0,,51,,0.8970822691917419,,,
0,,51,,,0.0,0.0,1.6443336009979248
1,0.9633417725563049,52,,,,,
1,0.9725149869918823,53,,,,,
1,0.9547176957130432,54,,,,,
1,0.9566242098808289,55,,,,,
1,0.9617944955825806,56,,,,,
1,0.9542091488838196,57,,,,,
1,0.9436137080192566,58,,,,,
1,0.9369492530822754,59,,,,,
1,0.957368016242981,60,,,,,
1,0.9373500347137451,61,,,,,
1,0.9248904585838318,62,,,,,
1,0.9351927638053894,63,,,,,
1,0.931594729423523,64,,,,,
1,0.9471690654754639,65,,,,,
1,0.9364297389984131,66,,,,,
1,0.9233245253562927,67,,,,,
1,0.9468553066253662,68,,,,,
1,0.8952983021736145,69,,,,,
1,0.9021066427230835,70,,,,,
1,0.9050166010856628,71,,,,,
1,0.9158080220222473,72,,,,,
1,0.9244017601013184,73,,,,,
1,0.8917738199234009,74,,,,,
1,0.9011294841766357,75,,,,,
1,0.9235066771507263,76,,,,,
1,0.9079612493515015,77,,,,,
1,0.8915964961051941,78,,,,,
1,0.8812142014503479,79,,,,,
1,0.893376350402832,80,,,,,
1,0.8777864575386047,81,,,,,
1,0.8842694759368896,82,,,,,
1,0.9082061648368835,83,,,,,
1,0.8899854421615601,84,,,,,
1,0.8846932649612427,85,,,,,
1,0.8668639659881592,86,,,,,
1,0.8747379779815674,87,,,,,
1,0.8637900948524475,88,,,,,
1,0.8666260242462158,89,,,,,
1,0.8442582488059998,90,,,,,
1,0.8660603165626526,91,,,,,
1,0.8538404107093811,92,,,,,
1,0.8731435537338257,93,,,,,
1,0.8917023539543152,94,,,,,
1,0.8498159050941467,95,,,,,
1,0.8516660332679749,96,,,,,
1,0.8675553202629089,97,,,,,
1,0.8586180210113525,98,,,,,
1,0.8216221928596497,99,,,,,
1,0.8539042472839355,100,,,,,
1,0.8749897480010986,101,,,,,
1,0.8512041568756104,102,,,,,
1,0.8287824988365173,103,,,,,
,,7,0.7744691967964172,,,,
,,8,0.7693394422531128,,,,
,,9,0.7601211071014404,,,,
,,10,0.758525013923645,,,,
,,11,0.7675231099128723,,,,
,,12,0.76984703540802,,,,
,,13,0.7647338509559631,,,,
1,,103,,0.7664910554885864,,,
1,,103,,,0.5982142686843872,0.0,0.901456892490387
2,0.8472495079040527,104,,,,,
2,0.834870457649231,105,,,,,
2,0.8383222222328186,106,,,,,
2,0.8260158896446228,107,,,,,
2,0.8408653736114502,108,,,,,
2,0.8225871920585632,109,,,,,
2,0.804386556148529,110,,,,,
2,0.8358379602432251,111,,,,,
2,0.8295522332191467,112,,,,,
2,0.8135080337524414,113,,,,,
2,0.8234111070632935,114,,,,,
2,0.8174642324447632,115,,,,,
2,0.8173404932022095,116,,,,,
2,0.8285729885101318,117,,,,,
2,0.8304218053817749,118,,,,,
2,0.8004264831542969,119,,,,,
2,0.8168660402297974,120,,,,,
2,0.8087079524993896,121,,,,,
2,0.8131458759307861,122,,,,,
2,0.813064455986023,123,,,,,
2,0.8121111392974854,124,,,,,
2,0.7962645292282104,125,,,,,
2,0.7927720546722412,126,,,,,
2,0.8022473454475403,127,,,,,
2,0.7968486547470093,128,,,,,
2,0.7950015068054199,129,,,,,
2,0.7963356375694275,130,,,,,
2,0.8123205900192261,131,,,,,
2,0.7887154221534729,132,,,,,
2,0.7865705490112305,133,,,,,
2,0.8033764958381653,134,,,,,
2,0.7802391052246094,135,,,,,
2,0.7807518243789673,136,,,,,
2,0.7718944549560547,137,,,,,
2,0.7795780301094055,138,,,,,
2,0.7714835405349731,139,,,,,
2,0.7785852551460266,140,,,,,
2,0.766117513179779,141,,,,,
2,0.7844005227088928,142,,,,,
2,0.7741996645927429,143,,,,,
2,0.7798819541931152,144,,,,,
2,0.7703903913497925,145,,,,,
2,0.7612156271934509,146,,,,,
2,0.77362060546875,147,,,,,
2,0.7794030904769897,148,,,,,
2,0.7848254442214966,149,,,,,
2,0.7818131446838379,150,,,,,
2,0.7713221311569214,151,,,,,
2,0.7883052825927734,152,,,,,
2,0.7699775695800781,153,,,,,
2,0.7809326648712158,154,,,,,
2,0.8102484345436096,155,,,,,
,,14,0.7061048746109009,,,,
,,15,0.6979700326919556,,,,
,,16,0.7043274641036987,,,,
,,17,0.6874258518218994,,,,
,,18,0.6960031986236572,,,,
,,19,0.7040719389915466,,,,
,,20,0.7048918604850769,,,,
2,,155,,0.6997460722923279,,,
2,,155,,,0.9888392686843872,0.0,0.7995449900627136
3,0.7493452429771423,156,,,,,
3,0.7493071556091309,157,,,,,
3,0.7746751308441162,158,,,,,
3,0.7594416737556458,159,,,,,
3,0.7658644318580627,160,,,,,
3,0.7613999843597412,161,,,,,
3,0.7558988928794861,162,,,,,
3,0.7485139966011047,163,,,,,
3,0.7729337811470032,164,,,,,
3,0.7627522945404053,165,,,,,
3,0.7726279497146606,166,,,,,
3,0.7548627853393555,167,,,,,
3,0.7437592148780823,168,,,,,
3,0.768460214138031,169,,,,,
3,0.7589493989944458,170,,,,,
3,0.7506271004676819,171,,,,,
3,0.7516157031059265,172,,,,,
3,0.7478355169296265,173,,,,,
3,0.7374963164329529,174,,,,,
3,0.733523428440094,175,,,,,
3,0.74864262342453,176,,,,,
3,0.7530183792114258,177,,,,,
3,0.7433042526245117,178,,,,,
3,0.7858152389526367,179,,,,,
3,0.7250103950500488,180,,,,,
3,0.743154764175415,181,,,,,
3,0.7624015212059021,182,,,,,
3,0.7310984134674072,183,,,,,
3,0.7508757710456848,184,,,,,
3,0.737347424030304,185,,,,,
3,0.7347488403320312,186,,,,,
3,0.7467539310455322,187,,,,,
3,0.7644746899604797,188,,,,,
3,0.7417919635772705,189,,,,,
3,0.7420790195465088,190,,,,,
3,0.7414610385894775,191,,,,,
3,0.733474612236023,192,,,,,
3,0.7458101511001587,193,,,,,
3,0.747042179107666,194,,,,,
3,0.7219637632369995,195,,,,,
3,0.7266139984130859,196,,,,,
3,0.7391676306724548,197,,,,,
3,0.7453000545501709,198,,,,,
3,0.7210516333580017,199,,,,,
3,0.7259676456451416,200,,,,,
3,0.7094487547874451,201,,,,,
3,0.7525176405906677,202,,,,,
3,0.7528354525566101,203,,,,,
3,0.7273873686790466,204,,,,,
3,0.7217361927032471,205,,,,,
3,0.7212126851081848,206,,,,,
3,0.726923942565918,207,,,,,
,,21,0.6870525479316711,,,,
,,22,0.6662389636039734,,,,
,,23,0.672897219657898,,,,
,,24,0.651312530040741,,,,
,,25,0.6667129993438721,,,,
,,26,0.6726827621459961,,,,
,,27,0.688396155834198,,,,
3,,207,,0.6709376573562622,,,
3,,207,,,1.0,0.0,0.7462464570999146
4,0.7274280190467834,208,,,,,
4,0.7373108863830566,209,,,,,
4,0.7240718007087708,210,,,,,
4,0.7365015149116516,211,,,,,
4,0.7261972427368164,212,,,,,
4,0.70881587266922,213,,,,,
4,0.749565601348877,214,,,,,
4,0.7195826768875122,215,,,,,
4,0.7294080257415771,216,,,,,
4,0.6945009827613831,217,,,,,
4,0.7323275804519653,218,,,,,
4,0.7318148016929626,219,,,,,
4,0.7155908942222595,220,,,,,
4,0.7250913381576538,221,,,,,
4,0.7186358571052551,222,,,,,
4,0.7201951742172241,223,,,,,
4,0.7388867735862732,224,,,,,
4,0.7197627425193787,225,,,,,
4,0.7109208703041077,226,,,,,
4,0.7099026441574097,227,,,,,
4,0.709226131439209,228,,,,,
4,0.6975287199020386,229,,,,,
4,0.7189483642578125,230,,,,,
4,0.7215571999549866,231,,,,,
4,0.7314935326576233,232,,,,,
4,0.7178434133529663,233,,,,,
4,0.731242835521698,234,,,,,
4,0.7115058302879333,235,,,,,
4,0.7240110635757446,236,,,,,
4,0.717124342918396,237,,,,,
4,0.716799259185791,238,,,,,
4,0.7131792306900024,239,,,,,
4,0.7093148231506348,240,,,,,
4,0.701464056968689,241,,,,,
4,0.710932731628418,242,,,,,
4,0.7180830836296082,243,,,,,
4,0.7148991227149963,244,,,,,
4,0.7182610630989075,245,,,,,
4,0.7029007077217102,246,,,,,
4,0.7009517550468445,247,,,,,
4,0.689793050289154,248,,,,,
4,0.6932173371315002,249,,,,,
4,0.7047366499900818,250,,,,,
4,0.6927558779716492,251,,,,,
4,0.6989696025848389,252,,,,,
4,0.703768253326416,253,,,,,
4,0.7115124464035034,254,,,,,
4,0.6975618600845337,255,,,,,
4,0.7074330449104309,256,,,,,
4,0.6939841508865356,257,,,,,
4,0.6985226273536682,258,,,,,
4,0.7051020860671997,259,,,,,
,,28,0.6530481576919556,,,,
,,29,0.643660843372345,,,,
,,30,0.6513428688049316,,,,
,,31,0.632787823677063,,,,
,,32,0.6437819600105286,,,,
,,33,0.651330292224884,,,,
,,34,0.6541467905044556,,,,
4,,259,,0.6466192603111267,,,
4,,259,,,1.0,0.0,0.7147768139839172
5,0.7004023790359497,260,,,,,
5,0.6855843663215637,261,,,,,
5,0.6878934502601624,262,,,,,
5,0.7062893509864807,263,,,,,
5,0.7086930274963379,264,,,,,
5,0.6995294094085693,265,,,,,
5,0.690717339515686,266,,,,,
5,0.6916321516036987,267,,,,,
5,0.6859347820281982,268,,,,,
5,0.6910834312438965,269,,,,,
5,0.6845769882202148,270,,,,,
5,0.673454761505127,271,,,,,
5,0.6854607462882996,272,,,,,
5,0.6841432452201843,273,,,,,
5,0.6947769522666931,274,,,,,
5,0.6862449645996094,275,,,,,
5,0.6780670285224915,276,,,,,
5,0.6873410940170288,277,,,,,
5,0.6833611130714417,278,,,,,
5,0.6959277987480164,279,,,,,
5,0.6898984909057617,280,,,,,
5,0.6918393969535828,281,,,,,
5,0.6997667551040649,282,,,,,
5,0.6945514678955078,283,,,,,
5,0.6932852268218994,284,,,,,
5,0.675430953502655,285,,,,,
5,0.6839166283607483,286,,,,,
5,0.6976203322410583,287,,,,,
5,0.6662698984146118,288,,,,,
5,0.6715878248214722,289,,,,,
5,0.705786943435669,290,,,,,
5,0.7019400596618652,291,,,,,
5,0.6798315644264221,292,,,,,
5,0.6702402234077454,293,,,,,
5,0.6801410913467407,294,,,,,
5,0.6898751258850098,295,,,,,
5,0.6644552946090698,296,,,,,
5,0.6900789141654968,297,,,,,
5,0.6902416944503784,298,,,,,
5,0.6733574867248535,299,,,,,
5,0.6906419992446899,300,,,,,
5,0.6744785904884338,301,,,,,
5,0.6670030355453491,302,,,,,
5,0.6814752221107483,303,,,,,
5,0.6910503506660461,304,,,,,
5,0.6675586700439453,305,,,,,
5,0.6938320398330688,306,,,,,
5,0.6740646958351135,307,,,,,
5,0.6876428723335266,308,,,,,
5,0.6870050430297852,309,,,,,
5,0.679730236530304,310,,,,,
5,0.6495814919471741,311,,,,,
,,35,0.642431378364563,,,,
,,36,0.6346641182899475,,,,
,,37,0.6397722363471985,,,,
,,38,0.6227633953094482,,,,
,,39,0.6329460740089417,,,,
,,40,0.640385091304779,,,,
,,41,0.6447161436080933,,,,
5,,311,,0.6362031698226929,,,
5,,311,,,1.0,0.0,0.686207115650177
6,0.687279999256134,312,,,,,
6,0.6975715160369873,313,,,,,
6,0.6778786182403564,314,,,,,
6,0.6905388236045837,315,,,,,
6,0.6902332305908203,316,,,,,
6,0.6912572383880615,317,,,,,
6,0.6810709834098816,318,,,,,
6,0.6739135980606079,319,,,,,
6,0.6603329181671143,320,,,,,
6,0.6834931373596191,321,,,,,
6,0.6707942485809326,322,,,,,
6,0.6823922991752625,323,,,,,
6,0.6665695309638977,324,,,,,
6,0.6682313680648804,325,,,,,
6,0.6777406930923462,326,,,,,
6,0.6753943562507629,327,,,,,
6,0.6700499057769775,328,,,,,
6,0.6718542575836182,329,,,,,
6,0.6751455068588257,330,,,,,
6,0.6776581406593323,331,,,,,
6,0.6698670983314514,332,,,,,
6,0.6855921745300293,333,,,,,
6,0.6749556064605713,334,,,,,
6,0.675949215888977,335,,,,,
6,0.6792738437652588,336,,,,,
6,0.6724201440811157,337,,,,,
6,0.6761070489883423,338,,,,,
6,0.6690095067024231,339,,,,,
6,0.6678212285041809,340,,,,,
6,0.658721923828125,341,,,,,
6,0.6703646183013916,342,,,,,
6,0.6698389649391174,343,,,,,
6,0.6670451760292053,344,,,,,
6,0.6647325754165649,345,,,,,
6,0.66716068983078,346,,,,,
6,0.6761043071746826,347,,,,,
6,0.6610382795333862,348,,,,,
6,0.66337651014328,349,,,,,
6,0.6876076459884644,350,,,,,
6,0.6726732850074768,351,,,,,
6,0.659394383430481,352,,,,,
6,0.6703604459762573,353,,,,,
6,0.6615763902664185,354,,,,,
6,0.6733358502388,355,,,,,
6,0.6668574213981628,356,,,,,
6,0.6698743104934692,357,,,,,
6,0.668886125087738,358,,,,,
6,0.6706179976463318,359,,,,,
6,0.6849597096443176,360,,,,,
6,0.666838526725769,361,,,,,
6,0.6691641807556152,362,,,,,
6,0.6559237241744995,363,,,,,
,,42,0.628703773021698,,,,
,,43,0.6296182870864868,,,,
,,44,0.6342600584030151,,,,
,,45,0.6189648509025574,,,,
,,46,0.6216315627098083,,,,
,,47,0.6281914114952087,,,,
,,48,0.6373590230941772,,,,
6,,363,,0.6276999115943909,,,
6,,363,,,0.9955357313156128,0.0,0.6736567616462708
7,0.6571027636528015,364,,,,,
7,0.6652857661247253,365,,,,,
7,0.6600663661956787,366,,,,,
7,0.673201322555542,367,,,,,
7,0.665299654006958,368,,,,,
7,0.6717024445533752,369,,,,,
7,0.6514196395874023,370,,,,,
7,0.6760329604148865,371,,,,,
7,0.6669932007789612,372,,,,,
7,0.6633128523826599,373,,,,,
7,0.6717416048049927,374,,,,,
7,0.64869624376297,375,,,,,
7,0.6720602512359619,376,,,,,
7,0.6654103994369507,377,,,,,
7,0.6537771224975586,378,,,,,
7,0.6557531952857971,379,,,,,
7,0.6651665568351746,380,,,,,
7,0.6534133553504944,381,,,,,
7,0.6648513078689575,382,,,,,
7,0.6639662981033325,383,,,,,
7,0.657882034778595,384,,,,,
7,0.6588260531425476,385,,,,,
7,0.6667546033859253,386,,,,,
7,0.6606332063674927,387,,,,,
7,0.6757857799530029,388,,,,,
7,0.6577459573745728,389,,,,,
7,0.6492350697517395,390,,,,,
7,0.6546169519424438,391,,,,,
7,0.6464791893959045,392,,,,,
7,0.6692637801170349,393,,,,,
7,0.6661092042922974,394,,,,,
7,0.652904212474823,395,,,,,
7,0.6558591723442078,396,,,,,
7,0.6587499380111694,397,,,,,
7,0.6662659049034119,398,,,,,
7,0.6529074311256409,399,,,,,
7,0.6483811140060425,400,,,,,
7,0.6437311768531799,401,,,,,
7,0.653844952583313,402,,,,,
7,0.6359148025512695,403,,,,,
7,0.6564520597457886,404,,,,,
7,0.6447399854660034,405,,,,,
7,0.6473493576049805,406,,,,,
7,0.6538922786712646,407,,,,,
7,0.6651321053504944,408,,,,,
7,0.6390275359153748,409,,,,,
7,0.6543389558792114,410,,,,,
7,0.6638959646224976,411,,,,,
7,0.6565176844596863,412,,,,,
7,0.6449301242828369,413,,,,,
7,0.651718258857727,414,,,,,
7,0.6578108072280884,415,,,,,
,,49,0.6140720844268799,,,,
,,50,0.6110702157020569,,,,
,,51,0.6152974963188171,,,,
,,52,0.5974993705749512,,,,
,,53,0.6045653820037842,,,,
,,54,0.6159491539001465,,,,
,,55,0.6201975345611572,,,,
7,,415,,0.6105465292930603,,,
7,,415,,,0.9955357313156128,0.0,0.6583334803581238
8,0.6486505270004272,416,,,,,
8,0.6491382718086243,417,,,,,
8,0.6463169455528259,418,,,,,
8,0.6551179885864258,419,,,,,
8,0.6560850739479065,420,,,,,
8,0.6446020007133484,421,,,,,
8,0.678879976272583,422,,,,,
8,0.6755383014678955,423,,,,,
8,0.6763895750045776,424,,,,,
8,0.6524490714073181,425,,,,,
8,0.6501277089118958,426,,,,,
8,0.6560958623886108,427,,,,,
8,0.65064537525177,428,,,,,
8,0.6492518186569214,429,,,,,
8,0.6326698660850525,430,,,,,
8,0.639564573764801,431,,,,,
8,0.6510806679725647,432,,,,,
8,0.6336495876312256,433,,,,,
8,0.6624155044555664,434,,,,,
8,0.6487831473350525,435,,,,,
8,0.6391856670379639,436,,,,,
8,0.6483261585235596,437,,,,,
8,0.6365293264389038,438,,,,,
8,0.6410410404205322,439,,,,,
8,0.6457548141479492,440,,,,,
8,0.6394715905189514,441,,,,,
8,0.6358817219734192,442,,,,,
8,0.6637119650840759,443,,,,,
8,0.6601250171661377,444,,,,,
8,0.6565657258033752,445,,,,,
8,0.6533024907112122,446,,,,,
8,0.6428093314170837,447,,,,,
8,0.6257139444351196,448,,,,,
8,0.6506539583206177,449,,,,,
8,0.6454077959060669,450,,,,,
8,0.6389407515525818,451,,,,,
8,0.649607241153717,452,,,,,
8,0.6369165182113647,453,,,,,
8,0.6530938148498535,454,,,,,
8,0.635136067867279,455,,,,,
8,0.6466264724731445,456,,,,,
8,0.6482467651367188,457,,,,,
8,0.6449409127235413,458,,,,,
8,0.6385814547538757,459,,,,,
8,0.6525139212608337,460,,,,,
8,0.6479098200798035,461,,,,,
8,0.6503719091415405,462,,,,,
8,0.6405192613601685,463,,,,,
8,0.632254421710968,464,,,,,
8,0.6252768039703369,465,,,,,
8,0.6452368497848511,466,,,,,
8,0.6507304310798645,467,,,,,
,,56,0.6011654734611511,,,,
,,57,0.5979321002960205,,,,
,,58,0.597527801990509,,,,
,,59,0.5827233791351318,,,,
,,60,0.5915879011154175,,,,
,,61,0.605034589767456,,,,
,,62,0.6069222688674927,,,,
8,,467,,0.596835732460022,,,
8,,467,,,1.0,0.0,0.6476251482963562
9,0.6358218193054199,468,,,,,
9,0.628661572933197,469,,,,,
9,0.6491126418113708,470,,,,,
9,0.6411076784133911,471,,,,,
9,0.652582585811615,472,,,,,
9,0.6393405795097351,473,,,,,
9,0.6253098845481873,474,,,,,
9,0.6521674394607544,475,,,,,
9,0.627731442451477,476,,,,,
9,0.6411277651786804,477,,,,,
9,0.6287990808486938,478,,,,,
9,0.6375479698181152,479,,,,,
9,0.6258503198623657,480,,,,,
9,0.6440397500991821,481,,,,,
9,0.6247406601905823,482,,,,,
9,0.6351013779640198,483,,,,,
9,0.6243685483932495,484,,,,,
9,0.6397923827171326,485,,,,,
9,0.6416208148002625,486,,,,,
9,0.6350828409194946,487,,,,,
9,0.6386313438415527,488,,,,,
9,0.613280177116394,489,,,,,
9,0.6408140659332275,490,,,,,
9,0.6307100057601929,491,,,,,
9,0.619861364364624,492,,,,,
9,0.6309210658073425,493,,,,,
9,0.626355767250061,494,,,,,
9,0.6461235880851746,495,,,,,
9,0.6560625433921814,496,,,,,
9,0.6301661133766174,497,,,,,
9,0.6165556907653809,498,,,,,
9,0.6111043691635132,499,,,,,
9,0.6257025599479675,500,,,,,
9,0.628212571144104,501,,,,,
9,0.6202799677848816,502,,,,,
9,0.6249597072601318,503,,,,,
9,0.6267196536064148,504,,,,,
9,0.6257407665252686,505,,,,,
9,0.6133871078491211,506,,,,,
9,0.6129999756813049,507,,,,,
9,0.6363324522972107,508,,,,,
9,0.6299909353256226,509,,,,,
9,0.6361709237098694,510,,,,,
9,0.6212617754936218,511,,,,,
9,0.6159955859184265,512,,,,,
9,0.6235272288322449,513,,,,,
9,0.6129658222198486,514,,,,,
9,0.6328308582305908,515,,,,,
9,0.6387864351272583,516,,,,,
9,0.6216228604316711,517,,,,,
9,0.6344379782676697,518,,,,,
9,0.6069107055664062,519,,,,,
,,63,0.5836549997329712,,,,
,,64,0.5879448056221008,,,,
,,65,0.5817331075668335,,,,
,,66,0.5717607736587524,,,,
,,67,0.580779492855072,,,,
,,68,0.5848274827003479,,,,
,,69,0.5912453532218933,,,,
9,,519,,0.582511305809021,,,
9,,519,,,1.0,0.0,0.6307150721549988
10,0.6151571273803711,520,,,,,
10,0.6167464256286621,521,,,,,
10,0.6122261881828308,522,,,,,
10,0.6205374002456665,523,,,,,
10,0.6196871399879456,524,,,,,
10,0.6165274381637573,525,,,,,
10,0.6227890253067017,526,,,,,
10,0.623395562171936,527,,,,,
10,0.626442015171051,528,,,,,
10,0.6353708505630493,529,,,,,
10,0.6152874231338501,530,,,,,
10,0.6128330230712891,531,,,,,
10,0.6204107999801636,532,,,,,
10,0.6129292845726013,533,,,,,
10,0.605147659778595,534,,,,,
10,0.6129125356674194,535,,,,,
10,0.6121196150779724,536,,,,,
10,0.6119055151939392,537,,,,,
10,0.6257433891296387,538,,,,,
10,0.5983559489250183,539,,,,,
10,0.6089992523193359,540,,,,,
10,0.6191587448120117,541,,,,,
10,0.6257606148719788,542,,,,,
10,0.623917818069458,543,,,,,
10,0.6063894629478455,544,,,,,
10,0.6112072467803955,545,,,,,
10,0.6060053110122681,546,,,,,
10,0.6128507852554321,547,,,,,
10,0.6370775103569031,548,,,,,
10,0.6163134574890137,549,,,,,
10,0.625439465045929,550,,,,,
10,0.6205713748931885,551,,,,,
10,0.6192849278450012,552,,,,,
10,0.6184895634651184,553,,,,,
10,0.5975354909896851,554,,,,,
10,0.6282660961151123,555,,,,,
10,0.6058582067489624,556,,,,,
10,0.6164966821670532,557,,,,,
10,0.6255062818527222,558,,,,,
10,0.618988573551178,559,,,,,
10,0.5985367298126221,560,,,,,
10,0.6032034158706665,561,,,,,
10,0.6077519655227661,562,,,,,
10,0.6213173866271973,563,,,,,
10,0.6284433007240295,564,,,,,
10,0.6181143522262573,565,,,,,
10,0.6190922260284424,566,,,,,
10,0.6211286187171936,567,,,,,
10,0.6073369979858398,568,,,,,
10,0.6205173134803772,569,,,,,
10,0.6074678301811218,570,,,,,
10,0.6020269393920898,571,,,,,
,,70,0.5755336284637451,,,,
,,71,0.5775367617607117,,,,
,,72,0.5737647414207458,,,,
,,73,0.567918598651886,,,,
,,74,0.5786752104759216,,,,
,,75,0.5722665786743164,,,,
,,76,0.5800915956497192,,,,
10,,571,,0.5747295022010803,,,
10,,571,,,1.0,0.0,0.6162742972373962
11,0.6058386564254761,572,,,,,
11,0.621199369430542,573,,,,,
11,0.6093152761459351,574,,,,,
11,0.6083155870437622,575,,,,,
11,0.6128430366516113,576,,,,,
11,0.6182571053504944,577,,,,,
11,0.6253252625465393,578,,,,,
11,0.5929309129714966,579,,,,,
11,0.6112655401229858,580,,,,,
11,0.6173603534698486,581,,,,,
11,0.6206640601158142,582,,,,,
11,0.6197395920753479,583,,,,,
11,0.6075579524040222,584,,,,,
11,0.6010567545890808,585,,,,,
11,0.60362708568573,586,,,,,
11,0.5915884375572205,587,,,,,
11,0.5996096730232239,588,,,,,
11,0.6096860766410828,589,,,,,
11,0.5928476452827454,590,,,,,
11,0.6206420063972473,591,,,,,
11,0.5932583212852478,592,,,,,
11,0.6084364652633667,593,,,,,
11,0.6141153573989868,594,,,,,
11,0.5992541909217834,595,,,,,
11,0.601736843585968,596,,,,,
11,0.5941987037658691,597,,,,,
11,0.5962215662002563,598,,,,,
11,0.6107579469680786,599,,,,,
11,0.5958667397499084,600,,,,,
11,0.6008514761924744,601,,,,,
11,0.5991251468658447,602,,,,,
11,0.6005968451499939,603,,,,,
11,0.6252628564834595,604,,,,,
11,0.6031259298324585,605,,,,,
11,0.6064645051956177,606,,,,,
11,0.6148778796195984,607,,,,,
11,0.5978318452835083,608,,,,,
11,0.5900549292564392,609,,,,,
11,0.5959988236427307,610,,,,,
11,0.5999053120613098,611,,,,,
11,0.5979526042938232,612,,,,,
11,0.605067253112793,613,,,,,
11,0.6128527522087097,614,,,,,
11,0.6019075512886047,615,,,,,
11,0.6025546193122864,616,,,,,
11,0.6071971654891968,617,,,,,
11,0.6007654070854187,618,,,,,
11,0.5989255905151367,619,,,,,
11,0.5826098918914795,620,,,,,
11,0.5945720076560974,621,,,,,
11,0.5996301770210266,622,,,,,
11,0.6661670207977295,623,,,,,
,,77,0.5678362846374512,,,,
,,78,0.574363112449646,,,,
,,79,0.5670759081840515,,,,
,,80,0.5608121156692505,,,,
,,81,0.5758578181266785,,,,
,,82,0.570062518119812,,,,
,,83,0.5752735137939453,,,,
11,,623,,0.5697914361953735,,,
11,,623,,,0.9955357313156128,0.0,0.6050378084182739
12,0.6005746126174927,624,,,,,
12,0.6064409017562866,625,,,,,
12,0.6006624698638916,626,,,,,
12,0.6055923700332642,627,,,,,
12,0.6098200082778931,628,,,,,
12,0.5938024520874023,629,,,,,
12,0.5941054224967957,630,,,,,
12,0.5944166779518127,631,,,,,
12,0.6000202894210815,632,,,,,
12,0.6187509298324585,633,,,,,
12,0.608356773853302,634,,,,,
12,0.5841241478919983,635,,,,,
12,0.6170626878738403,636,,,,,
12,0.5710463523864746,637,,,,,
12,0.5961575508117676,638,,,,,
12,0.5992220640182495,639,,,,,
12,0.5972153544425964,640,,,,,
12,0.5972563624382019,641,,,,,
12,0.5989407300949097,642,,,,,
12,0.5963718891143799,643,,,,,
12,0.6006089448928833,644,,,,,
12,0.6001518964767456,645,,,,,
12,0.6092142462730408,646,,,,,
12,0.6002088785171509,647,,,,,
12,0.5943586826324463,648,,,,,
12,0.6116418838500977,649,,,,,
12,0.5935407280921936,650,,,,,
12,0.5850921869277954,651,,,,,
12,0.5976291298866272,652,,,,,
12,0.589910089969635,653,,,,,
12,0.600994348526001,654,,,,,
12,0.6026123762130737,655,,,,,
12,0.5958076119422913,656,,,,,
12,0.5941323041915894,657,,,,,
12,0.6061112284660339,658,,,,,
12,0.597037672996521,659,,,,,
12,0.5902349352836609,660,,,,,
12,0.5866965651512146,661,,,,,
12,0.5955820083618164,662,,,,,
12,0.6027270555496216,663,,,,,
12,0.5894445776939392,664,,,,,
12,0.600834310054779,665,,,,,
12,0.5956602096557617,666,,,,,
12,0.5801624655723572,667,,,,,
12,0.5844935178756714,668,,,,,
12,0.5954362154006958,669,,,,,
12,0.5904998779296875,670,,,,,
12,0.5912272930145264,671,,,,,
12,0.6042985916137695,672,,,,,
12,0.5901572108268738,673,,,,,
12,0.5854254364967346,674,,,,,
12,0.5824217200279236,675,,,,,
,,84,0.5706312656402588,,,,
,,85,0.5736858248710632,,,,
,,86,0.5629335641860962,,,,
,,87,0.5575182437896729,,,,
,,88,0.5704395771026611,,,,
,,89,0.5590645670890808,,,,
,,90,0.5694049596786499,,,,
12,,675,,0.5659962296485901,,,
12,,675,,,1.0,0.0,0.5970239639282227
13,0.6017298698425293,676,,,,,
13,0.5810941457748413,677,,,,,
13,0.5912948846817017,678,,,,,
13,0.5792751908302307,679,,,,,
13,0.5938953161239624,680,,,,,
13,0.6038864850997925,681,,,,,
13,0.5864973068237305,682,,,,,
13,0.5964915752410889,683,,,,,
13,0.5951780676841736,684,,,,,
13,0.5953753590583801,685,,,,,
13,0.5923447012901306,686,,,,,
13,0.5887749195098877,687,,,,,
13,0.5934408903121948,688,,,,,
13,0.5988152027130127,689,,,,,
13,0.5928842425346375,690,,,,,
13,0.5854922533035278,691,,,,,
13,0.5831665992736816,692,,,,,
13,0.585181713104248,693,,,,,
13,0.5972390174865723,694,,,,,
13,0.5841158032417297,695,,,,,
13,0.5842071771621704,696,,,,,
13,0.5835500359535217,697,,,,,
13,0.591716468334198,698,,,,,
13,0.5844390392303467,699,,,,,
13,0.5978860855102539,700,,,,,
13,0.5872732996940613,701,,,,,
13,0.5906336307525635,702,,,,,
13,0.5870963335037231,703,,,,,
13,0.5974395275115967,704,,,,,
13,0.581818699836731,705,,,,,
13,0.6075429916381836,706,,,,,
13,0.5822659730911255,707,,,,,
13,0.5767780542373657,708,,,,,
13,0.5975894927978516,709,,,,,
13,0.5985130071640015,710,,,,,
13,0.588530421257019,711,,,,,
13,0.5976206660270691,712,,,,,
13,0.5984426736831665,713,,,,,
13,0.5950794219970703,714,,,,,
13,0.5995281338691711,715,,,,,
13,0.5798534154891968,716,,,,,
13,0.5824245810508728,717,,,,,
13,0.5833678841590881,718,,,,,
13,0.5800065994262695,719,,,,,
13,0.5795325040817261,720,,,,,
13,0.58380526304245,721,,,,,
13,0.5866719484329224,722,,,,,
13,0.5680041313171387,723,,,,,
13,0.5733259320259094,724,,,,,
13,0.5727112889289856,725,,,,,
13,0.5997191667556763,726,,,,,
13,0.5714614391326904,727,,,,,
,,91,0.564548671245575,,,,
,,92,0.5689651966094971,,,,
,,93,0.5600866675376892,,,,
,,94,0.5568569302558899,,,,
,,95,0.5664744973182678,,,,
,,96,0.5562084317207336,,,,
,,97,0.5679618120193481,,,,
13,,727,,0.5626340508460999,,,
13,,727,,,1.0,0.0,0.5890031456947327
14,0.5959262251853943,728,,,,,
14,0.5904297232627869,729,,,,,
14,0.5741885304450989,730,,,,,
14,0.5733147859573364,731,,,,,
14,0.6026908159255981,732,,,,,
14,0.5748196244239807,733,,,,,
14,0.5873984098434448,734,,,,,
14,0.598340630531311,735,,,,,
14,0.5901761054992676,736,,,,,
14,0.5765648484230042,737,,,,,
14,0.5879164934158325,738,,,,,
14,0.5719459652900696,739,,,,,
14,0.5723594427108765,740,,,,,
14,0.581110417842865,741,,,,,
14,0.5843493938446045,742,,,,,
14,0.5782521367073059,743,,,,,
14,0.5838162302970886,744,,,,,
14,0.5851222276687622,745,,,,,
14,0.5759775042533875,746,,,,,
14,0.5869247913360596,747,,,,,
14,0.5876632332801819,748,,,,,
14,0.5903428792953491,749,,,,,
14,0.571712076663971,750,,,,,
14,0.5878588557243347,751,,,,,
14,0.5750971436500549,752,,,,,
14,0.5923128128051758,753,,,,,
14,0.5904096364974976,754,,,,,
14,0.5768720507621765,755,,,,,
14,0.583472490310669,756,,,,,
14,0.5720052719116211,757,,,,,
14,0.5737790465354919,758,,,,,
14,0.5766295790672302,759,,,,,
14,0.5711405277252197,760,,,,,
14,0.587621808052063,761,,,,,
14,0.6025429368019104,762,,,,,
14,0.5726627111434937,763,,,,,
14,0.5766412019729614,764,,,,,
14,0.5832309722900391,765,,,,,
14,0.5860447287559509,766,,,,,
14,0.5860782265663147,767,,,,,
14,0.5750411152839661,768,,,,,
14,0.5704969167709351,769,,,,,
14,0.5866791009902954,770,,,,,
14,0.5840940475463867,771,,,,,
14,0.5942241549491882,772,,,,,
14,0.569180428981781,773,,,,,
14,0.5742354393005371,774,,,,,
14,0.5755074620246887,775,,,,,
14,0.5936501026153564,776,,,,,
14,0.5793513655662537,777,,,,,
14,0.5816470980644226,778,,,,,
14,0.5603961944580078,779,,,,,
,,98,0.5565865635871887,,,,
,,99,0.5613256096839905,,,,
,,100,0.5576546788215637,,,,
,,101,0.5513713955879211,,,,
,,102,0.5612339973449707,,,,
,,103,0.5546529293060303,,,,
,,104,0.5643972158432007,,,,
14,,779,,0.5576959848403931,,,
14,,779,,,1.0,0.0,0.5822429656982422
15,0.5725879073143005,780,,,,,
15,0.5901609659194946,781,,,,,
15,0.5881857872009277,782,,,,,
15,0.5886728167533875,783,,,,,
15,0.5874974131584167,784,,,,,
15,0.5769537687301636,785,,,,,
15,0.5843724012374878,786,,,,,
15,0.5752900242805481,787,,,,,
15,0.5776023864746094,788,,,,,
15,0.5834299325942993,789,,,,,
15,0.5901896953582764,790,,,,,
15,0.5853339433670044,791,,,,,
15,0.5780971050262451,792,,,,,
15,0.5754578113555908,793,,,,,
15,0.5805087089538574,794,,,,,
15,0.5706695318222046,795,,,,,
15,0.5650643706321716,796,,,,,
15,0.5816007256507874,797,,,,,
15,0.5693851709365845,798,,,,,
15,0.5882534384727478,799,,,,,
15,0.5766025185585022,800,,,,,
15,0.5710055232048035,801,,,,,
15,0.574085533618927,802,,,,,
15,0.5809566378593445,803,,,,,
15,0.5758141279220581,804,,,,,
15,0.5902771353721619,805,,,,,
15,0.569970965385437,806,,,,,
15,0.5847856402397156,807,,,,,
15,0.5688576698303223,808,,,,,
15,0.5798317790031433,809,,,,,
15,0.5873038172721863,810,,,,,
15,0.5687442421913147,811,,,,,
15,0.5864067077636719,812,,,,,
15,0.5736686587333679,813,,,,,
15,0.579914927482605,814,,,,,
15,0.5799446105957031,815,,,,,
15,0.5778372883796692,816,,,,,
15,0.572579562664032,817,,,,,
15,0.5749880075454712,818,,,,,
15,0.5786838531494141,819,,,,,
15,0.5825440883636475,820,,,,,
15,0.5893175005912781,821,,,,,
15,0.5738627314567566,822,,,,,
15,0.5742427706718445,823,,,,,
15,0.5911310315132141,824,,,,,
15,0.5834336280822754,825,,,,,
15,0.5755971670150757,826,,,,,
15,0.5679169297218323,827,,,,,
15,0.5850656032562256,828,,,,,
15,0.5738613605499268,829,,,,,
15,0.5760965943336487,830,,,,,
15,0.5744072198867798,831,,,,,
,,105,0.5508077144622803,,,,
,,106,0.5567443370819092,,,,
,,107,0.5503384470939636,,,,
,,108,0.5412402749061584,,,,
,,109,0.5555347204208374,,,,
,,110,0.5491265654563904,,,,
,,111,0.562694787979126,,,,
15,,831,,0.5515599250793457,,,
15,,831,,,1.0,0.0,0.5790876746177673
16,0.5757490396499634,832,,,,,
16,0.5659314393997192,833,,,,,
16,0.5682454705238342,834,,,,,
16,0.5653740167617798,835,,,,,
16,0.5736602544784546,836,,,,,
16,0.5845444202423096,837,,,,,
16,0.560269832611084,838,,,,,
16,0.5709729194641113,839,,,,,
16,0.5836824178695679,840,,,,,
16,0.5716297030448914,841,,,,,
16,0.5724135041236877,842,,,,,
16,0.5672726631164551,843,,,,,
16,0.5942660570144653,844,,,,,
16,0.577488124370575,845,,,,,
16,0.5705775618553162,846,,,,,
16,0.5605678558349609,847,,,,,
16,0.574109673500061,848,,,,,
16,0.5697667598724365,849,,,,,
16,0.5714337229728699,850,,,,,
16,0.5530463457107544,851,,,,,
16,0.5736377239227295,852,,,,,
16,0.574311375617981,853,,,,,
16,0.5918643474578857,854,,,,,
16,0.5824804306030273,855,,,,,
16,0.5706702470779419,856,,,,,
16,0.5814014673233032,857,,,,,
16,0.5844157338142395,858,,,,,
16,0.5737912654876709,859,,,,,
16,0.557923436164856,860,,,,,
16,0.596429169178009,861,,,,,
16,0.5642969608306885,862,,,,,
16,0.5828858613967896,863,,,,,
16,0.5741774439811707,864,,,,,
16,0.560111939907074,865,,,,,
16,0.5577988028526306,866,,,,,
16,0.5654064416885376,867,,,,,
16,0.5674533843994141,868,,,,,
16,0.5598054528236389,869,,,,,
16,0.5681378841400146,870,,,,,
16,0.5744446516036987,871,,,,,
16,0.5622676014900208,872,,,,,
16,0.5677666664123535,873,,,,,
16,0.5740190744400024,874,,,,,
16,0.5695780515670776,875,,,,,
16,0.5863271355628967,876,,,,,
16,0.5759089589118958,877,,,,,
16,0.5661690831184387,878,,,,,
16,0.5716062188148499,879,,,,,
16,0.5719925761222839,880,,,,,
16,0.5707600116729736,881,,,,,
16,0.5807561874389648,882,,,,,
16,0.5590473413467407,883,,,,,
,,112,0.5497086048126221,,,,
,,113,0.5549964308738708,,,,
,,114,0.5496902465820312,,,,
,,115,0.5439882278442383,,,,
,,116,0.5549232959747314,,,,
,,117,0.5509967803955078,,,,
,,118,0.5584374666213989,,,,
16,,883,,0.5513111352920532,,,
16,,883,,,1.0,0.0,0.57228022813797
17,0.5967539548873901,884,,,,,
17,0.5765877962112427,885,,,,,
17,0.5684316754341125,886,,,,,
17,0.5662187337875366,887,,,,,
17,0.5767244100570679,888,,,,,
17,0.5677903294563293,889,,,,,
17,0.5703508853912354,890,,,,,
17,0.5631837248802185,891,,,,,
17,0.5648984313011169,892,,,,,
17,0.5725112557411194,893,,,,,
17,0.574222981929779,894,,,,,
17,0.5599720478057861,895,,,,,
17,0.5759819746017456,896,,,,,
17,0.5653517842292786,897,,,,,
17,0.5606099963188171,898,,,,,
17,0.5590376853942871,899,,,,,
17,0.5800208449363708,900,,,,,
17,0.5550378561019897,901,,,,,
17,0.5730018019676208,902,,,,,
17,0.5704007148742676,903,,,,,
17,0.5707012414932251,904,,,,,
17,0.5558851361274719,905,,,,,
17,0.5687680840492249,906,,,,,
17,0.5719138383865356,907,,,,,
17,0.5596563220024109,908,,,,,
17,0.5757331252098083,909,,,,,
17,0.5827735662460327,910,,,,,
17,0.5657594799995422,911,,,,,
17,0.5780876874923706,912,,,,,
17,0.5611079931259155,913,,,,,
17,0.5727219581604004,914,,,,,
17,0.5808175802230835,915,,,,,
17,0.5709570050239563,916,,,,,
17,0.5762155055999756,917,,,,,
17,0.565684974193573,918,,,,,
17,0.557754397392273,919,,,,,
17,0.5642945170402527,920,,,,,
17,0.5652973651885986,921,,,,,
17,0.5726043581962585,922,,,,,
17,0.5734971165657043,923,,,,,
17,0.569261372089386,924,,,,,
17,0.5601426362991333,925,,,,,
17,0.5656545162200928,926,,,,,
17,0.5598767995834351,927,,,,,
17,0.5562112331390381,928,,,,,
17,0.5647048354148865,929,,,,,
17,0.571158230304718,930,,,,,
17,0.5710891485214233,931,,,,,
17,0.5652375221252441,932,,,,,
17,0.563937246799469,933,,,,,
17,0.5610078573226929,934,,,,,
17,0.5335094332695007,935,,,,,
,,119,0.5430698990821838,,,,
,,120,0.5514798164367676,,,,
,,121,0.5408024191856384,,,,
,,122,0.5403183698654175,,,,
,,123,0.5500869154930115,,,,
,,124,0.5443940758705139,,,,
,,125,0.554517924785614,,,,
17,,935,,0.5457554459571838,,,
17,,935,,,1.0,0.0,0.5683704018592834
18,0.5615772008895874,936,,,,,
18,0.5710635781288147,937,,,,,
18,0.5630689263343811,938,,,,,
18,0.5616406798362732,939,,,,,
18,0.5826080441474915,940,,,,,
18,0.5637574195861816,941,,,,,
18,0.561157763004303,942,,,,,
18,0.5661370754241943,943,,,,,
18,0.5724905729293823,944,,,,,
18,0.574792742729187,945,,,,,
18,0.576138436794281,946,,,,,
18,0.5675579905509949,947,,,,,
18,0.5598315596580505,948,,,,,
18,0.5623185634613037,949,,,,,
18,0.5605907440185547,950,,,,,
18,0.5661634206771851,951,,,,,
18,0.5636979937553406,952,,,,,
18,0.5604552030563354,953,,,,,
18,0.5703555941581726,954,,,,,
18,0.5484747290611267,955,,,,,
18,0.5573974847793579,956,,,,,
18,0.562862753868103,957,,,,,
18,0.5723391175270081,958,,,,,
18,0.5477326512336731,959,,,,,
18,0.5653975009918213,960,,,,,
18,0.5635494589805603,961,,,,,
18,0.5652432441711426,962,,,,,
18,0.5558182597160339,963,,,,,
18,0.5637726783752441,964,,,,,
18,0.5635305047035217,965,,,,,
18,0.5681469440460205,966,,,,,
18,0.5771519541740417,967,,,,,
18,0.5707966089248657,968,,,,,
18,0.5662077069282532,969,,,,,
18,0.553029477596283,970,,,,,
18,0.5558980703353882,971,,,,,
18,0.5696114897727966,972,,,,,
18,0.5694047212600708,973,,,,,
18,0.5704838633537292,974,,,,,
18,0.573448657989502,975,,,,,
18,0.5626437067985535,976,,,,,
18,0.5748510360717773,977,,,,,
18,0.5641124844551086,978,,,,,
18,0.5601367354393005,979,,,,,
18,0.5703970193862915,980,,,,,
18,0.5628624558448792,981,,,,,
18,0.5531578063964844,982,,,,,
18,0.5596374273300171,983,,,,,
18,0.5686216950416565,984,,,,,
18,0.5684893727302551,985,,,,,
18,0.5729984641075134,986,,,,,
18,0.5719146132469177,987,,,,,
,,126,0.5423831343650818,,,,
,,127,0.5477461814880371,,,,
,,128,0.5391839146614075,,,,
,,129,0.542991042137146,,,,
,,130,0.5479021072387695,,,,
,,131,0.5462474822998047,,,,
,,132,0.5528340935707092,,,,
18,,987,,0.5450570583343506,,,
18,,987,,,1.0,0.0,0.5652016997337341
19,0.5648048520088196,988,,,,,
19,0.5698840022087097,989,,,,,
19,0.5584912300109863,990,,,,,
19,0.5540023446083069,991,,,,,
19,0.5581579804420471,992,,,,,
19,0.5640807151794434,993,,,,,
19,0.5646098256111145,994,,,,,
19,0.5545712113380432,995,,,,,
19,0.5666620135307312,996,,,,,
19,0.567609965801239,997,,,,,
19,0.5657018423080444,998,,,,,
19,0.5657934546470642,999,,,,,
19,0.5584295392036438,1000,,,,,
19,0.5628100633621216,1001,,,,,
19,0.5650274753570557,1002,,,,,
19,0.5888821482658386,1003,,,,,
19,0.5486313104629517,1004,,,,,
19,0.5522949695587158,1005,,,,,
19,0.5615973472595215,1006,,,,,
19,0.5524309873580933,1007,,,,,
19,0.5576300621032715,1008,,,,,
19,0.5793103575706482,1009,,,,,
19,0.5620177984237671,1010,,,,,
19,0.5583198666572571,1011,,,,,
19,0.5632588267326355,1012,,,,,
19,0.5678856372833252,1013,,,,,
19,0.5596081614494324,1014,,,,,
19,0.5566889047622681,1015,,,,,
19,0.556455135345459,1016,,,,,
19,0.5532990097999573,1017,,,,,
19,0.560326337814331,1018,,,,,
19,0.5559068322181702,1019,,,,,
19,0.5651165246963501,1020,,,,,
19,0.5564360022544861,1021,,,,,
19,0.560632586479187,1022,,,,,
19,0.5688618421554565,1023,,,,,
19,0.5625066161155701,1024,,,,,
19,0.5521929860115051,1025,,,,,
19,0.5593650341033936,1026,,,,,
19,0.5571727752685547,1027,,,,,
19,0.5620512366294861,1028,,,,,
19,0.5587259531021118,1029,,,,,
19,0.5686770081520081,1030,,,,,
19,0.5525670051574707,1031,,,,,
19,0.5537222623825073,1032,,,,,
19,0.5581446290016174,1033,,,,,
19,0.5567376017570496,1034,,,,,
19,0.560298502445221,1035,,,,,
19,0.5446821451187134,1036,,,,,
19,0.5642266273498535,1037,,,,,
19,0.5700729489326477,1038,,,,,
19,0.5509076118469238,1039,,,,,
,,133,0.5364548563957214,,,,
,,134,0.5415148735046387,,,,
,,135,0.5326706171035767,,,,
,,136,0.5316861867904663,,,,
,,137,0.5431986451148987,,,,
,,138,0.5465320944786072,,,,
,,139,0.5502055287361145,,,,
19,,1039,,0.5395631194114685,,,
19,,1039,,,1.0,0.0,0.5608799457550049
20,0.5534321665763855,1040,,,,,
20,0.5553218722343445,1041,,,,,
20,0.5416001677513123,1042,,,,,
20,0.5576125383377075,1043,,,,,
20,0.550011157989502,1044,,,,,
20,0.53472900390625,1045,,,,,
20,0.565545916557312,1046,,,,,
20,0.5516330003738403,1047,,,,,
20,0.5519372820854187,1048,,,,,
20,0.5512738227844238,1049,,,,,
20,0.5668762922286987,1050,,,,,
20,0.5513723492622375,1051,,,,,
20,0.5381361246109009,1052,,,,,
20,0.5669408440589905,1053,,,,,
20,0.556437611579895,1054,,,,,
20,0.5541077852249146,1055,,,,,
20,0.5362235903739929,1056,,,,,
20,0.554726779460907,1057,,,,,
20,0.5587353110313416,1058,,,,,
20,0.5473071336746216,1059,,,,,
20,0.549376368522644,1060,,,,,
20,0.5576021671295166,1061,,,,,
20,0.5698769092559814,1062,,,,,
20,0.5589504837989807,1063,,,,,
20,0.5472404956817627,1064,,,,,
20,0.5528081059455872,1065,,,,,
20,0.5571789145469666,1066,,,,,
20,0.5553046464920044,1067,,,,,
20,0.5529954433441162,1068,,,,,
20,0.5624486804008484,1069,,,,,
20,0.5550506711006165,1070,,,,,
20,0.565024733543396,1071,,,,,
20,0.5429882407188416,1072,,,,,
20,0.5543866157531738,1073,,,,,
20,0.5574249029159546,1074,,,,,
20,0.5578309893608093,1075,,,,,
20,0.5528389811515808,1076,,,,,
20,0.5544372797012329,1077,,,,,
20,0.5597593784332275,1078,,,,,
20,0.5577202439308167,1079,,,,,
20,0.5641366243362427,1080,,,,,
20,0.5715758800506592,1081,,,,,
20,0.5474190711975098,1082,,,,,
20,0.5653916597366333,1083,,,,,
20,0.5447226762771606,1084,,,,,
20,0.5574760437011719,1085,,,,,
20,0.5493229031562805,1086,,,,,
20,0.5540575385093689,1087,,,,,
20,0.5465066432952881,1088,,,,,
20,0.5646510124206543,1089,,,,,
20,0.5563101172447205,1090,,,,,
20,0.5463999509811401,1091,,,,,
,,140,0.5336071848869324,,,,
,,141,0.5394667983055115,,,,
,,142,0.530622124671936,,,,
,,143,0.531467616558075,,,,
,,144,0.5461171865463257,,,,
,,145,0.5402090549468994,,,,
,,146,0.5462754368782043,,,,
20,,1091,,0.5376350283622742,,,
20,,1091,,,1.0,0.0,0.5546024441719055
21,0.5527852177619934,1092,,,,,
21,0.5526821613311768,1093,,,,,
21,0.5552341341972351,1094,,,,,
21,0.5532620549201965,1095,,,,,
21,0.5509064197540283,1096,,,,,
21,0.5534408688545227,1097,,,,,
21,0.5676167607307434,1098,,,,,
21,0.5526390671730042,1099,,,,,
21,0.5464211106300354,1100,,,,,
21,0.5582646727561951,1101,,,,,
21,0.5485773682594299,1102,,,,,
21,0.5488308668136597,1103,,,,,
21,0.5586004853248596,1104,,,,,
21,0.5459776520729065,1105,,,,,
21,0.5460770130157471,1106,,,,,
21,0.5457744598388672,1107,,,,,
21,0.5572563409805298,1108,,,,,
21,0.544891357421875,1109,,,,,
21,0.5552014708518982,1110,,,,,
21,0.5519709587097168,1111,,,,,
21,0.5580804347991943,1112,,,,,
21,0.5464907884597778,1113,,,,,
21,0.5491413474082947,1114,,,,,
21,0.5485762357711792,1115,,,,,
21,0.5514513254165649,1116,,,,,
21,0.55190509557724,1117,,,,,
21,0.5676416158676147,1118,,,,,
21,0.5564753413200378,1119,,,,,
21,0.5585855841636658,1120,,,,,
21,0.5387483835220337,1121,,,,,
21,0.5489612221717834,1122,,,,,
21,0.5457358956336975,1123,,,,,
21,0.5728687644004822,1124,,,,,
21,0.5507991313934326,1125,,,,,
21,0.5525113344192505,1126,,,,,
21,0.5480401515960693,1127,,,,,
21,0.5442372560501099,1128,,,,,
21,0.5472025871276855,1129,,,,,
21,0.5607033371925354,1130,,,,,
21,0.5535109043121338,1131,,,,,
21,0.5473356246948242,1132,,,,,
21,0.5480331778526306,1133,,,,,
21,0.552607536315918,1134,,,,,
21,0.5497530102729797,1135,,,,,
21,0.5420221090316772,1136,,,,,
21,0.5600916743278503,1137,,,,,
21,0.5427597761154175,1138,,,,,
21,0.549822986125946,1139,,,,,
21,0.5628829598426819,1140,,,,,
21,0.5551449060440063,1141,,,,,
21,0.5496559739112854,1142,,,,,
21,0.5589088797569275,1143,,,,,
,,147,0.5328497886657715,,,,
,,148,0.5340423583984375,,,,
,,149,0.5276502966880798,,,,
,,150,0.5293418765068054,,,,
,,151,0.5382055044174194,,,,
,,152,0.5383355617523193,,,,
,,153,0.5405236482620239,,,,
21,,1143,,0.5339518785476685,,,
21,,1143,,,1.0,0.0,0.5521544218063354
22,0.5518456697463989,1144,,,,,
22,0.5445210933685303,1145,,,,,
22,0.5761487483978271,1146,,,,,
22,0.5570814609527588,1147,,,,,
22,0.560570240020752,1148,,,,,
22,0.5415866374969482,1149,,,,,
22,0.5488414168357849,1150,,,,,
22,0.5399171113967896,1151,,,,,
22,0.5419781804084778,1152,,,,,
22,0.5475388765335083,1153,,,,,
22,0.5500887632369995,1154,,,,,
22,0.5600954294204712,1155,,,,,
22,0.5467128753662109,1156,,,,,
22,0.5342633724212646,1157,,,,,
22,0.5487738251686096,1158,,,,,
22,0.5428956151008606,1159,,,,,
22,0.5449302196502686,1160,,,,,
22,0.547868013381958,1161,,,,,
22,0.5340143442153931,1162,,,,,
22,0.5547852516174316,1163,,,,,
22,0.5606253147125244,1164,,,,,
22,0.5677312016487122,1165,,,,,
22,0.5519042015075684,1166,,,,,
22,0.5498001575469971,1167,,,,,
22,0.5532286167144775,1168,,,,,
22,0.5479987263679504,1169,,,,,
22,0.5539745092391968,1170,,,,,
22,0.550250768661499,1171,,,,,
22,0.5459154844284058,1172,,,,,
22,0.5459437370300293,1173,,,,,
22,0.5582697987556458,1174,,,,,
22,0.5478997230529785,1175,,,,,
22,0.5438964366912842,1176,,,,,
22,0.546316385269165,1177,,,,,
22,0.5573646426200867,1178,,,,,
22,0.5519773960113525,1179,,,,,
22,0.5625260472297668,1180,,,,,
22,0.5512377619743347,1181,,,,,
22,0.5411454439163208,1182,,,,,
22,0.5530943870544434,1183,,,,,
22,0.5519649982452393,1184,,,,,
22,0.5543262958526611,1185,,,,,
22,0.5512259006500244,1186,,,,,
22,0.5746068954467773,1187,,,,,
22,0.5626533627510071,1188,,,,,
22,0.5467200875282288,1189,,,,,
22,0.5508003234863281,1190,,,,,
22,0.5463598370552063,1191,,,,,
22,0.5555665493011475,1192,,,,,
22,0.543792188167572,1193,,,,,
22,0.5549156069755554,1194,,,,,
22,0.5366875529289246,1195,,,,,
,,154,0.5292871594429016,,,,
,,155,0.5347427129745483,,,,
,,156,0.5259358882904053,,,,
,,157,0.5253955125808716,,,,
,,158,0.5391490459442139,,,,
,,159,0.5366693735122681,,,,
,,160,0.5382471084594727,,,,
22,,1195,,0.5323543548583984,,,
22,,1195,,,1.0,0.0,0.5510762929916382
23,0.5532900094985962,1196,,,,,
23,0.5506565570831299,1197,,,,,
23,0.5609433650970459,1198,,,,,
23,0.5462862253189087,1199,,,,,
23,0.5466358661651611,1200,,,,,
23,0.5457735657691956,1201,,,,,
23,0.5517063140869141,1202,,,,,
23,0.5397395491600037,1203,,,,,
23,0.5451026558876038,1204,,,,,
23,0.5479134321212769,1205,,,,,
23,0.5364303588867188,1206,,,,,
23,0.5416303873062134,1207,,,,,
23,0.5529237985610962,1208,,,,,
23,0.5552980899810791,1209,,,,,
23,0.5449315905570984,1210,,,,,
23,0.5558865070343018,1211,,,,,
23,0.5533652901649475,1212,,,,,
23,0.5402520895004272,1213,,,,,
23,0.5560643076896667,1214,,,,,
23,0.5431580543518066,1215,,,,,
23,0.5428159832954407,1216,,,,,
23,0.5501603484153748,1217,,,,,
23,0.5492486953735352,1218,,,,,
23,0.5319404006004333,1219,,,,,
23,0.5371254682540894,1220,,,,,
23,0.5505973696708679,1221,,,,,
23,0.5468460321426392,1222,,,,,
23,0.5473361015319824,1223,,,,,
23,0.5298812985420227,1224,,,,,
23,0.539301335811615,1225,,,,,
23,0.5436044931411743,1226,,,,,
23,0.5557550191879272,1227,,,,,
23,0.5480800867080688,1228,,,,,
23,0.547513484954834,1229,,,,,
23,0.5410898923873901,1230,,,,,
23,0.5411866903305054,1231,,,,,
23,0.5425827503204346,1232,,,,,
23,0.5509602427482605,1233,,,,,
23,0.5563029646873474,1234,,,,,
23,0.5524371266365051,1235,,,,,
23,0.5472374558448792,1236,,,,,
23,0.5499323010444641,1237,,,,,
23,0.5444999933242798,1238,,,,,
23,0.5404418706893921,1239,,,,,
23,0.5402017831802368,1240,,,,,
23,0.5394904613494873,1241,,,,,
23,0.533617377281189,1242,,,,,
23,0.540476381778717,1243,,,,,
23,0.5462419390678406,1244,,,,,
23,0.5314450263977051,1245,,,,,
23,0.5471419095993042,1246,,,,,
23,0.5470720529556274,1247,,,,,
,,161,0.5254828333854675,,,,
,,162,0.5282857418060303,,,,
,,163,0.5231623649597168,,,,
,,164,0.5214939117431641,,,,
,,165,0.5355536937713623,,,,
,,166,0.535683274269104,,,,
,,167,0.5337826013565063,,,,
23,,1247,,0.5287004709243774,,,
23,,1247,,,1.0,0.0,0.545760989189148
24,0.5361576080322266,1248,,,,,
24,0.5408149361610413,1249,,,,,
24,0.5451399087905884,1250,,,,,
24,0.5426603555679321,1251,,,,,
24,0.5460090041160583,1252,,,,,
24,0.5592154264450073,1253,,,,,
24,0.5346871614456177,1254,,,,,
24,0.5315403938293457,1255,,,,,
24,0.5314431190490723,1256,,,,,
24,0.5415575504302979,1257,,,,,
24,0.5486747622489929,1258,,,,,
24,0.5541533827781677,1259,,,,,
24,0.5418925881385803,1260,,,,,
24,0.5388577580451965,1261,,,,,
24,0.5395522117614746,1262,,,,,
24,0.5474061965942383,1263,,,,,
24,0.5553611516952515,1264,,,,,
24,0.5469340682029724,1265,,,,,
24,0.5493695735931396,1266,,,,,
24,0.5690012574195862,1267,,,,,
24,0.5312926769256592,1268,,,,,
24,0.5559771656990051,1269,,,,,
24,0.5455862879753113,1270,,,,,
24,0.5404443144798279,1271,,,,,
24,0.5313327312469482,1272,,,,,
24,0.5354272127151489,1273,,,,,
24,0.5486870408058167,1274,,,,,
24,0.5432605743408203,1275,,,,,
24,0.5533515810966492,1276,,,,,
24,0.5379146337509155,1277,,,,,
24,0.5448556542396545,1278,,,,,
24,0.5432423949241638,1279,,,,,
24,0.5692787766456604,1280,,,,,
24,0.5319335460662842,1281,,,,,
24,0.5347292423248291,1282,,,,,
24,0.544342041015625,1283,,,,,
24,0.5474653244018555,1284,,,,,
24,0.5347321033477783,1285,,,,,
24,0.5340285301208496,1286,,,,,
24,0.5448650121688843,1287,,,,,
24,0.5458201766014099,1288,,,,,
24,0.5279995203018188,1289,,,,,
24,0.5542342066764832,1290,,,,,
24,0.536148726940155,1291,,,,,
24,0.5451151132583618,1292,,,,,
24,0.543786346912384,1293,,,,,
24,0.542607307434082,1294,,,,,
24,0.5415265560150146,1295,,,,,
24,0.5340328812599182,1296,,,,,
24,0.547860860824585,1297,,,,,
24,0.5550454258918762,1298,,,,,
24,0.5218942165374756,1299,,,,,
,,168,0.5244042873382568,,,,
,,169,0.5266794562339783,,,,
,,170,0.5186130404472351,,,,
,,171,0.520837664604187,,,,
,,172,0.5337028503417969,,,,
,,173,0.5337929725646973,,,,
,,174,0.5303436517715454,,,,
24,,1299,,0.5266464352607727,,,
24,,1299,,,1.0,0.0,0.5435673594474792
25,0.547082245349884,1300,,,,,
25,0.5510886907577515,1301,,,,,
25,0.5412052869796753,1302,,,,,
25,0.5334675908088684,1303,,,,,
25,0.5407482385635376,1304,,,,,
25,0.5430213212966919,1305,,,,,
25,0.5425641536712646,1306,,,,,
25,0.5475069284439087,1307,,,,,
25,0.526986837387085,1308,,,,,
25,0.5293480753898621,1309,,,,,
25,0.5529720187187195,1310,,,,,
25,0.5332838892936707,1311,,,,,
25,0.535092830657959,1312,,,,,
25,0.5405917167663574,1313,,,,,
25,0.533835232257843,1314,,,,,
25,0.5347491502761841,1315,,,,,
25,0.5397965312004089,1316,,,,,
25,0.5407811999320984,1317,,,,,
25,0.5292679071426392,1318,,,,,
25,0.5583614110946655,1319,,,,,
25,0.5454106330871582,1320,,,,,
25,0.5519741773605347,1321,,,,,
25,0.5495323538780212,1322,,,,,
25,0.5372589826583862,1323,,,,,
25,0.5437864661216736,1324,,,,,
25,0.5478692650794983,1325,,,,,
25,0.5389606952667236,1326,,,,,
25,0.5547541379928589,1327,,,,,
25,0.5284086465835571,1328,,,,,
25,0.539473831653595,1329,,,,,
25,0.5287846922874451,1330,,,,,
25,0.5389007329940796,1331,,,,,
25,0.5271272659301758,1332,,,,,
25,0.5384552478790283,1333,,,,,
25,0.5555258989334106,1334,,,,,
25,0.5579442977905273,1335,,,,,
25,0.5335437655448914,1336,,,,,
25,0.5382686257362366,1337,,,,,
25,0.5433551073074341,1338,,,,,
25,0.5367224216461182,1339,,,,,
25,0.5426816344261169,1340,,,,,
25,0.5385023951530457,1341,,,,,
25,0.5316274762153625,1342,,,,,
25,0.5502043962478638,1343,,,,,
25,0.5448980331420898,1344,,,,,
25,0.5343488454818726,1345,,,,,
25,0.5365794897079468,1346,,,,,
25,0.5400115847587585,1347,,,,,
25,0.5436115264892578,1348,,,,,
25,0.5343402624130249,1349,,,,,
25,0.5371094942092896,1350,,,,,
25,0.5477941036224365,1351,,,,,
,,175,0.5208044648170471,,,,
,,176,0.522962749004364,,,,
,,177,0.5183606147766113,,,,
,,178,0.5191277265548706,,,,
,,179,0.5306594371795654,,,,
,,180,0.5331398248672485,,,,
,,181,0.5308412313461304,,,,
25,,1351,,0.5246886014938354,,,
25,,1351,,,1.0,0.0,0.540657103061676
26,0.5423253178596497,1352,,,,,
26,0.5467239618301392,1353,,,,,
26,0.534841001033783,1354,,,,,
26,0.537357747554779,1355,,,,,
26,0.5317521095275879,1356,,,,,
26,0.5412582159042358,1357,,,,,
26,0.5322574377059937,1358,,,,,
26,0.5436707735061646,1359,,,,,
26,0.5539507269859314,1360,,,,,
26,0.5471755266189575,1361,,,,,
26,0.5349692702293396,1362,,,,,
26,0.5241276025772095,1363,,,,,
26,0.5442712306976318,1364,,,,,
26,0.527504026889801,1365,,,,,
26,0.5295441150665283,1366,,,,,
26,0.5414676666259766,1367,,,,,
26,0.53992760181427,1368,,,,,
26,0.5369686484336853,1369,,,,,
26,0.5298879742622375,1370,,,,,
26,0.5378513336181641,1371,,,,,
26,0.5353928208351135,1372,,,,,
26,0.5362408757209778,1373,,,,,
26,0.5412920713424683,1374,,,,,
26,0.5455240607261658,1375,,,,,
26,0.5372252464294434,1376,,,,,
26,0.5336120128631592,1377,,,,,
26,0.5356526374816895,1378,,,,,
26,0.5299532413482666,1379,,,,,
26,0.5298604369163513,1380,,,,,
26,0.5423491597175598,1381,,,,,
26,0.5374710559844971,1382,,,,,
26,0.5245481729507446,1383,,,,,
26,0.536394476890564,1384,,,,,
26,0.5382339954376221,1385,,,,,
26,0.5346577167510986,1386,,,,,
26,0.5337477922439575,1387,,,,,
26,0.5331920385360718,1388,,,,,
26,0.5275121331214905,1389,,,,,
26,0.5413190722465515,1390,,,,,
26,0.5374336242675781,1391,,,,,
26,0.5364072918891907,1392,,,,,
26,0.5416846871376038,1393,,,,,
26,0.5186855792999268,1394,,,,,
26,0.5367115139961243,1395,,,,,
26,0.5404223203659058,1396,,,,,
26,0.5411313772201538,1397,,,,,
26,0.5416778326034546,1398,,,,,
26,0.5418961644172668,1399,,,,,
26,0.5333222150802612,1400,,,,,
26,0.5319334268569946,1401,,,,,
26,0.5404740571975708,1402,,,,,
26,0.5551303625106812,1403,,,,,
,,182,0.5194892287254333,,,,
,,183,0.5197724103927612,,,,
,,184,0.5131130218505859,,,,
,,185,0.5122479796409607,,,,
,,186,0.5299850106239319,,,,
,,187,0.5302656888961792,,,,
,,188,0.5250515341758728,,,,
26,,1403,,0.5211383104324341,,,
26,,1403,,,1.0,0.0,0.5368306636810303
27,0.5297904014587402,1404,,,,,
27,0.5336838364601135,1405,,,,,
27,0.535182535648346,1406,,,,,
27,0.5591093301773071,1407,,,,,
27,0.5423008799552917,1408,,,,,
27,0.5356650352478027,1409,,,,,
27,0.5333401560783386,1410,,,,,
27,0.5391027331352234,1411,,,,,
27,0.5423310995101929,1412,,,,,
27,0.5322318077087402,1413,,,,,
27,0.5305421352386475,1414,,,,,
27,0.5355206727981567,1415,,,,,
27,0.5513721108436584,1416,,,,,
27,0.529304563999176,1417,,,,,
27,0.5426632165908813,1418,,,,,
27,0.5313841700553894,1419,,,,,
27,0.5388709306716919,1420,,,,,
27,0.5348674654960632,1421,,,,,
27,0.5167177319526672,1422,,,,,
27,0.5358862280845642,1423,,,,,
27,0.538444459438324,1424,,,,,
27,0.5280391573905945,1425,,,,,
27,0.5299360752105713,1426,,,,,
27,0.5364859700202942,1427,,,,,
27,0.5408360958099365,1428,,,,,
27,0.5358229279518127,1429,,,,,
27,0.5327353477478027,1430,,,,,
27,0.5420811176300049,1431,,,,,
27,0.5391405820846558,1432,,,,,
27,0.5189481973648071,1433,,,,,
27,0.5327426195144653,1434,,,,,
27,0.5343567728996277,1435,,,,,
27,0.5361908674240112,1436,,,,,
27,0.5463517308235168,1437,,,,,
27,0.5427430272102356,1438,,,,,
27,0.5290371775627136,1439,,,,,
27,0.5314086079597473,1440,,,,,
27,0.5370193123817444,1441,,,,,
27,0.5329344272613525,1442,,,,,
27,0.5347327589988708,1443,,,,,
27,0.5270750522613525,1444,,,,,
27,0.538605272769928,1445,,,,,
27,0.5328707695007324,1446,,,,,
27,0.5170385837554932,1447,,,,,
27,0.5314290523529053,1448,,,,,
27,0.5286880135536194,1449,,,,,
27,0.5283266305923462,1450,,,,,
27,0.5352398157119751,1451,,,,,
27,0.5171516537666321,1452,,,,,
27,0.5431767702102661,1453,,,,,
27,0.5246951580047607,1454,,,,,
27,0.5118787288665771,1455,,,,,
,,189,0.5208861827850342,,,,
,,190,0.5152930021286011,,,,
,,191,0.5071244835853577,,,,
,,192,0.5091615319252014,,,,
,,193,0.5291545391082764,,,,
,,194,0.5273910760879517,,,,
,,195,0.5196534991264343,,,,
27,,1455,,0.5182826519012451,,,
27,,1455,,,1.0,0.0,0.5342852473258972
28,0.5301210880279541,1456,,,,,
28,0.5341952443122864,1457,,,,,
28,0.5435961484909058,1458,,,,,
28,0.538579523563385,1459,,,,,
28,0.530826985836029,1460,,,,,
28,0.5360476970672607,1461,,,,,
28,0.5352538228034973,1462,,,,,
28,0.5303264856338501,1463,,,,,
28,0.526286244392395,1464,,,,,
28,0.530116081237793,1465,,,,,
28,0.5283787846565247,1466,,,,,
28,0.538426399230957,1467,,,,,
28,0.5348334312438965,1468,,,,,
28,0.5330153107643127,1469,,,,,
28,0.5441333651542664,1470,,,,,
28,0.536510705947876,1471,,,,,
28,0.5290101766586304,1472,,,,,
28,0.5283401608467102,1473,,,,,
28,0.5250697135925293,1474,,,,,
28,0.5220653414726257,1475,,,,,
28,0.5294248461723328,1476,,,,,
28,0.521136462688446,1477,,,,,
28,0.521644651889801,1478,,,,,
28,0.5339112281799316,1479,,,,,
28,0.5251106023788452,1480,,,,,
28,0.5350700616836548,1481,,,,,
28,0.5181130766868591,1482,,,,,
28,0.5264568328857422,1483,,,,,
28,0.5279898047447205,1484,,,,,
28,0.5342172980308533,1485,,,,,
28,0.5234142541885376,1486,,,,,
28,0.5331569314002991,1487,,,,,
28,0.5224197506904602,1488,,,,,
28,0.5276520252227783,1489,,,,,
28,0.5285679697990417,1490,,,,,
28,0.5373040437698364,1491,,,,,
28,0.5308473110198975,1492,,,,,
28,0.5348029136657715,1493,,,,,
28,0.5282087922096252,1494,,,,,
28,0.5174601078033447,1495,,,,,
28,0.5262125134468079,1496,,,,,
28,0.5288369655609131,1497,,,,,
28,0.5231707096099854,1498,,,,,
28,0.5162566304206848,1499,,,,,
28,0.5349539518356323,1500,,,,,
28,0.5228825211524963,1501,,,,,
28,0.5279654264450073,1502,,,,,
28,0.5277326107025146,1503,,,,,
28,0.5233503580093384,1504,,,,,
28,0.5207894444465637,1505,,,,,
28,0.5283575057983398,1506,,,,,
28,0.5329562425613403,1507,,,,,
,,196,0.5166149139404297,,,,
,,197,0.5156121850013733,,,,
,,198,0.5074614882469177,,,,
,,199,0.5087466835975647,,,,
,,200,0.5261451005935669,,,,
,,201,0.5250085592269897,,,,
,,202,0.5159000754356384,,,,
28,,1507,,0.5165444612503052,,,
28,,1507,,,1.0,0.0,0.5292836427688599
29,0.5237941145896912,1508,,,,,
29,0.5348255634307861,1509,,,,,
29,0.5247352123260498,1510,,,,,
29,0.5249428153038025,1511,,,,,
29,0.5429674386978149,1512,,,,,
29,0.5369061827659607,1513,,,,,
29,0.5248494744300842,1514,,,,,
29,0.5250667333602905,1515,,,,,
29,0.524053156375885,1516,,,,,
29,0.5216192007064819,1517,,,,,
29,0.532718300819397,1518,,,,,
29,0.5341930389404297,1519,,,,,
29,0.5245255827903748,1520,,,,,
29,0.5337144136428833,1521,,,,,
29,0.5286611318588257,1522,,,,,
29,0.5357541441917419,1523,,,,,
29,0.5350631475448608,1524,,,,,
29,0.5416046380996704,1525,,,,,
29,0.5360901355743408,1526,,,,,
29,0.5268352031707764,1527,,,,,
29,0.5297689437866211,1528,,,,,
29,0.5244333744049072,1529,,,,,
29,0.521784782409668,1530,,,,,
29,0.5225174427032471,1531,,,,,
29,0.5291341543197632,1532,,,,,
29,0.5122961401939392,1533,,,,,
29,0.5248934030532837,1534,,,,,
29,0.5286502838134766,1535,,,,,
29,0.537369966506958,1536,,,,,
29,0.522174060344696,1537,,,,,
29,0.5260302424430847,1538,,,,,
29,0.5394970178604126,1539,,,,,
29,0.5203242897987366,1540,,,,,
29,0.5178397297859192,1541,,,,,
29,0.5321108102798462,1542,,,,,
29,0.5172359347343445,1543,,,,,
29,0.5241895318031311,1544,,,,,
29,0.5205014944076538,1545,,,,,
29,0.5318631529808044,1546,,,,,
29,0.5227457880973816,1547,,,,,
29,0.5262598991394043,1548,,,,,
29,0.5288258790969849,1549,,,,,
29,0.5239521265029907,1550,,,,,
29,0.5267852544784546,1551,,,,,
29,0.5229872465133667,1552,,,,,
29,0.5303511023521423,1553,,,,,
29,0.5280249118804932,1554,,,,,
29,0.5428896546363831,1555,,,,,
29,0.5253650546073914,1556,,,,,
29,0.5264075994491577,1557,,,,,
29,0.5204609632492065,1558,,,,,
29,0.5181097984313965,1559,,,,,
,,203,0.509169340133667,,,,
,,204,0.5132717490196228,,,,
,,205,0.5024718046188354,,,,
,,206,0.5036231279373169,,,,
,,207,0.5200557708740234,,,,
,,208,0.5215620994567871,,,,
,,209,0.5138440132141113,,,,
29,,1559,,0.5118578672409058,,,
29,,1559,,,1.0,0.0,0.5278071165084839
