csv-train_loss_step,step,csv-epoch,csv-val_loss_step,csv-val_loss_epoch,csv-accuracy/validator,csv-accuracy/exact,csv-train_loss_epoch
3.77559757232666,0,0,,,,,
3.318488836288452,1,0,,,,,
3.309399127960205,2,0,,,,,
3.1253883838653564,3,0,,,,,
2.9456851482391357,4,0,,,,,
2.8166840076446533,5,0,,,,,
2.551353693008423,6,0,,,,,
2.608211040496826,7,0,,,,,
2.573439598083496,8,0,,,,,
2.4982786178588867,9,0,,,,,
2.445140838623047,10,0,,,,,
2.3370184898376465,11,0,,,,,
2.304338216781616,12,0,,,,,
2.2278590202331543,13,0,,,,,
2.1746761798858643,14,0,,,,,
2.158538341522217,15,0,,,,,
2.1880617141723633,16,0,,,,,
2.1184632778167725,17,0,,,,,
1.9180899858474731,18,0,,,,,
1.960189700126648,19,0,,,,,
1.957887887954712,20,0,,,,,
1.8866267204284668,21,0,,,,,
1.9966990947723389,22,0,,,,,
1.9051216840744019,23,0,,,,,
1.7533843517303467,24,0,,,,,
1.7613264322280884,25,0,,,,,
1.7143725156784058,26,0,,,,,
,0,,1.268685221672058,,,,
,1,,1.556575894355774,,,,
,2,,1.4759594202041626,,,,
,3,,1.3195000886917114,,,,
,26,0,,1.4210469722747803,,,
,26,0,,,0.010416666977107525,0.0,2.3888494968414307
1.5837676525115967,27,1,,,,,
1.6962757110595703,28,1,,,,,
1.5857644081115723,29,1,,,,,
1.6324480772018433,30,1,,,,,
1.6417793035507202,31,1,,,,,
1.7022318840026855,32,1,,,,,
1.4387555122375488,33,1,,,,,
1.7014195919036865,34,1,,,,,
1.6444926261901855,35,1,,,,,
1.6303445100784302,36,1,,,,,
1.6362789869308472,37,1,,,,,
1.571280837059021,38,1,,,,,
1.5295906066894531,39,1,,,,,
1.4518276453018188,40,1,,,,,
1.544165849685669,41,1,,,,,
1.413452386856079,42,1,,,,,
1.4903101921081543,43,1,,,,,
1.2771252393722534,44,1,,,,,
1.499479055404663,45,1,,,,,
1.5935899019241333,46,1,,,,,
1.3523917198181152,47,1,,,,,
1.4500263929367065,48,1,,,,,
1.5369688272476196,49,1,,,,,
1.3594300746917725,50,1,,,,,
1.520790696144104,51,1,,,,,
1.2497674226760864,52,1,,,,,
1.2278681993484497,53,1,,,,,
,4,,0.8412606120109558,,,,
,5,,1.2361501455307007,,,,
,6,,1.1157944202423096,,,,
,7,,0.9258469343185425,,,,
,53,1,,1.0490068197250366,,,
,53,1,,,0.03125,0.0,1.5198001861572266
1.3230894804000854,54,2,,,,,
1.1920690536499023,55,2,,,,,
1.26481032371521,56,2,,,,,
1.246495246887207,57,2,,,,,
1.2908536195755005,58,2,,,,,
1.3681631088256836,59,2,,,,,
1.4374068975448608,60,2,,,,,
1.267066478729248,61,2,,,,,
1.2883609533309937,62,2,,,,,
1.197643518447876,63,2,,,,,
1.2373931407928467,64,2,,,,,
1.3141496181488037,65,2,,,,,
1.1050230264663696,66,2,,,,,
1.1039499044418335,67,2,,,,,
1.186434268951416,68,2,,,,,
1.1912214756011963,69,2,,,,,
1.1315428018569946,70,2,,,,,
1.1137940883636475,71,2,,,,,
1.0708714723587036,72,2,,,,,
1.20440673828125,73,2,,,,,
1.171028733253479,74,2,,,,,
1.3023204803466797,75,2,,,,,
1.1254711151123047,76,2,,,,,
1.0363295078277588,77,2,,,,,
1.1270561218261719,78,2,,,,,
1.0683156251907349,79,2,,,,,
1.0998440980911255,80,2,,,,,
,8,,0.6715554594993591,,,,
,9,,0.9770475029945374,,,,
,10,,0.8614873290061951,,,,
,11,,0.6885033845901489,,,,
,80,2,,0.8202308416366577,,,
,80,2,,,0.02083333395421505,0.0,1.2033699750900269
1.0616902112960815,81,3,,,,,
1.163761019706726,82,3,,,,,
1.0931295156478882,83,3,,,,,
1.1280648708343506,84,3,,,,,
1.1588215827941895,85,3,,,,,
0.9937793612480164,86,3,,,,,
0.9599923491477966,87,3,,,,,
0.8038142919540405,88,3,,,,,
0.9562150835990906,89,3,,,,,
1.020002841949463,90,3,,,,,
1.0903733968734741,91,3,,,,,
0.9999845027923584,92,3,,,,,
0.8554126024246216,93,3,,,,,
0.6997634768486023,94,3,,,,,
0.965681791305542,95,3,,,,,
0.7861218452453613,96,3,,,,,
0.956699550151825,97,3,,,,,
0.9229449033737183,98,3,,,,,
0.8112822771072388,99,3,,,,,
0.8439566493034363,100,3,,,,,
0.9879506826400757,101,3,,,,,
0.9201459884643555,102,3,,,,,
0.8449164628982544,103,3,,,,,
0.7590211629867554,104,3,,,,,
0.776237428188324,105,3,,,,,
0.745207667350769,106,3,,,,,
0.651310920715332,107,3,,,,,
,12,,0.44414469599723816,,,,
,13,,0.6800647974014282,,,,
,14,,0.5645056962966919,,,,
,15,,0.428666889667511,,,,
,107,3,,0.5479897260665894,,,
,107,3,,,0.204861119389534,0.0902777835726738,0.926858127117157
0.7605545520782471,108,4,,,,,
0.7609857320785522,109,4,,,,,
0.5539004802703857,110,4,,,,,
0.7299200892448425,111,4,,,,,
0.9200696349143982,112,4,,,,,
0.6693171262741089,113,4,,,,,
0.82319176197052,114,4,,,,,
0.7811830639839172,115,4,,,,,
0.7969584465026855,116,4,,,,,
0.7163431644439697,117,4,,,,,
0.7059812545776367,118,4,,,,,
0.7902238965034485,119,4,,,,,
0.6115652918815613,120,4,,,,,
0.7715572714805603,121,4,,,,,
0.6557852029800415,122,4,,,,,
0.6993565559387207,123,4,,,,,
0.6462017297744751,124,4,,,,,
0.5977177619934082,125,4,,,,,
0.5804875493049622,126,4,,,,,
0.7558985352516174,127,4,,,,,
0.4982171356678009,128,4,,,,,
0.5131890177726746,129,4,,,,,
0.5512210726737976,130,4,,,,,
0.5893927812576294,131,4,,,,,
0.739085853099823,132,4,,,,,
0.4192381799221039,133,4,,,,,
0.5136253833770752,134,4,,,,,
,16,,0.30030688643455505,,,,
,17,,0.44745907187461853,,,,
,18,,0.37622958421707153,,,,
,19,,0.2566103935241699,,,,
,134,4,,0.3615480065345764,,,
,134,4,,,0.4166666865348816,0.2430555820465088,0.6737481355667114
0.4900030493736267,135,5,,,,,
0.538598358631134,136,5,,,,,
0.5529104471206665,137,5,,,,,
0.6407742500305176,138,5,,,,,
0.56789231300354,139,5,,,,,
0.597743809223175,140,5,,,,,
0.5767753720283508,141,5,,,,,
0.5891622304916382,142,5,,,,,
0.4206209182739258,143,5,,,,,
0.39759793877601624,144,5,,,,,
0.5314005017280579,145,5,,,,,
0.5500984191894531,146,5,,,,,
0.3963708281517029,147,5,,,,,
0.41887718439102173,148,5,,,,,
0.4239524304866791,149,5,,,,,
0.563987672328949,150,5,,,,,
0.4770593047142029,151,5,,,,,
0.4614715576171875,152,5,,,,,
0.504958987236023,153,5,,,,,
0.40370795130729675,154,5,,,,,
0.4465218186378479,155,5,,,,,
0.47722312808036804,156,5,,,,,
0.2818562686443329,157,5,,,,,
0.4384719431400299,158,5,,,,,
0.39113423228263855,159,5,,,,,
0.39371851086616516,160,5,,,,,
0.5612841248512268,161,5,,,,,
,20,,0.2194562405347824,,,,
,21,,0.2660329341888428,,,,
,22,,0.24895332753658295,,,,
,23,,0.14856824278831482,,,,
,161,5,,0.234120175242424,,,
,161,5,,,0.3993055820465088,0.2430555671453476,0.48425617814064026
0.4742237329483032,162,6,,,,,
0.42657017707824707,163,6,,,,,
0.4340296685695648,164,6,,,,,
0.3387849032878876,165,6,,,,,
0.3690887987613678,166,6,,,,,
0.3880848288536072,167,6,,,,,
0.40199515223503113,168,6,,,,,
0.457679808139801,169,6,,,,,
0.384939044713974,170,6,,,,,
0.3751199543476105,171,6,,,,,
0.30033576488494873,172,6,,,,,
0.37771883606910706,173,6,,,,,
0.3633960783481598,174,6,,,,,
0.40866875648498535,175,6,,,,,
0.35411977767944336,176,6,,,,,
0.46595022082328796,177,6,,,,,
0.34822165966033936,178,6,,,,,
0.35946545004844666,179,6,,,,,
0.40727943181991577,180,6,,,,,
0.41748443245887756,181,6,,,,,
0.4985302984714508,182,6,,,,,
0.2998303174972534,183,6,,,,,
0.3196945786476135,184,6,,,,,
0.38205215334892273,185,6,,,,,
0.3287968933582306,186,6,,,,,
0.36994367837905884,187,6,,,,,
0.3570578396320343,188,6,,,,,
,24,,0.18582363426685333,,,,
,25,,0.21281848847866058,,,,
,26,,0.1975068300962448,,,,
,27,,0.12539872527122498,,,,
,188,6,,0.1905699074268341,,,
,188,6,,,0.4791666865348816,0.3020833432674408,0.38578683137893677
0.28229039907455444,189,7,,,,,
0.2704835534095764,190,7,,,,,
0.3168877065181732,191,7,,,,,
0.37284865975379944,192,7,,,,,
0.2783994972705841,193,7,,,,,
0.22596710920333862,194,7,,,,,
0.36010581254959106,195,7,,,,,
0.42745327949523926,196,7,,,,,
0.3665391802787781,197,7,,,,,
0.3029133677482605,198,7,,,,,
0.36008405685424805,199,7,,,,,
0.27275943756103516,200,7,,,,,
0.4134950339794159,201,7,,,,,
0.33826783299446106,202,7,,,,,
0.3381797671318054,203,7,,,,,
0.24700544774532318,204,7,,,,,
0.30975082516670227,205,7,,,,,
0.38640502095222473,206,7,,,,,
0.3145177662372589,207,7,,,,,
0.2985929846763611,208,7,,,,,
0.2078399807214737,209,7,,,,,
0.31050896644592285,210,7,,,,,
0.2565363943576813,211,7,,,,,
0.2689027786254883,212,7,,,,,
0.2990325689315796,213,7,,,,,
0.36981716752052307,214,7,,,,,
0.18344806134700775,215,7,,,,,
,28,,0.15325641632080078,,,,
,29,,0.16914956271648407,,,,
,30,,0.16386979818344116,,,,
,31,,0.10601639747619629,,,,
,215,7,,0.15586130321025848,,,
,215,7,,,0.5659722685813904,0.3923611342906952,0.31152036786079407
0.2589928209781647,216,8,,,,,
0.3390475809574127,217,8,,,,,
0.2709929049015045,218,8,,,,,
0.2496020644903183,219,8,,,,,
0.3063194453716278,220,8,,,,,
0.24054458737373352,221,8,,,,,
0.22125177085399628,222,8,,,,,
0.24632912874221802,223,8,,,,,
0.28827589750289917,224,8,,,,,
0.23221099376678467,225,8,,,,,
0.24112898111343384,226,8,,,,,
0.23777049779891968,227,8,,,,,
0.3338935375213623,228,8,,,,,
0.2988826036453247,229,8,,,,,
0.2951432466506958,230,8,,,,,
0.23208871483802795,231,8,,,,,
0.39847901463508606,232,8,,,,,
0.2873412072658539,233,8,,,,,
0.24257950484752655,234,8,,,,,
0.2362082451581955,235,8,,,,,
0.22003571689128876,236,8,,,,,
0.19107311964035034,237,8,,,,,
0.284797728061676,238,8,,,,,
0.20010721683502197,239,8,,,,,
0.19792501628398895,240,8,,,,,
0.23985861241817474,241,8,,,,,
0.23827554285526276,242,8,,,,,
,32,,0.13910217583179474,,,,
,33,,0.14144004881381989,,,,
,34,,0.1407901495695114,,,,
,35,,0.09933135658502579,,,,
,242,8,,0.13587604463100433,,,
,242,8,,,0.6666666865348816,0.413194477558136,0.2605452835559845
0.2983352839946747,243,9,,,,,
0.2426355630159378,244,9,,,,,
0.20470812916755676,245,9,,,,,
0.4156162738800049,246,9,,,,,
0.24710935354232788,247,9,,,,,
0.1727372109889984,248,9,,,,,
0.21891643106937408,249,9,,,,,
0.18075662851333618,250,9,,,,,
0.255695641040802,251,9,,,,,
0.20852674543857574,252,9,,,,,
0.2325037568807602,253,9,,,,,
0.22918862104415894,254,9,,,,,
0.1717054396867752,255,9,,,,,
0.23485395312309265,256,9,,,,,
0.29479658603668213,257,9,,,,,
0.20536363124847412,258,9,,,,,
0.27361831068992615,259,9,,,,,
0.24966442584991455,260,9,,,,,
0.2797448933124542,261,9,,,,,
0.18530012667179108,262,9,,,,,
0.19677424430847168,263,9,,,,,
0.23675036430358887,264,9,,,,,
0.2468300312757492,265,9,,,,,
0.21625077724456787,266,9,,,,,
0.2532123327255249,267,9,,,,,
0.17104502022266388,268,9,,,,,
0.21214766800403595,269,9,,,,,
,36,,0.118318572640419,,,,
,37,,0.120102658867836,,,,
,38,,0.12508971989154816,,,,
,39,,0.08871740847826004,,,,
,269,9,,0.11756443232297897,,,
,269,9,,,0.65625,0.4027778208255768,0.2348318248987198
0.15554533898830414,270,10,,,,,
0.2163173407316208,271,10,,,,,
0.16824856400489807,272,10,,,,,
0.22886791825294495,273,10,,,,,
0.17296099662780762,274,10,,,,,
0.20745444297790527,275,10,,,,,
0.16507962346076965,276,10,,,,,
0.19474755227565765,277,10,,,,,
0.21954429149627686,278,10,,,,,
0.24127507209777832,279,10,,,,,
0.16522620618343353,280,10,,,,,
0.19906775653362274,281,10,,,,,
0.19609954953193665,282,10,,,,,
0.220435231924057,283,10,,,,,
0.16842034459114075,284,10,,,,,
0.19981178641319275,285,10,,,,,
0.2599432170391083,286,10,,,,,
0.24358828365802765,287,10,,,,,
0.14705297350883484,288,10,,,,,
0.2142801433801651,289,10,,,,,
0.1749190241098404,290,10,,,,,
0.24143294990062714,291,10,,,,,
0.2527950704097748,292,10,,,,,
0.1519826352596283,293,10,,,,,
0.1923588365316391,294,10,,,,,
0.23222768306732178,295,10,,,,,
0.199641153216362,296,10,,,,,
,40,,0.1042771115899086,,,,
,41,,0.11194397509098053,,,,
,42,,0.11370693147182465,,,,
,43,,0.07293886691331863,,,,
,296,10,,0.10586076229810715,,,
,296,10,,,0.7361111640930176,0.4618055820465088,0.20109958946704865
0.14107583463191986,297,11,,,,,
0.20409797132015228,298,11,,,,,
0.19517533481121063,299,11,,,,,
0.2476615607738495,300,11,,,,,
0.1663666069507599,301,11,,,,,
0.18815958499908447,302,11,,,,,
0.189858540892601,303,11,,,,,
0.20556962490081787,304,11,,,,,
0.25865259766578674,305,11,,,,,
0.15533486008644104,306,11,,,,,
0.22304436564445496,307,11,,,,,
0.18127894401550293,308,11,,,,,
0.23188193142414093,309,11,,,,,
0.16715122759342194,310,11,,,,,
0.13522440195083618,311,11,,,,,
0.1819482296705246,312,11,,,,,
0.17963656783103943,313,11,,,,,
0.20571981370449066,314,11,,,,,
0.17368865013122559,315,11,,,,,
0.22928209602832794,316,11,,,,,
0.1687408685684204,317,11,,,,,
0.1857381910085678,318,11,,,,,
0.14143508672714233,319,11,,,,,
0.12670749425888062,320,11,,,,,
0.12585227191448212,321,11,,,,,
0.13656122982501984,322,11,,,,,
0.15838046371936798,323,11,,,,,
,44,,0.10956079512834549,,,,
,45,,0.10983309149742126,,,,
,46,,0.11322183907032013,,,,
,47,,0.060016583651304245,,,,
,323,11,,0.10522131621837616,,,
,323,11,,,0.7361111044883728,0.444444477558136,0.18185530602931976
0.1553594022989273,324,12,,,,,
0.20489153265953064,325,12,,,,,
0.1679137498140335,326,12,,,,,
0.1811847686767578,327,12,,,,,
0.17906542122364044,328,12,,,,,
0.18469594419002533,329,12,,,,,
0.133711040019989,330,12,,,,,
0.16357773542404175,331,12,,,,,
0.13826045393943787,332,12,,,,,
0.15438158810138702,333,12,,,,,
0.1907944530248642,334,12,,,,,
0.16169728338718414,335,12,,,,,
0.15369993448257446,336,12,,,,,
0.11811936646699905,337,12,,,,,
0.12767499685287476,338,12,,,,,
0.20011238753795624,339,12,,,,,
0.23246251046657562,340,12,,,,,
0.14396284520626068,341,12,,,,,
0.1816750019788742,342,12,,,,,
0.1589847207069397,343,12,,,,,
0.26664242148399353,344,12,,,,,
0.14985252916812897,345,12,,,,,
0.21074824035167694,346,12,,,,,
0.15883518755435944,347,12,,,,,
0.18934586644172668,348,12,,,,,
0.10202643275260925,349,12,,,,,
0.10923221707344055,350,12,,,,,
,48,,0.09476292133331299,,,,
,49,,0.09836413711309433,,,,
,50,,0.09570487588644028,,,,
,51,,0.05271301046013832,,,,
,350,12,,0.09143683314323425,,,
,350,12,,,0.7777777910232544,0.475694477558136,0.16791027784347534
0.1862061321735382,351,13,,,,,
0.1944953054189682,352,13,,,,,
0.1661534309387207,353,13,,,,,
0.11862911283969879,354,13,,,,,
0.09492812305688858,355,13,,,,,
0.14269964396953583,356,13,,,,,
0.16970741748809814,357,13,,,,,
0.15480287373065948,358,13,,,,,
0.17066006362438202,359,13,,,,,
0.19350486993789673,360,13,,,,,
0.1982232630252838,361,13,,,,,
0.15508908033370972,362,13,,,,,
0.11545123904943466,363,13,,,,,
0.20223955810070038,364,13,,,,,
0.14479801058769226,365,13,,,,,
0.14324429631233215,366,13,,,,,
0.1360662430524826,367,13,,,,,
0.19900836050510406,368,13,,,,,
0.16434623301029205,369,13,,,,,
0.11777272820472717,370,13,,,,,
0.18048298358917236,371,13,,,,,
0.15297675132751465,372,13,,,,,
0.08624398708343506,373,13,,,,,
0.21999336779117584,374,13,,,,,
0.15043939650058746,375,13,,,,,
0.10537324100732803,376,13,,,,,
0.2956273853778839,377,13,,,,,
,52,,0.08829928934574127,,,,
,53,,0.09006325900554657,,,,
,54,,0.09040916711091995,,,,
,55,,0.05069553107023239,,,,
,377,13,,0.08526890724897385,,,
,377,13,,,0.7638888955116272,0.5034722685813904,0.16019651293754578
0.16634143888950348,378,14,,,,,
0.16040177643299103,379,14,,,,,
0.14540372788906097,380,14,,,,,
0.21018852293491364,381,14,,,,,
0.17423279583454132,382,14,,,,,
0.11674883216619492,383,14,,,,,
0.15589137375354767,384,14,,,,,
0.15501144528388977,385,14,,,,,
0.1417211890220642,386,14,,,,,
0.20618753135204315,387,14,,,,,
0.15830545127391815,388,14,,,,,
0.11306586861610413,389,14,,,,,
0.1339288055896759,390,14,,,,,
0.13860437273979187,391,14,,,,,
0.1688005030155182,392,14,,,,,
0.11707543581724167,393,14,,,,,
0.17599834501743317,394,14,,,,,
0.1635565459728241,395,14,,,,,
0.11564363539218903,396,14,,,,,
0.13813437521457672,397,14,,,,,
0.15376237034797668,398,14,,,,,
0.1886933445930481,399,14,,,,,
0.11612119525671005,400,14,,,,,
0.13386207818984985,401,14,,,,,
0.1279897838830948,402,14,,,,,
0.13240046799182892,403,14,,,,,
0.14132188260555267,404,14,,,,,
,56,,0.08266507089138031,,,,
,57,,0.09266778826713562,,,,
,58,,0.0866854339838028,,,,
,59,,0.04160308837890625,,,,
,404,14,,0.08225761353969574,,,
,404,14,,,0.7847222089767456,0.5625,0.15005838871002197
0.15054289996623993,405,15,,,,,
0.14051751792430878,406,15,,,,,
0.13379882276058197,407,15,,,,,
0.14114537835121155,408,15,,,,,
0.1173754557967186,409,15,,,,,
0.11201915889978409,410,15,,,,,
0.1076294332742691,411,15,,,,,
0.1431025266647339,412,15,,,,,
0.2444046437740326,413,15,,,,,
0.1493362933397293,414,15,,,,,
0.08496657758951187,415,15,,,,,
0.10896232724189758,416,15,,,,,
0.17198912799358368,417,15,,,,,
0.17632223665714264,418,15,,,,,
0.10325764864683151,419,15,,,,,
0.13211867213249207,420,15,,,,,
0.12393206357955933,421,15,,,,,
0.14346438646316528,422,15,,,,,
0.19262579083442688,423,15,,,,,
0.17298312485218048,424,15,,,,,
0.12662731111049652,425,15,,,,,
0.0987168401479721,426,15,,,,,
0.12599028646945953,427,15,,,,,
0.1647672951221466,428,15,,,,,
0.12903112173080444,429,15,,,,,
0.1519230753183365,430,15,,,,,
0.12856534123420715,431,15,,,,,
,60,,0.07786434888839722,,,,
,61,,0.08275236934423447,,,,
,62,,0.08091694861650467,,,,
,63,,0.039205990731716156,,,,
,431,15,,0.07592175900936127,,,
,431,15,,,0.756944477558136,0.5034722685813904,0.13996165990829468
0.22754698991775513,432,16,,,,,
0.12491372227668762,433,16,,,,,
0.2000228464603424,434,16,,,,,
0.11212358623743057,435,16,,,,,
0.1667056828737259,436,16,,,,,
0.14051856100559235,437,16,,,,,
0.09655403345823288,438,16,,,,,
0.0910855159163475,439,16,,,,,
0.16756364703178406,440,16,,,,,
0.0717296376824379,441,16,,,,,
0.09958545118570328,442,16,,,,,
0.15833820402622223,443,16,,,,,
0.15584097802639008,444,16,,,,,
0.16661140322685242,445,16,,,,,
0.11709458380937576,446,16,,,,,
0.10460631549358368,447,16,,,,,
0.11596035212278366,448,16,,,,,
0.08950284123420715,449,16,,,,,
0.09069165587425232,450,16,,,,,
0.11694860458374023,451,16,,,,,
0.16932299733161926,452,16,,,,,
0.14017590880393982,453,16,,,,,
0.16420120000839233,454,16,,,,,
0.07834761589765549,455,16,,,,,
0.10649586468935013,456,16,,,,,
0.10342629253864288,457,16,,,,,
0.14673292636871338,458,16,,,,,
,64,,0.07360494881868362,,,,
,65,,0.07710924744606018,,,,
,66,,0.06523118168115616,,,,
,67,,0.042996734380722046,,,,
,458,16,,0.06876123696565628,,,
,458,16,,,0.7465277910232544,0.5659722685813904,0.13031640648841858
0.08573240786790848,459,17,,,,,
0.11404398828744888,460,17,,,,,
0.1513122171163559,461,17,,,,,
0.1419992446899414,462,17,,,,,
0.09777296334505081,463,17,,,,,
0.09137370437383652,464,17,,,,,
0.17757268249988556,465,17,,,,,
0.11594531685113907,466,17,,,,,
0.13185177743434906,467,17,,,,,
0.14446516335010529,468,17,,,,,
0.11565347015857697,469,17,,,,,
0.1836227923631668,470,17,,,,,
0.11068505048751831,471,17,,,,,
0.13793206214904785,472,17,,,,,
0.13442601263523102,473,17,,,,,
0.12837594747543335,474,17,,,,,
0.12284862250089645,475,17,,,,,
0.12684670090675354,476,17,,,,,
0.10482475161552429,477,17,,,,,
0.09328581392765045,478,17,,,,,
0.1339324414730072,479,17,,,,,
0.139948770403862,480,17,,,,,
0.11185206472873688,481,17,,,,,
0.11277518421411514,482,17,,,,,
0.10755264759063721,483,17,,,,,
0.11170722544193268,484,17,,,,,
0.14352446794509888,485,17,,,,,
,68,,0.06630929559469223,,,,
,69,,0.07406990975141525,,,,
,70,,0.06018928438425064,,,,
,71,,0.02718230150640011,,,,
,485,17,,0.06244795769453049,,,
,485,17,,,0.7638888955116272,0.6458333730697632,0.12470962107181549
0.13164730370044708,486,18,,,,,
0.15859703719615936,487,18,,,,,
0.09800571203231812,488,18,,,,,
0.10074339061975479,489,18,,,,,
0.11364004015922546,490,18,,,,,
0.11311662197113037,491,18,,,,,
0.09942930191755295,492,18,,,,,
0.1653936803340912,493,18,,,,,
0.11361885815858841,494,18,,,,,
0.1318117082118988,495,18,,,,,
0.1657583862543106,496,18,,,,,
0.10511918365955353,497,18,,,,,
0.11553853750228882,498,18,,,,,
0.11852613091468811,499,18,,,,,
0.10325339436531067,500,18,,,,,
0.12049733102321625,501,18,,,,,
0.11165394634008408,502,18,,,,,
0.16421911120414734,503,18,,,,,
0.1519385129213333,504,18,,,,,
0.11832357943058014,505,18,,,,,
0.12336105108261108,506,18,,,,,
0.07388142496347427,507,18,,,,,
0.08319222182035446,508,18,,,,,
0.07962742447853088,509,18,,,,,
0.11668352037668228,510,18,,,,,
0.10265932232141495,511,18,,,,,
0.07511620223522186,512,18,,,,,
,72,,0.06255136430263519,,,,
,73,,0.07771699130535126,,,,
,74,,0.06321372836828232,,,,
,75,,0.023745350539684296,,,,
,512,18,,0.06292936205863953,,,
,512,18,,,0.7916666865348816,0.6909722685813904,0.11725510656833649
0.10198888927698135,513,19,,,,,
0.09385111927986145,514,19,,,,,
0.10266384482383728,515,19,,,,,
0.117165207862854,516,19,,,,,
0.12681296467781067,517,19,,,,,
0.1080550029873848,518,19,,,,,
0.10313083976507187,519,19,,,,,
0.10409035533666611,520,19,,,,,
0.12871496379375458,521,19,,,,,
0.1323164850473404,522,19,,,,,
0.09765014052391052,523,19,,,,,
0.1244676411151886,524,19,,,,,
0.0911019891500473,525,19,,,,,
0.14535577595233917,526,19,,,,,
0.10919418185949326,527,19,,,,,
0.11987442523241043,528,19,,,,,
0.10676015168428421,529,19,,,,,
0.09154382348060608,530,19,,,,,
0.11748319864273071,531,19,,,,,
0.09765445441007614,532,19,,,,,
0.06648705899715424,533,19,,,,,
0.08657491952180862,534,19,,,,,
0.07550205290317535,535,19,,,,,
0.09347100555896759,536,19,,,,,
0.0893104150891304,537,19,,,,,
0.13689836859703064,538,19,,,,,
0.09378250688314438,539,19,,,,,
,76,,0.05941170081496239,,,,
,77,,0.07439577579498291,,,,
,78,,0.06331314146518707,,,,
,79,,0.016390539705753326,,,,
,539,19,,0.060227278620004654,,,
,539,19,,,0.7743055820465088,0.663194477558136,0.10611052066087723
0.10439550131559372,540,20,,,,,
0.13860741257667542,541,20,,,,,
0.13077105581760406,542,20,,,,,
0.08942410349845886,543,20,,,,,
0.07036278396844864,544,20,,,,,
0.11856938898563385,545,20,,,,,
0.09842308610677719,546,20,,,,,
0.1478387862443924,547,20,,,,,
0.1067742183804512,548,20,,,,,
0.1004391685128212,549,20,,,,,
0.12209887057542801,550,20,,,,,
0.06791019439697266,551,20,,,,,
0.09686923027038574,552,20,,,,,
0.1453624665737152,553,20,,,,,
0.13483871519565582,554,20,,,,,
0.08853556215763092,555,20,,,,,
0.10871416330337524,556,20,,,,,
0.04796675220131874,557,20,,,,,
0.08942785859107971,558,20,,,,,
0.10418880730867386,559,20,,,,,
0.11270071566104889,560,20,,,,,
0.12224686145782471,561,20,,,,,
0.06545894593000412,562,20,,,,,
0.10584213584661484,563,20,,,,,
0.1245945617556572,564,20,,,,,
0.11964660882949829,565,20,,,,,
0.07376301288604736,566,20,,,,,
,80,,0.05806603655219078,,,,
,81,,0.06755400449037552,,,,
,82,,0.055267512798309326,,,,
,83,,0.015996990725398064,,,,
,566,20,,0.05537375435233116,,,
,566,20,,,0.7916666865348816,0.6805555820465088,0.1053207591176033
0.0861382707953453,567,21,,,,,
0.09897330403327942,568,21,,,,,
0.07635007798671722,569,21,,,,,
0.09364841878414154,570,21,,,,,
0.15534169971942902,571,21,,,,,
0.10893397033214569,572,21,,,,,
0.1304640769958496,573,21,,,,,
0.07475554943084717,574,21,,,,,
0.11300117522478104,575,21,,,,,
0.10217749327421188,576,21,,,,,
0.06402257829904556,577,21,,,,,
0.09197396785020828,578,21,,,,,
0.052444327622652054,579,21,,,,,
0.117399200797081,580,21,,,,,
0.08764086663722992,581,21,,,,,
0.08416770398616791,582,21,,,,,
0.097409188747406,583,21,,,,,
0.09577580541372299,584,21,,,,,
0.09165606647729874,585,21,,,,,
0.12701423466205597,586,21,,,,,
0.07936730980873108,587,21,,,,,
0.09087060391902924,588,21,,,,,
0.14016081392765045,589,21,,,,,
0.08827729523181915,590,21,,,,,
0.08141135424375534,591,21,,,,,
0.07222854346036911,592,21,,,,,
0.09096190333366394,593,21,,,,,
,84,,0.05610043182969093,,,,
,85,,0.06708849966526031,,,,
,86,,0.051067452877759933,,,,
,87,,0.014301903545856476,,,,
,593,21,,0.05322062224149704,,,
,593,21,,,0.7604166865348816,0.631944477558136,0.09606824070215225
0.12073544412851334,594,22,,,,,
0.06639992445707321,595,22,,,,,
0.07844769209623337,596,22,,,,,
0.10193920135498047,597,22,,,,,
0.08133381605148315,598,22,,,,,
0.07649791240692139,599,22,,,,,
0.06336881965398788,600,22,,,,,
0.07912569493055344,601,22,,,,,
0.07449596375226974,602,22,,,,,
0.07365410774946213,603,22,,,,,
0.07452729344367981,604,22,,,,,
0.11274570226669312,605,22,,,,,
0.15368346869945526,606,22,,,,,
0.060589876025915146,607,22,,,,,
0.049829524010419846,608,22,,,,,
0.057346832007169724,609,22,,,,,
0.06883060932159424,610,22,,,,,
0.06485528498888016,611,22,,,,,
0.10276348143815994,612,22,,,,,
0.09715976566076279,613,22,,,,,
0.09003272652626038,614,22,,,,,
0.08441122621297836,615,22,,,,,
0.11712834984064102,616,22,,,,,
0.10302320122718811,617,22,,,,,
0.10332850366830826,618,22,,,,,
0.07339399307966232,619,22,,,,,
0.12426294386386871,620,22,,,,,
,88,,0.053231511265039444,,,,
,89,,0.06025920435786247,,,,
,90,,0.046973973512649536,,,,
,91,,0.012012488208711147,,,,
,620,22,,0.04887981340289116,,,
,620,22,,,0.7118055820465088,0.6423611044883728,0.0868353545665741
0.10349547117948532,621,23,,,,,
0.0843258872628212,622,23,,,,,
0.07200150936841965,623,23,,,,,
0.11958245187997818,624,23,,,,,
0.11262685060501099,625,23,,,,,
0.0806652083992958,626,23,,,,,
0.10419095307588577,627,23,,,,,
0.07385805994272232,628,23,,,,,
0.08077576011419296,629,23,,,,,
0.08514638245105743,630,23,,,,,
0.11271294206380844,631,23,,,,,
0.0963829979300499,632,23,,,,,
0.08642885833978653,633,23,,,,,
0.09507401287555695,634,23,,,,,
0.1095540001988411,635,23,,,,,
0.05948992446064949,636,23,,,,,
0.0810554102063179,637,23,,,,,
0.05615558102726936,638,23,,,,,
0.08086050301790237,639,23,,,,,
0.07791003584861755,640,23,,,,,
0.07974037528038025,641,23,,,,,
0.07533830404281616,642,23,,,,,
0.09015721082687378,643,23,,,,,
0.08696308732032776,644,23,,,,,
0.10267896205186844,645,23,,,,,
0.06650204956531525,646,23,,,,,
0.11003273725509644,647,23,,,,,
,92,,0.04939544200897217,,,,
,93,,0.06094149127602577,,,,
,94,,0.04777591675519943,,,,
,95,,0.009555564261972904,,,,
,647,23,,0.04790997877717018,,,
,647,23,,,0.7118055820465088,0.631944477558136,0.08808214217424393
0.08737219125032425,648,24,,,,,
0.07740110158920288,649,24,,,,,
0.06237941235303879,650,24,,,,,
0.08588690310716629,651,24,,,,,
0.09339717030525208,652,24,,,,,
0.08771447092294693,653,24,,,,,
0.1251758635044098,654,24,,,,,
0.09130892157554626,655,24,,,,,
0.05130014941096306,656,24,,,,,
0.09894761443138123,657,24,,,,,
0.1273067742586136,658,24,,,,,
0.13026727735996246,659,24,,,,,
0.05339447781443596,660,24,,,,,
0.08809211850166321,661,24,,,,,
0.06653786450624466,662,24,,,,,
0.08229430764913559,663,24,,,,,
0.11623875796794891,664,24,,,,,
0.10463984310626984,665,24,,,,,
0.09931574016809464,666,24,,,,,
0.053286418318748474,667,24,,,,,
0.07633306086063385,668,24,,,,,
0.10286828875541687,669,24,,,,,
0.10713698714971542,670,24,,,,,
0.08619631081819534,671,24,,,,,
0.11921647936105728,672,24,,,,,
0.10891377180814743,673,24,,,,,
0.07750575989484787,674,24,,,,,
,96,,0.04790997505187988,,,,
,97,,0.05625419318675995,,,,
,98,,0.04403097555041313,,,,
,99,,0.010187936946749687,,,,
,674,24,,0.04504166543483734,,,
,674,24,,,0.7430555820465088,0.6527777910232544,0.09125427156686783
0.07967353612184525,675,25,,,,,
0.03450554981827736,676,25,,,,,
0.07257765531539917,677,25,,,,,
0.07812363654375076,678,25,,,,,
0.08588896691799164,679,25,,,,,
0.08310360461473465,680,25,,,,,
0.08227954804897308,681,25,,,,,
0.07439481467008591,682,25,,,,,
0.053063176572322845,683,25,,,,,
0.07995793223381042,684,25,,,,,
0.07578063011169434,685,25,,,,,
0.08414328843355179,686,25,,,,,
0.10280268639326096,687,25,,,,,
0.132277712225914,688,25,,,,,
0.05648406222462654,689,25,,,,,
0.11236108094453812,690,25,,,,,
0.06570428609848022,691,25,,,,,
0.06656861305236816,692,25,,,,,
0.06377823650836945,693,25,,,,,
0.09675434231758118,694,25,,,,,
0.07978150993585587,695,25,,,,,
0.08750125765800476,696,25,,,,,
0.07869356870651245,697,25,,,,,
0.043064817786216736,698,25,,,,,
0.09018266201019287,699,25,,,,,
0.11169537156820297,700,25,,,,,
0.08276748657226562,701,25,,,,,
,100,,0.047945573925971985,,,,
,101,,0.05188627541065216,,,,
,102,,0.041903916746377945,,,,
,103,,0.009780701249837875,,,,
,701,25,,0.043082527816295624,,,
,701,25,,,0.7708333134651184,0.625,0.07974646985530853
0.09646718204021454,702,26,,,,,
0.059889987111091614,703,26,,,,,
0.09735992550849915,704,26,,,,,
0.053270939737558365,705,26,,,,,
0.07982709258794785,706,26,,,,,
0.044865839183330536,707,26,,,,,
0.07339542359113693,708,26,,,,,
0.09290047734975815,709,26,,,,,
0.060508064925670624,710,26,,,,,
0.09004472196102142,711,26,,,,,
0.06629547476768494,712,26,,,,,
0.07721424847841263,713,26,,,,,
0.0923495665192604,714,26,,,,,
0.04004936292767525,715,26,,,,,
0.09021688252687454,716,26,,,,,
0.06599275767803192,717,26,,,,,
0.059785645455121994,718,26,,,,,
0.07036931812763214,719,26,,,,,
0.07698274403810501,720,26,,,,,
0.08527666330337524,721,26,,,,,
0.0779150053858757,722,26,,,,,
0.08288006484508514,723,26,,,,,
0.09227976202964783,724,26,,,,,
0.05824749544262886,725,26,,,,,
0.07960209995508194,726,26,,,,,
0.05415892228484154,727,26,,,,,
0.08444502204656601,728,26,,,,,
,104,,0.04418856278061867,,,,
,105,,0.0497780404984951,,,,
,106,,0.03960707411170006,,,,
,107,,0.00823840033262968,,,,
,728,26,,0.040492765605449677,,,
,728,26,,,0.7638888955116272,0.631944477558136,0.07407399266958237
0.06774554401636124,729,27,,,,,
0.07452347129583359,730,27,,,,,
0.0739029198884964,731,27,,,,,
0.0851127952337265,732,27,,,,,
0.058866050094366074,733,27,,,,,
0.07029016315937042,734,27,,,,,
0.05595610290765762,735,27,,,,,
0.0969337448477745,736,27,,,,,
0.11051294952630997,737,27,,,,,
0.10516107827425003,738,27,,,,,
0.09188005328178406,739,27,,,,,
0.08761043101549149,740,27,,,,,
0.06924325972795486,741,27,,,,,
0.06179067865014076,742,27,,,,,
0.05459943413734436,743,27,,,,,
0.058525700122117996,744,27,,,,,
0.08658947050571442,745,27,,,,,
0.12945878505706787,746,27,,,,,
0.08234868943691254,747,27,,,,,
0.08487405627965927,748,27,,,,,
0.07394412159919739,749,27,,,,,
0.11296023428440094,750,27,,,,,
0.06231068819761276,751,27,,,,,
0.03340046480298042,752,27,,,,,
0.07338836789131165,753,27,,,,,
0.08776584267616272,754,27,,,,,
0.045515842735767365,755,27,,,,,
,108,,0.039194896817207336,,,,
,109,,0.04846859723329544,,,,
,110,,0.03582720085978508,,,,
,111,,0.008242993615567684,,,,
,755,27,,0.03750572353601456,,,
,755,27,,,0.78125,0.7291666865348816,0.07790026068687439
0.047645945101976395,756,28,,,,,
0.10674770176410675,757,28,,,,,
0.13846226036548615,758,28,,,,,
0.06285558640956879,759,28,,,,,
0.07349050790071487,760,28,,,,,
0.10371683537960052,761,28,,,,,
0.04801209643483162,762,28,,,,,
0.044965047389268875,763,28,,,,,
0.09626360982656479,764,28,,,,,
0.0819934755563736,765,28,,,,,
0.06064442917704582,766,28,,,,,
0.06215934827923775,767,28,,,,,
0.1385391354560852,768,28,,,,,
0.05889520049095154,769,28,,,,,
0.06438951194286346,770,28,,,,,
0.05173121765255928,771,28,,,,,
0.057196468114852905,772,28,,,,,
0.045184426009655,773,28,,,,,
0.08868185430765152,774,28,,,,,
0.0757063776254654,775,28,,,,,
0.05952909216284752,776,28,,,,,
0.04939091205596924,777,28,,,,,
0.07889257371425629,778,28,,,,,
0.08032925426959991,779,28,,,,,
0.0532773993909359,780,28,,,,,
0.06503496319055557,781,28,,,,,
0.07444022595882416,782,28,,,,,
,112,,0.04515086114406586,,,,
,113,,0.04701286181807518,,,,
,114,,0.038176529109478,,,,
,115,,0.006394865922629833,,,,
,782,28,,0.039329878985881805,,,
,782,28,,,0.7534722089767456,0.663194477558136,0.07288095355033875
0.0998101606965065,783,29,,,,,
0.047353602945804596,784,29,,,,,
0.04809753969311714,785,29,,,,,
0.05671703815460205,786,29,,,,,
0.09247253835201263,787,29,,,,,
0.08787998557090759,788,29,,,,,
0.03482680022716522,789,29,,,,,
0.04532834142446518,790,29,,,,,
0.08563409745693207,791,29,,,,,
0.06457802653312683,792,29,,,,,
0.05132664740085602,793,29,,,,,
0.0725170448422432,794,29,,,,,
0.1400286853313446,795,29,,,,,
0.05467747151851654,796,29,,,,,
0.11052757501602173,797,29,,,,,
0.07375849038362503,798,29,,,,,
0.04063750430941582,799,29,,,,,
0.07019741833209991,800,29,,,,,
0.04447237029671669,801,29,,,,,
0.06286618113517761,802,29,,,,,
0.0767047256231308,803,29,,,,,
0.0659494623541832,804,29,,,,,
0.06568659096956253,805,29,,,,,
0.06905411928892136,806,29,,,,,
0.0818948894739151,807,29,,,,,
0.06877999752759933,808,29,,,,,
0.06569249927997589,809,29,,,,,
,116,,0.050285473465919495,,,,
,117,,0.046342071145772934,,,,
,118,,0.04082762077450752,,,,
,119,,0.006086180452257395,,,,
,809,29,,0.04140369966626167,,,
,809,29,,,0.7604166865348816,0.6423611044883728,0.0695718452334404
0.06067267060279846,810,30,,,,,
0.0668298676609993,811,30,,,,,
0.06297574192285538,812,30,,,,,
0.07826396822929382,813,30,,,,,
0.12084336578845978,814,30,,,,,
0.07920370250940323,815,30,,,,,
0.10287727415561676,816,30,,,,,
0.05911018326878548,817,30,,,,,
0.036613579839468,818,30,,,,,
0.03513026237487793,819,30,,,,,
0.10559210926294327,820,30,,,,,
0.04486909136176109,821,30,,,,,
0.04084722325205803,822,30,,,,,
0.04788585752248764,823,30,,,,,
0.07134386897087097,824,30,,,,,
0.07248326390981674,825,30,,,,,
0.07383987307548523,826,30,,,,,
0.07009854912757874,827,30,,,,,
0.05975101888179779,828,30,,,,,
0.08474883437156677,829,30,,,,,
0.05819091573357582,830,30,,,,,
0.05527855083346367,831,30,,,,,
0.04162558168172836,832,30,,,,,
0.06078596040606499,833,30,,,,,
0.056413684040308,834,30,,,,,
0.05575600638985634,835,30,,,,,
0.0443883091211319,836,30,,,,,
,120,,0.038523852825164795,,,,
,121,,0.04250604659318924,,,,
,122,,0.03509107977151871,,,,
,123,,0.004002316389232874,,,,
,836,30,,0.03485092148184776,,,
,836,30,,,0.8263888955116272,0.7048611044883728,0.06487185508012772
0.0431503988802433,837,31,,,,,
0.08344145119190216,838,31,,,,,
0.06402266770601273,839,31,,,,,
0.07533030211925507,840,31,,,,,
0.05901983007788658,841,31,,,,,
0.07655225694179535,842,31,,,,,
0.06725464761257172,843,31,,,,,
0.08134521543979645,844,31,,,,,
0.07149624079465866,845,31,,,,,
0.06022089719772339,846,31,,,,,
0.05842604860663414,847,31,,,,,
0.04827592521905899,848,31,,,,,
0.04608357697725296,849,31,,,,,
0.029037443920969963,850,31,,,,,
0.06195478513836861,851,31,,,,,
0.05753810331225395,852,31,,,,,
0.07940555363893509,853,31,,,,,
0.04995238408446312,854,31,,,,,
0.05471999943256378,855,31,,,,,
0.04376741498708725,856,31,,,,,
0.05073926970362663,857,31,,,,,
0.048187255859375,858,31,,,,,
0.059512119740247726,859,31,,,,,
0.04819812253117561,860,31,,,,,
0.060987524688243866,861,31,,,,,
0.04970473051071167,862,31,,,,,
0.0572841539978981,863,31,,,,,
,124,,0.0387163944542408,,,,
,125,,0.040743082761764526,,,,
,126,,0.031198300421237946,,,,
,127,,0.003469232004135847,,,,
,863,31,,0.033172961324453354,,,
,863,31,,,0.84375,0.7812500596046448,0.058739710599184036
0.08442120999097824,864,32,,,,,
0.03953730687499046,865,32,,,,,
0.08334954082965851,866,32,,,,,
0.058883924037218094,867,32,,,,,
0.06393779814243317,868,32,,,,,
0.025663085281848907,869,32,,,,,
0.05852022022008896,870,32,,,,,
0.051597051322460175,871,32,,,,,
0.03467383235692978,872,32,,,,,
0.07493633031845093,873,32,,,,,
0.10190875083208084,874,32,,,,,
0.07390635460615158,875,32,,,,,
0.05566447973251343,876,32,,,,,
0.05473493039608002,877,32,,,,,
0.053179968148469925,878,32,,,,,
0.07927114516496658,879,32,,,,,
0.04239998012781143,880,32,,,,,
0.049680083990097046,881,32,,,,,
0.05955599993467331,882,32,,,,,
0.03321367874741554,883,32,,,,,
0.059180036187171936,884,32,,,,,
0.05810166522860527,885,32,,,,,
0.049391187727451324,886,32,,,,,
0.04808786138892174,887,32,,,,,
0.045890022069215775,888,32,,,,,
0.07325237989425659,889,32,,,,,
0.10790959000587463,890,32,,,,,
,128,,0.0410454124212265,,,,
,129,,0.03979380801320076,,,,
,130,,0.02931176871061325,,,,
,131,,0.0039651296101510525,,,,
,890,32,,0.0330778993666172,,,
,890,32,,,0.8645833134651184,0.7916666865348816,0.059583961963653564
0.0247360747307539,891,33,,,,,
0.031572360545396805,892,33,,,,,
0.06924115866422653,893,33,,,,,
0.040848664939403534,894,33,,,,,
0.035035666078329086,895,33,,,,,
0.04514077305793762,896,33,,,,,
0.05761302635073662,897,33,,,,,
0.05194931849837303,898,33,,,,,
0.07956179976463318,899,33,,,,,
0.05574434623122215,900,33,,,,,
0.05103539302945137,901,33,,,,,
0.08330031484365463,902,33,,,,,
0.05325881391763687,903,33,,,,,
0.06195228174328804,904,33,,,,,
0.06790187209844589,905,33,,,,,
0.09308815002441406,906,33,,,,,
0.06011616811156273,907,33,,,,,
0.04003606736660004,908,33,,,,,
0.06210571527481079,909,33,,,,,
0.05201713368296623,910,33,,,,,
0.057463325560092926,911,33,,,,,
0.05744074657559395,912,33,,,,,
0.051613111048936844,913,33,,,,,
0.0337589755654335,914,33,,,,,
0.11322645843029022,915,33,,,,,
0.07360377162694931,916,33,,,,,
0.05038616061210632,917,33,,,,,
,132,,0.03508060798048973,,,,
,133,,0.03857862204313278,,,,
,134,,0.030410747975111008,,,,
,135,,0.004091468174010515,,,,
,917,33,,0.03129015490412712,,,
,917,33,,,0.8541666269302368,0.8020833134651184,0.05761312320828438
0.05688980594277382,918,34,,,,,
0.04920361563563347,919,34,,,,,
0.06228645145893097,920,34,,,,,
0.05454346537590027,921,34,,,,,
0.05727600306272507,922,34,,,,,
0.06663524359464645,923,34,,,,,
0.06945086270570755,924,34,,,,,
0.03607972711324692,925,34,,,,,
0.04028679057955742,926,34,,,,,
0.05539661645889282,927,34,,,,,
0.02865082025527954,928,34,,,,,
0.04397093504667282,929,34,,,,,
0.04769723489880562,930,34,,,,,
0.036765918135643005,931,34,,,,,
0.07829698175191879,932,34,,,,,
0.046323396265506744,933,34,,,,,
0.07778935879468918,934,34,,,,,
0.05627468228340149,935,34,,,,,
0.024326274171471596,936,34,,,,,
0.024960964918136597,937,34,,,,,
0.053470201790332794,938,34,,,,,
0.05884126201272011,939,34,,,,,
0.07399122416973114,940,34,,,,,
0.05487595871090889,941,34,,,,,
0.09540146589279175,942,34,,,,,
0.022022893652319908,943,34,,,,,
0.052190396934747696,944,34,,,,,
,136,,0.033635713160037994,,,,
,137,,0.03493167832493782,,,,
,138,,0.02322326973080635,,,,
,139,,0.002109900815412402,,,,
,944,34,,0.0274316668510437,,,
,944,34,,,0.8645833134651184,0.8020833730697632,0.05274209380149841
0.04249810054898262,945,35,,,,,
0.02124897576868534,946,35,,,,,
0.0592314787209034,947,35,,,,,
0.0856274738907814,948,35,,,,,
0.07459747046232224,949,35,,,,,
0.04069684073328972,950,35,,,,,
0.02839295193552971,951,35,,,,,
0.05497000366449356,952,35,,,,,
0.06656690686941147,953,35,,,,,
0.031468626111745834,954,35,,,,,
0.046445950865745544,955,35,,,,,
0.04982272535562515,956,35,,,,,
0.035761021077632904,957,35,,,,,
0.030256833881139755,958,35,,,,,
0.045786406844854355,959,35,,,,,
0.048446476459503174,960,35,,,,,
0.10145054757595062,961,35,,,,,
0.03252476826310158,962,35,,,,,
0.0349157340824604,963,35,,,,,
0.051864031702280045,964,35,,,,,
0.06528086215257645,965,35,,,,,
0.05705423280596733,966,35,,,,,
0.04918866604566574,967,35,,,,,
0.031319208443164825,968,35,,,,,
0.045791059732437134,969,35,,,,,
0.04587504640221596,970,35,,,,,
0.08837193250656128,971,35,,,,,
,140,,0.03947310522198677,,,,
,141,,0.035169877111911774,,,,
,142,,0.023997938260436058,,,,
,143,,0.008203388191759586,,,,
,971,35,,0.030138425529003143,,,
,971,35,,,0.8541666865348816,0.7916666865348816,0.050219111144542694
0.04038694128394127,972,36,,,,,
0.06410685181617737,973,36,,,,,
0.02547786943614483,974,36,,,,,
0.06289491802453995,975,36,,,,,
0.03801964968442917,976,36,,,,,
0.043295130133628845,977,36,,,,,
0.051119767129421234,978,36,,,,,
0.03139935061335564,979,36,,,,,
0.049606531858444214,980,36,,,,,
0.04558083042502403,981,36,,,,,
0.05244245380163193,982,36,,,,,
0.036091312766075134,983,36,,,,,
0.036890361458063126,984,36,,,,,
0.05991598963737488,985,36,,,,,
0.049863651394844055,986,36,,,,,
0.03275558352470398,987,36,,,,,
0.07635963708162308,988,36,,,,,
0.044183023273944855,989,36,,,,,
0.05347880348563194,990,36,,,,,
0.04633036628365517,991,36,,,,,
0.0723155289888382,992,36,,,,,
0.06751339882612228,993,36,,,,,
0.04095377400517464,994,36,,,,,
0.03998735174536705,995,36,,,,,
0.05498885363340378,996,36,,,,,
0.0369325689971447,997,36,,,,,
0.031737279146909714,998,36,,,,,
,144,,0.030771436169743538,,,,
,145,,0.0318862684071064,,,,
,146,,0.01869823969900608,,,,
,147,,0.0016670972108840942,,,,
,998,36,,0.024290697649121284,,,
,998,36,,,0.8958333134651184,0.8229166865348816,0.04772685840725899
0.04651006683707237,999,37,,,,,
0.06183891370892525,1000,37,,,,,
0.0642915591597557,1001,37,,,,,
0.045518260449171066,1002,37,,,,,
0.04471028968691826,1003,37,,,,,
0.044230952858924866,1004,37,,,,,
0.042881786823272705,1005,37,,,,,
0.023291483521461487,1006,37,,,,,
0.04088142141699791,1007,37,,,,,
0.02781890332698822,1008,37,,,,,
0.05614793673157692,1009,37,,,,,
0.05976935103535652,1010,37,,,,,
0.0345810241997242,1011,37,,,,,
0.0644761398434639,1012,37,,,,,
0.04138774424791336,1013,37,,,,,
0.03869560360908508,1014,37,,,,,
0.044876035302877426,1015,37,,,,,
0.02978006936609745,1016,37,,,,,
0.02283431962132454,1017,37,,,,,
0.045964565128088,1018,37,,,,,
0.0630517452955246,1019,37,,,,,
0.01745655946433544,1020,37,,,,,
0.053209561854600906,1021,37,,,,,
0.0700099989771843,1022,37,,,,,
0.03762931376695633,1023,37,,,,,
0.052416592836380005,1024,37,,,,,
0.05210358276963234,1025,37,,,,,
,148,,0.02729741297662258,,,,
,149,,0.031242039054632187,,,,
,150,,0.017102163285017014,,,,
,151,,0.0009040961740538478,,,,
,1025,37,,0.022512784227728844,,,
,1025,37,,,0.8229166865348816,0.8125,0.04535842686891556
0.04024740681052208,1026,38,,,,,
0.041984252631664276,1027,38,,,,,
0.036006856709718704,1028,38,,,,,
0.06063494458794594,1029,38,,,,,
0.038291238248348236,1030,38,,,,,
0.08840589970350266,1031,38,,,,,
0.020553093403577805,1032,38,,,,,
0.054548073559999466,1033,38,,,,,
0.04498549550771713,1034,38,,,,,
0.045785605907440186,1035,38,,,,,
0.029599010944366455,1036,38,,,,,
0.03558488190174103,1037,38,,,,,
0.06238700821995735,1038,38,,,,,
0.05560579523444176,1039,38,,,,,
0.04757781699299812,1040,38,,,,,
0.04203645512461662,1041,38,,,,,
0.028996046632528305,1042,38,,,,,
0.04148335009813309,1043,38,,,,,
0.03682966157793999,1044,38,,,,,
0.06320128589868546,1045,38,,,,,
0.032878097146749496,1046,38,,,,,
0.03059418871998787,1047,38,,,,,
0.014651982113718987,1048,38,,,,,
0.09070833027362823,1049,38,,,,,
0.053916506469249725,1050,38,,,,,
0.01653282716870308,1051,38,,,,,
0.06340092420578003,1052,38,,,,,
,152,,0.025802776217460632,,,,
,153,,0.02886570803821087,,,,
,154,,0.016202181577682495,,,,
,155,,0.0011166568147018552,,,,
,1052,38,,0.02112278901040554,,,
,1052,38,,,0.9583333134651184,0.8854166865348816,0.044918760657310486
0.04743144288659096,1053,39,,,,,
0.030588988214731216,1054,39,,,,,
0.04904891923069954,1055,39,,,,,
0.07448957860469818,1056,39,,,,,
0.05466672405600548,1057,39,,,,,
0.03638468310236931,1058,39,,,,,
0.04904017597436905,1059,39,,,,,
0.03739331662654877,1060,39,,,,,
0.04373615235090256,1061,39,,,,,
0.030478132888674736,1062,39,,,,,
0.044527098536491394,1063,39,,,,,
0.03199198842048645,1064,39,,,,,
0.054721176624298096,1065,39,,,,,
0.08187784254550934,1066,39,,,,,
0.06428336352109909,1067,39,,,,,
0.08392118662595749,1068,39,,,,,
0.02823285013437271,1069,39,,,,,
0.04510394111275673,1070,39,,,,,
0.032463300973176956,1071,39,,,,,
0.050213295966386795,1072,39,,,,,
0.0992121696472168,1073,39,,,,,
0.05331223085522652,1074,39,,,,,
0.038643643260002136,1075,39,,,,,
0.03748266026377678,1076,39,,,,,
0.07397857308387756,1077,39,,,,,
0.022116975858807564,1078,39,,,,,
0.037209391593933105,1079,39,,,,,
,156,,0.024976326152682304,,,,
,157,,0.030238201841711998,,,,
,158,,0.014515187591314316,,,,
,159,,0.0012521195458248258,,,,
,1079,39,,0.020799780264496803,,,
,1079,39,,,0.9409722089767456,0.8888888955116272,0.04946719482541084
0.04104826599359512,1080,40,,,,,
0.06727760285139084,1081,40,,,,,
0.04942702129483223,1082,40,,,,,
0.03367307037115097,1083,40,,,,,
0.03979778289794922,1084,40,,,,,
0.07505996525287628,1085,40,,,,,
0.050418052822351456,1086,40,,,,,
0.03401600196957588,1087,40,,,,,
0.030002759769558907,1088,40,,,,,
0.030509723350405693,1089,40,,,,,
0.04328557848930359,1090,40,,,,,
0.04471893608570099,1091,40,,,,,
0.05483543127775192,1092,40,,,,,
0.0241589043289423,1093,40,,,,,
0.04321267828345299,1094,40,,,,,
0.07444322854280472,1095,40,,,,,
0.03994143009185791,1096,40,,,,,
0.050493791699409485,1097,40,,,,,
0.039966464042663574,1098,40,,,,,
0.061345867812633514,1099,40,,,,,
0.028220128268003464,1100,40,,,,,
0.04474377632141113,1101,40,,,,,
0.025757545605301857,1102,40,,,,,
0.03628973662853241,1103,40,,,,,
0.048146381974220276,1104,40,,,,,
0.026237113401293755,1105,40,,,,,
0.036109551787376404,1106,40,,,,,
,160,,0.023793373256921768,,,,
,161,,0.02691185474395752,,,,
,162,,0.013592487201094627,,,,
,163,,0.0011480841785669327,,,,
,1106,40,,0.019178738817572594,,,
,1106,40,,,0.9270833730697632,0.90625,0.04351810738444328
0.06316934525966644,1107,41,,,,,
0.035753555595874786,1108,41,,,,,
0.02024156227707863,1109,41,,,,,
0.046009406447410583,1110,41,,,,,
0.02018301747739315,1111,41,,,,,
0.028099579736590385,1112,41,,,,,
0.03750871866941452,1113,41,,,,,
0.07167205959558487,1114,41,,,,,
0.025583013892173767,1115,41,,,,,
0.020411847159266472,1116,41,,,,,
0.046541355550289154,1117,41,,,,,
0.041927553713321686,1118,41,,,,,
0.023105526342988014,1119,41,,,,,
0.01540925819426775,1120,41,,,,,
0.03683187812566757,1121,41,,,,,
0.04478186368942261,1122,41,,,,,
0.020070884376764297,1123,41,,,,,
0.04444299638271332,1124,41,,,,,
0.03955623507499695,1125,41,,,,,
0.03441287949681282,1126,41,,,,,
0.06394840031862259,1127,41,,,,,
0.042386461049318314,1128,41,,,,,
0.04834556207060814,1129,41,,,,,
0.02526438795030117,1130,41,,,,,
0.0473649688065052,1131,41,,,,,
0.04978363588452339,1132,41,,,,,
0.01495439000427723,1133,41,,,,,
,164,,0.022265668958425522,,,,
,165,,0.02915484830737114,,,,
,166,,0.014728414826095104,,,,
,167,,0.0004926497931592166,,,,
,1133,41,,0.019654421135783195,,,
,1133,41,,,0.8993055820465088,0.8888888955116272,0.03753352537751198
0.023797128349542618,1134,42,,,,,
0.06800198554992676,1135,42,,,,,
0.028664054349064827,1136,42,,,,,
0.029372045770287514,1137,42,,,,,
0.029356960207223892,1138,42,,,,,
0.03785129263997078,1139,42,,,,,
0.03558582812547684,1140,42,,,,,
0.04813899099826813,1141,42,,,,,
0.07074189931154251,1142,42,,,,,
0.030081968754529953,1143,42,,,,,
0.03132844343781471,1144,42,,,,,
0.02401006780564785,1145,42,,,,,
0.024523945525288582,1146,42,,,,,
0.05722653865814209,1147,42,,,,,
0.02295001782476902,1148,42,,,,,
0.04739978164434433,1149,42,,,,,
0.05622450262308121,1150,42,,,,,
0.024350224062800407,1151,42,,,,,
0.07130096107721329,1152,42,,,,,
0.031014496460556984,1153,42,,,,,
0.03862003609538078,1154,42,,,,,
0.034869253635406494,1155,42,,,,,
0.03861977159976959,1156,42,,,,,
0.03365848585963249,1157,42,,,,,
0.05092257633805275,1158,42,,,,,
0.05186210945248604,1159,42,,,,,
0.041658781468868256,1160,42,,,,,
,168,,0.019178245216608047,,,,
,169,,0.028745684772729874,,,,
,170,,0.013149256817996502,,,,
,171,,0.00043262323015369475,,,,
,1160,42,,0.018143828958272934,,,
,1160,42,,,0.96875,0.888888955116272,0.04006420075893402
0.021710844710469246,1161,43,,,,,
0.05047166347503662,1162,43,,,,,
0.029065830633044243,1163,43,,,,,
0.0591927170753479,1164,43,,,,,
0.0435798354446888,1165,43,,,,,
0.015604502521455288,1166,43,,,,,
0.0429016575217247,1167,43,,,,,
0.047409217804670334,1168,43,,,,,
0.06269457191228867,1169,43,,,,,
0.02538841962814331,1170,43,,,,,
0.026262836530804634,1171,43,,,,,
0.060993414372205734,1172,43,,,,,
0.03687601536512375,1173,43,,,,,
0.06624958664178848,1174,43,,,,,
0.0203733891248703,1175,43,,,,,
0.02077215537428856,1176,43,,,,,
0.04449683055281639,1177,43,,,,,
0.03507799655199051,1178,43,,,,,
0.019607145339250565,1179,43,,,,,
0.03783303126692772,1180,43,,,,,
0.05086459591984749,1181,43,,,,,
0.04319807142019272,1182,43,,,,,
0.03766113519668579,1183,43,,,,,
0.04892844334244728,1184,43,,,,,
0.05358778312802315,1185,43,,,,,
0.01925027370452881,1186,43,,,,,
0.035346101969480515,1187,43,,,,,
,172,,0.01988251507282257,,,,
,173,,0.02868812158703804,,,,
,174,,0.010034514591097832,,,,
,175,,0.00034525064984336495,,,,
,1187,43,,0.017402850091457367,,,
,1187,43,,,0.9895833730697632,0.9166666865348816,0.039123792201280594
0.050876762717962265,1188,44,,,,,
0.01954309269785881,1189,44,,,,,
0.04744623973965645,1190,44,,,,,
0.03685738146305084,1191,44,,,,,
0.018224067986011505,1192,44,,,,,
0.01368686556816101,1193,44,,,,,
0.037627387791872025,1194,44,,,,,
0.05146235600113869,1195,44,,,,,
0.02391161397099495,1196,44,,,,,
0.04881137236952782,1197,44,,,,,
0.04029502347111702,1198,44,,,,,
0.032946839928627014,1199,44,,,,,
0.05233187600970268,1200,44,,,,,
0.02137245237827301,1201,44,,,,,
0.02227955497801304,1202,44,,,,,
0.023758241906762123,1203,44,,,,,
0.028330279514193535,1204,44,,,,,
0.05165749788284302,1205,44,,,,,
0.029987240210175514,1206,44,,,,,
0.05502311512827873,1207,44,,,,,
0.029871731996536255,1208,44,,,,,
0.0437207892537117,1209,44,,,,,
0.04662216827273369,1210,44,,,,,
0.03821602836251259,1211,44,,,,,
0.04714919999241829,1212,44,,,,,
0.048991456627845764,1213,44,,,,,
0.03379456326365471,1214,44,,,,,
,176,,0.018493305891752243,,,,
,177,,0.029565976932644844,,,,
,178,,0.012636241503059864,,,,
,179,,0.0024526575580239296,,,,
,1214,44,,0.018256377428770065,,,
,1214,44,,,0.9583333730697632,0.9270833730697632,0.03687276691198349
0.040135543793439865,1215,45,,,,,
0.032061077654361725,1216,45,,,,,
0.05341554805636406,1217,45,,,,,
0.029102390632033348,1218,45,,,,,
0.05774553120136261,1219,45,,,,,
0.031244853511452675,1220,45,,,,,
0.025128072127699852,1221,45,,,,,
0.020336946472525597,1222,45,,,,,
0.03241899982094765,1223,45,,,,,
0.035775721073150635,1224,45,,,,,
0.03319793567061424,1225,45,,,,,
0.018914632499217987,1226,45,,,,,
0.034550610929727554,1227,45,,,,,
0.0633743405342102,1228,45,,,,,
0.017012877389788628,1229,45,,,,,
0.04242606461048126,1230,45,,,,,
0.024341866374015808,1231,45,,,,,
0.01815229468047619,1232,45,,,,,
0.018785012885928154,1233,45,,,,,
0.022507013753056526,1234,45,,,,,
0.039305612444877625,1235,45,,,,,
0.03362174332141876,1236,45,,,,,
0.022689910605549812,1237,45,,,,,
0.03397781401872635,1238,45,,,,,
0.05631871148943901,1239,45,,,,,
0.03266853094100952,1240,45,,,,,
0.02521173469722271,1241,45,,,,,
,180,,0.01757967472076416,,,,
,181,,0.028460660949349403,,,,
,182,,0.010056252591311932,,,,
,183,,0.0002268710668431595,,,,
,1241,45,,0.01664641872048378,,,
,1241,45,,,1.0,0.9270833730697632,0.033200688660144806
0.014297939836978912,1242,46,,,,,
0.024816913530230522,1243,46,,,,,
0.042148690670728683,1244,46,,,,,
0.022932186722755432,1245,46,,,,,
0.042135268449783325,1246,46,,,,,
0.07943601161241531,1247,46,,,,,
0.03797724097967148,1248,46,,,,,
0.034666724503040314,1249,46,,,,,
0.03276320919394493,1250,46,,,,,
0.04385792464017868,1251,46,,,,,
0.029889848083257675,1252,46,,,,,
0.0340590626001358,1253,46,,,,,
0.027871454134583473,1254,46,,,,,
0.031925760209560394,1255,46,,,,,
0.0499311238527298,1256,46,,,,,
0.023296797648072243,1257,46,,,,,
0.0577671155333519,1258,46,,,,,
0.019840609282255173,1259,46,,,,,
0.026015307754278183,1260,46,,,,,
0.05339851975440979,1261,46,,,,,
0.031602032482624054,1262,46,,,,,
0.03472205623984337,1263,46,,,,,
0.029516465961933136,1264,46,,,,,
0.022177118808031082,1265,46,,,,,
0.03013424575328827,1266,46,,,,,
0.03112015873193741,1267,46,,,,,
0.014034784398972988,1268,46,,,,,
,184,,0.018508734181523323,,,,
,185,,0.027999397367239,,,,
,186,,0.011071120388805866,,,,
,187,,0.0006660499493591487,,,,
,1268,46,,0.017134524881839752,,,
,1268,46,,,1.0,0.9270833730697632,0.03434862941503525
0.033671390265226364,1269,47,,,,,
0.03690289705991745,1270,47,,,,,
0.017822474241256714,1271,47,,,,,
0.030979717150330544,1272,47,,,,,
0.04416115954518318,1273,47,,,,,
0.01082535833120346,1274,47,,,,,
0.037035275250673294,1275,47,,,,,
0.01610235869884491,1276,47,,,,,
0.04220881685614586,1277,47,,,,,
0.018178267404437065,1278,47,,,,,
0.04181681573390961,1279,47,,,,,
0.08894085139036179,1280,47,,,,,
0.03682958334684372,1281,47,,,,,
0.01822328381240368,1282,47,,,,,
0.06765685975551605,1283,47,,,,,
0.014127066358923912,1284,47,,,,,
0.05139615759253502,1285,47,,,,,
0.049469925463199615,1286,47,,,,,
0.03243439644575119,1287,47,,,,,
0.02831576019525528,1288,47,,,,,
0.022046353667974472,1289,47,,,,,
0.012841569259762764,1290,47,,,,,
0.027583345770835876,1291,47,,,,,
0.02314634621143341,1292,47,,,,,
0.02574668452143669,1293,47,,,,,
0.028873253613710403,1294,47,,,,,
0.01068063173443079,1295,47,,,,,
,188,,0.016779445111751556,,,,
,189,,0.025838077068328857,,,,
,190,,0.011297933757305145,,,,
,191,,0.00011446853750385344,,,,
,1295,47,,0.015987668186426163,,,
,1295,47,,,0.9895833730697632,0.9270833730697632,0.032349396497011185
0.02024182118475437,1296,48,,,,,
0.017749100923538208,1297,48,,,,,
0.030382486060261726,1298,48,,,,,
0.008917240425944328,1299,48,,,,,
0.015570278279483318,1300,48,,,,,
0.057821210473775864,1301,48,,,,,
0.036130718886852264,1302,48,,,,,
0.023306457325816154,1303,48,,,,,
0.023179473355412483,1304,48,,,,,
0.03157681226730347,1305,48,,,,,
0.015324612148106098,1306,48,,,,,
0.013055187650024891,1307,48,,,,,
0.031097371131181717,1308,48,,,,,
0.03184407949447632,1309,48,,,,,
0.033490147441625595,1310,48,,,,,
0.03843619301915169,1311,48,,,,,
0.01607983186841011,1312,48,,,,,
0.030537210404872894,1313,48,,,,,
0.050281818956136703,1314,48,,,,,
0.029741711914539337,1315,48,,,,,
0.09830474853515625,1316,48,,,,,
0.03630736842751503,1317,48,,,,,
0.03087725304067135,1318,48,,,,,
0.00926978886127472,1319,48,,,,,
0.02428661286830902,1320,48,,,,,
0.026459086686372757,1321,48,,,,,
0.019068144261837006,1322,48,,,,,
,192,,0.016378043219447136,,,,
,193,,0.021414844319224358,,,,
,194,,0.010446498170495033,,,,
,195,,6.387628673110157e-05,,,,
,1322,48,,0.014300248585641384,,,
,1322,48,,,1.0,0.9166666865348816,0.029703538864850998
0.014672510325908661,1323,49,,,,,
0.022650040686130524,1324,49,,,,,
0.03471003845334053,1325,49,,,,,
0.03727808967232704,1326,49,,,,,
0.0058118258602917194,1327,49,,,,,
0.04056390002369881,1328,49,,,,,
0.025967242196202278,1329,49,,,,,
0.01987808756530285,1330,49,,,,,
0.03470689430832863,1331,49,,,,,
0.043137628585100174,1332,49,,,,,
0.028467457741498947,1333,49,,,,,
0.02080519124865532,1334,49,,,,,
0.010837588459253311,1335,49,,,,,
0.038015324622392654,1336,49,,,,,
0.038210950791835785,1337,49,,,,,
0.020053114742040634,1338,49,,,,,
0.008808907121419907,1339,49,,,,,
0.015144656412303448,1340,49,,,,,
0.023097924888134003,1341,49,,,,,
0.043259695172309875,1342,49,,,,,
0.03553934022784233,1343,49,,,,,
0.038091495633125305,1344,49,,,,,
0.038081828504800797,1345,49,,,,,
0.03430210053920746,1346,49,,,,,
0.04799554869532585,1347,49,,,,,
0.037610337138175964,1348,49,,,,,
0.021652501076459885,1349,49,,,,,
,196,,0.01513699535280466,,,,
,197,,0.02265227399766445,,,,
,198,,0.010255223140120506,,,,
,199,,0.0004146335704717785,,,,
,1349,49,,0.01428147591650486,,,
,1349,49,,,0.9895833730697632,0.9270833730697632,0.028932228684425354
0.0397786945104599,1350,50,,,,,
0.010421421378850937,1351,50,,,,,
0.04755566641688347,1352,50,,,,,
0.008973764255642891,1353,50,,,,,
0.01691998355090618,1354,50,,,,,
0.027945565059781075,1355,50,,,,,
0.014882010407745838,1356,50,,,,,
0.016891393810510635,1357,50,,,,,
0.032519955188035965,1358,50,,,,,
0.04454035684466362,1359,50,,,,,
0.014546394348144531,1360,50,,,,,
0.054258279502391815,1361,50,,,,,
0.049311332404613495,1362,50,,,,,
0.04561249166727066,1363,50,,,,,
0.034870367497205734,1364,50,,,,,
0.03372852876782417,1365,50,,,,,
0.04191182553768158,1366,50,,,,,
0.011980412527918816,1367,50,,,,,
0.025928303599357605,1368,50,,,,,
0.03570861741900444,1369,50,,,,,
0.018891453742980957,1370,50,,,,,
0.02844374254345894,1371,50,,,,,
0.020824624225497246,1372,50,,,,,
0.03560119494795799,1373,50,,,,,
0.022713230922818184,1374,50,,,,,
0.03457045555114746,1375,50,,,,,
0.009445643052458763,1376,50,,,,,
,200,,0.01792612299323082,,,,
,201,,0.027751939371228218,,,,
,202,,0.013033393770456314,,,,
,203,,9.886893531074747e-05,,,,
,1376,50,,0.017406972125172615,,,
,1376,50,,,0.9791667461395264,0.9270833730697632,0.02902483567595482
0.03594186529517174,1377,51,,,,,
0.047392066568136215,1378,51,,,,,
0.011253834702074528,1379,51,,,,,
0.018684132024645805,1380,51,,,,,
0.024027789011597633,1381,51,,,,,
0.005544337444007397,1382,51,,,,,
0.03906887397170067,1383,51,,,,,
0.026573315262794495,1384,51,,,,,
0.015308547765016556,1385,51,,,,,
0.021617399528622627,1386,51,,,,,
0.02545694075524807,1387,51,,,,,
0.033415742218494415,1388,51,,,,,
0.049597758799791336,1389,51,,,,,
0.028049925342202187,1390,51,,,,,
0.02421984262764454,1391,51,,,,,
0.03149212524294853,1392,51,,,,,
0.02369706518948078,1393,51,,,,,
0.03262470290064812,1394,51,,,,,
0.012576238252222538,1395,51,,,,,
0.03015070967376232,1396,51,,,,,
0.02068483456969261,1397,51,,,,,
0.034723129123449326,1398,51,,,,,
0.015391789376735687,1399,51,,,,,
0.02914879098534584,1400,51,,,,,
0.06402283906936646,1401,51,,,,,
0.04862367734313011,1402,51,,,,,
0.024981968104839325,1403,51,,,,,
,204,,0.02014319971203804,,,,
,205,,0.020393719896674156,,,,
,206,,0.010822387412190437,,,,
,207,,4.794543201569468e-05,,,,
,1403,51,,0.015222899615764618,,,
,1403,51,,,0.9895833730697632,0.9270833730697632,0.02871120348572731
0.03242308646440506,1404,52,,,,,
0.04839455336332321,1405,52,,,,,
0.015445379540324211,1406,52,,,,,
0.02155827358365059,1407,52,,,,,
0.0246550515294075,1408,52,,,,,
0.01652783714234829,1409,52,,,,,
0.023817874491214752,1410,52,,,,,
0.0408615916967392,1411,52,,,,,
0.01635763607919216,1412,52,,,,,
0.040366336703300476,1413,52,,,,,
0.01628364436328411,1414,52,,,,,
0.0416782908141613,1415,52,,,,,
0.033295441418886185,1416,52,,,,,
0.026891103014349937,1417,52,,,,,
0.02766699157655239,1418,52,,,,,
0.02417631633579731,1419,52,,,,,
0.020625963807106018,1420,52,,,,,
0.04691158980131149,1421,52,,,,,
0.017320480197668076,1422,52,,,,,
0.01472996361553669,1423,52,,,,,
0.018497025594115257,1424,52,,,,,
0.018384497612714767,1425,52,,,,,
0.055244605988264084,1426,52,,,,,
0.019929414615035057,1427,52,,,,,
0.01231631264090538,1428,52,,,,,
0.04236083850264549,1429,52,,,,,
0.02928696759045124,1430,52,,,,,
,208,,0.01822660118341446,,,,
,209,,0.021797873079776764,,,,
,210,,0.009938305243849754,,,,
,211,,0.0010152545291930437,,,,
,1430,52,,0.01491659227758646,,,
,1430,52,,,0.9791667461395264,0.9270833730697632,0.027614403516054153
0.025087369605898857,1431,53,,,,,
0.025123752653598785,1432,53,,,,,
0.026773877441883087,1433,53,,,,,
0.012940190732479095,1434,53,,,,,
0.03424782678484917,1435,53,,,,,
0.009388298727571964,1436,53,,,,,
0.03275414928793907,1437,53,,,,,
0.01982279121875763,1438,53,,,,,
0.037402115762233734,1439,53,,,,,
0.01559655461460352,1440,53,,,,,
0.037589579820632935,1441,53,,,,,
0.031195854768157005,1442,53,,,,,
0.008529715240001678,1443,53,,,,,
0.04180726781487465,1444,53,,,,,
0.028547421097755432,1445,53,,,,,
0.031226277351379395,1446,53,,,,,
0.02082476019859314,1447,53,,,,,
0.03322118520736694,1448,53,,,,,
0.03275280445814133,1449,53,,,,,
0.01931804046034813,1450,53,,,,,
0.05924235284328461,1451,53,,,,,
0.014088369905948639,1452,53,,,,,
0.011495520360767841,1453,53,,,,,
0.03164725378155708,1454,53,,,,,
0.0168246328830719,1455,53,,,,,
0.007272070739418268,1456,53,,,,,
0.03485395014286041,1457,53,,,,,
,212,,0.018093125894665718,,,,
,213,,0.027691572904586792,,,,
,214,,0.00922933779656887,,,,
,215,,3.199708226020448e-05,,,,
,1457,53,,0.016304010525345802,,,
,1457,53,,,0.9791667461395264,0.9270833730697632,0.025826560333371162
0.03051595203578472,1458,54,,,,,
0.03804011642932892,1459,54,,,,,
0.06840311735868454,1460,54,,,,,
0.016525177285075188,1461,54,,,,,
0.04294385761022568,1462,54,,,,,
0.03185682371258736,1463,54,,,,,
0.022249897941946983,1464,54,,,,,
0.015550742857158184,1465,54,,,,,
0.011907006613910198,1466,54,,,,,
0.015108971856534481,1467,54,,,,,
0.01652827486395836,1468,54,,,,,
0.02222716063261032,1469,54,,,,,
0.020082887262105942,1470,54,,,,,
0.02534506469964981,1471,54,,,,,
0.02935102768242359,1472,54,,,,,
0.021257434040308,1473,54,,,,,
0.019089149311184883,1474,54,,,,,
0.02121402882039547,1475,54,,,,,
0.01585363782942295,1476,54,,,,,
0.030147859826683998,1477,54,,,,,
0.018724078312516212,1478,54,,,,,
0.052643757313489914,1479,54,,,,,
0.032500360161066055,1480,54,,,,,
0.03048493154346943,1481,54,,,,,
0.017794517800211906,1482,54,,,,,
0.040021467953920364,1483,54,,,,,
0.053534869104623795,1484,54,,,,,
,216,,0.014411595650017262,,,,
,217,,0.02537902258336544,,,,
,218,,0.010468984954059124,,,,
,219,,2.9704715416301042e-05,,,,
,1484,54,,0.014895034022629261,,,
,1484,54,,,1.0,0.9270833730697632,0.0279072318226099
0.024019382894039154,1485,55,,,,,
0.004589633550494909,1486,55,,,,,
0.03183116018772125,1487,55,,,,,
0.03598346561193466,1488,55,,,,,
0.022766215726733208,1489,55,,,,,
0.03268084302544594,1490,55,,,,,
0.019701417535543442,1491,55,,,,,
0.004118111450225115,1492,55,,,,,
0.03154053911566734,1493,55,,,,,
0.026390597224235535,1494,55,,,,,
0.02672429010272026,1495,55,,,,,
0.0324871651828289,1496,55,,,,,
0.02781243808567524,1497,55,,,,,
0.009111964143812656,1498,55,,,,,
0.030565932393074036,1499,55,,,,,
0.02950219064950943,1500,55,,,,,
0.019314851611852646,1501,55,,,,,
0.029962977394461632,1502,55,,,,,
0.019186956807971,1503,55,,,,,
0.02013438008725643,1504,55,,,,,
0.037643421441316605,1505,55,,,,,
0.021453455090522766,1506,55,,,,,
0.03462068736553192,1507,55,,,,,
0.00686990562826395,1508,55,,,,,
0.03985343500971794,1509,55,,,,,
0.018286995589733124,1510,55,,,,,
0.013461857102811337,1511,55,,,,,
,220,,0.012935773469507694,,,,
,221,,0.02035595290362835,,,,
,222,,0.009300866164267063,,,,
,223,,1.367116692563286e-05,,,,
,1511,55,,0.012621546164155006,,,
,1511,55,,,1.0,0.9270833730697632,0.024196216836571693
0.03154432773590088,1512,56,,,,,
0.02313552051782608,1513,56,,,,,
0.008849998004734516,1514,56,,,,,
0.019856121391057968,1515,56,,,,,
0.028012137860059738,1516,56,,,,,
0.03826959431171417,1517,56,,,,,
0.015633130446076393,1518,56,,,,,
0.023008348420262337,1519,56,,,,,
0.013753032311797142,1520,56,,,,,
0.03317303955554962,1521,56,,,,,
0.012154625728726387,1522,56,,,,,
0.02980843558907509,1523,56,,,,,
0.03483716771006584,1524,56,,,,,
0.02613549865782261,1525,56,,,,,
0.016407307237386703,1526,56,,,,,
0.052565306425094604,1527,56,,,,,
0.008708256296813488,1528,56,,,,,
0.03078644908964634,1529,56,,,,,
0.015603906475007534,1530,56,,,,,
0.013280478306114674,1531,56,,,,,
0.034068625420331955,1532,56,,,,,
0.02972729504108429,1533,56,,,,,
0.028953345492482185,1534,56,,,,,
0.015048226341605186,1535,56,,,,,
0.03789466992020607,1536,56,,,,,
0.024409038946032524,1537,56,,,,,
0.0063346014358103275,1538,56,,,,,
,224,,0.015423528850078583,,,,
,225,,0.023761700838804245,,,,
,226,,0.008322345092892647,,,,
,227,,1.1527616152307019e-05,,,,
,1538,56,,0.014077599160373211,,,
,1538,56,,,1.0,0.9270833730697632,0.024313077330589294
0.025682827457785606,1539,57,,,,,
0.01853041537106037,1540,57,,,,,
0.042460791766643524,1541,57,,,,,
0.04301012307405472,1542,57,,,,,
0.019488973543047905,1543,57,,,,,
0.021901994943618774,1544,57,,,,,
0.0236287172883749,1545,57,,,,,
0.03496073558926582,1546,57,,,,,
0.023821979761123657,1547,57,,,,,
0.026656951755285263,1548,57,,,,,
0.02051163651049137,1549,57,,,,,
0.025794288143515587,1550,57,,,,,
0.03699559345841408,1551,57,,,,,
0.01848151534795761,1552,57,,,,,
0.015210743062198162,1553,57,,,,,
0.01974344812333584,1554,57,,,,,
0.045039016753435135,1555,57,,,,,
0.018123600631952286,1556,57,,,,,
0.012014790438115597,1557,57,,,,,
0.018807539716362953,1558,57,,,,,
0.025167131796479225,1559,57,,,,,
0.02523503266274929,1560,57,,,,,
0.041948352009058,1561,57,,,,,
0.028534576296806335,1562,57,,,,,
0.021136043593287468,1563,57,,,,,
0.014511422254145145,1564,57,,,,,
0.02149462327361107,1565,57,,,,,
,228,,0.017242779955267906,,,,
,229,,0.023323461413383484,,,,
,230,,0.008012652397155762,,,,
,231,,3.997895692009479e-05,,,,
,1565,57,,0.014398188330233097,,,
,1565,57,,,0.9895833730697632,0.9166666865348816,0.02555212192237377
0.03305739536881447,1566,58,,,,,
0.01417493261396885,1567,58,,,,,
0.025261880829930305,1568,58,,,,,
0.01684897392988205,1569,58,,,,,
0.049064964056015015,1570,58,,,,,
0.027033573016524315,1571,58,,,,,
0.025436028838157654,1572,58,,,,,
0.03470059856772423,1573,58,,,,,
0.027400638908147812,1574,58,,,,,
0.014424137771129608,1575,58,,,,,
0.025688158348202705,1576,58,,,,,
0.02502758987247944,1577,58,,,,,
0.03050743043422699,1578,58,,,,,
0.034531671553850174,1579,58,,,,,
0.012754900380969048,1580,58,,,,,
0.021495649591088295,1581,58,,,,,
0.022028960287570953,1582,58,,,,,
0.04915648326277733,1583,58,,,,,
0.01280432939529419,1584,58,,,,,
0.007077910006046295,1585,58,,,,,
0.017888909205794334,1586,58,,,,,
0.007489864248782396,1587,58,,,,,
0.03571057319641113,1588,58,,,,,
0.03036373108625412,1589,58,,,,,
0.02106492593884468,1590,58,,,,,
0.024395976215600967,1591,58,,,,,
0.024947669357061386,1592,58,,,,,
,232,,0.014111790806055069,,,,
,233,,0.019394496455788612,,,,
,234,,0.00796475075185299,,,,
,235,,2.5800578441703692e-05,,,,
,1592,58,,0.01229058112949133,,,
,1592,58,,,0.9895833730697632,0.9375,0.024826204404234886
0.009974927641451359,1593,59,,,,,
0.0341879241168499,1594,59,,,,,
0.02499493397772312,1595,59,,,,,
0.03645218908786774,1596,59,,,,,
0.028067713603377342,1597,59,,,,,
0.010644749738276005,1598,59,,,,,
0.0274003017693758,1599,59,,,,,
0.009226030670106411,1600,59,,,,,
0.004522991832345724,1601,59,,,,,
0.022400369867682457,1602,59,,,,,
0.027683544903993607,1603,59,,,,,
0.022806284949183464,1604,59,,,,,
0.017448680475354195,1605,59,,,,,
0.023961277678608894,1606,59,,,,,
0.020450079813599586,1607,59,,,,,
0.026037173345685005,1608,59,,,,,
0.023201262578368187,1609,59,,,,,
0.007509169168770313,1610,59,,,,,
0.014093278907239437,1611,59,,,,,
0.022817600518465042,1612,59,,,,,
0.025437219068408012,1613,59,,,,,
0.016546553000807762,1614,59,,,,,
0.007696972694247961,1615,59,,,,,
0.0626169741153717,1616,59,,,,,
0.029454736039042473,1617,59,,,,,
0.007445584051311016,1618,59,,,,,
0.0245959535241127,1619,59,,,,,
,236,,0.014196391217410564,,,,
,237,,0.02182951010763645,,,,
,238,,0.007513225544244051,,,,
,239,,3.951411781599745e-05,,,,
,1619,59,,0.012904872186481953,,,
,1619,59,,,1.0,0.9270833730697632,0.02173926867544651
0.01493602804839611,1620,60,,,,,
0.02784516103565693,1621,60,,,,,
0.015001973137259483,1622,60,,,,,
0.0422893650829792,1623,60,,,,,
0.01826009899377823,1624,60,,,,,
0.004272787366062403,1625,60,,,,,
0.023410195484757423,1626,60,,,,,
0.02367698773741722,1627,60,,,,,
0.020107347518205643,1628,60,,,,,
0.03353793919086456,1629,60,,,,,
0.019028713926672935,1630,60,,,,,
0.01727421022951603,1631,60,,,,,
0.00734438793733716,1632,60,,,,,
0.017029039561748505,1633,60,,,,,
0.02944285422563553,1634,60,,,,,
0.03580833226442337,1635,60,,,,,
0.016917765140533447,1636,60,,,,,
0.016270587220788002,1637,60,,,,,
0.02223251201212406,1638,60,,,,,
0.018155572935938835,1639,60,,,,,
0.019506050273776054,1640,60,,,,,
0.03833779692649841,1641,60,,,,,
0.008016441948711872,1642,60,,,,,
0.024818336591124535,1643,60,,,,,
0.03281204402446747,1644,60,,,,,
0.013974305242300034,1645,60,,,,,
0.02186698094010353,1646,60,,,,,
,240,,0.01468287967145443,,,,
,241,,0.01870822161436081,,,,
,242,,0.007611619774252176,,,,
,243,,4.370282476884313e-05,,,,
,1646,60,,0.012153809890151024,,,
,1646,60,,,0.9895833730697632,0.9270833730697632,0.02155914343893528
0.015559316612780094,1647,61,,,,,
0.02715245820581913,1648,61,,,,,
0.013369709253311157,1649,61,,,,,
0.005122023168951273,1650,61,,,,,
0.016140272840857506,1651,61,,,,,
0.03405626118183136,1652,61,,,,,
0.02718258649110794,1653,61,,,,,
0.03149837628006935,1654,61,,,,,
0.03501586988568306,1655,61,,,,,
0.048363201320171356,1656,61,,,,,
0.05365648493170738,1657,61,,,,,
0.045241985470056534,1658,61,,,,,
0.014397694729268551,1659,61,,,,,
0.007260954473167658,1660,61,,,,,
0.02097577229142189,1661,61,,,,,
0.017715701833367348,1662,61,,,,,
0.05146342143416405,1663,61,,,,,
0.03183544799685478,1664,61,,,,,
0.00923361536115408,1665,61,,,,,
0.04440245032310486,1666,61,,,,,
0.023331791162490845,1667,61,,,,,
0.02746088244020939,1668,61,,,,,
0.05386371538043022,1669,61,,,,,
0.016270142048597336,1670,61,,,,,
0.022408314049243927,1671,61,,,,,
0.05931488797068596,1672,61,,,,,
0.04984573274850845,1673,61,,,,,
,244,,0.013739971444010735,,,,
,245,,0.01963629573583603,,,,
,246,,0.007780198473483324,,,,
,247,,0.0001358985318802297,,,,
,1673,61,,0.012209608219563961,,,
,1673,61,,,1.0,0.9270833730697632,0.029520660638809204
0.012960528023540974,1674,62,,,,,
0.023177236318588257,1675,62,,,,,
0.014181796461343765,1676,62,,,,,
0.030071640387177467,1677,62,,,,,
0.020285742357373238,1678,62,,,,,
0.01958126574754715,1679,62,,,,,
0.034781746566295624,1680,62,,,,,
0.046200498938560486,1681,62,,,,,
0.01729259267449379,1682,62,,,,,
0.053548745810985565,1683,62,,,,,
0.024712521582841873,1684,62,,,,,
0.04096616432070732,1685,62,,,,,
0.01377161405980587,1686,62,,,,,
0.015224939212203026,1687,62,,,,,
0.01950683444738388,1688,62,,,,,
0.023654991760849953,1689,62,,,,,
0.023656440898776054,1690,62,,,,,
0.04184335470199585,1691,62,,,,,
0.02004181407392025,1692,62,,,,,
0.02833298221230507,1693,62,,,,,
0.008534603752195835,1694,62,,,,,
0.01616346463561058,1695,62,,,,,
0.03857786953449249,1696,62,,,,,
0.010415085591375828,1697,62,,,,,
0.0071428753435611725,1698,62,,,,,
0.03576160594820976,1699,62,,,,,
0.022600723430514336,1700,62,,,,,
,248,,0.015540718100965023,,,,
,249,,0.02346026338636875,,,,
,250,,0.009594983421266079,,,,
,251,,0.0003704623377416283,,,,
,1700,62,,0.014439965598285198,,,
,1700,62,,,1.0,0.9270833730697632,0.024573439732193947
0.035905368626117706,1701,63,,,,,
0.01597161777317524,1702,63,,,,,
0.013077093288302422,1703,63,,,,,
0.01645597629249096,1704,63,,,,,
0.032759375870227814,1705,63,,,,,
0.047303974628448486,1706,63,,,,,
0.012584141455590725,1707,63,,,,,
0.02321232110261917,1708,63,,,,,
0.03292251005768776,1709,63,,,,,
0.016293751075863838,1710,63,,,,,
0.04565730690956116,1711,63,,,,,
0.008796269074082375,1712,63,,,,,
0.02060491032898426,1713,63,,,,,
0.03051791712641716,1714,63,,,,,
0.0057939267717301846,1715,63,,,,,
0.008717621676623821,1716,63,,,,,
0.022109730169177055,1717,63,,,,,
0.018914395943284035,1718,63,,,,,
0.029569154605269432,1719,63,,,,,
0.02689136378467083,1720,63,,,,,
0.026897672563791275,1721,63,,,,,
0.015442443080246449,1722,63,,,,,
0.016106480732560158,1723,63,,,,,
0.023605015128850937,1724,63,,,,,
0.01193496584892273,1725,63,,,,,
0.008972414769232273,1726,63,,,,,
0.008952132426202297,1727,63,,,,,
,252,,0.016125377267599106,,,,
,253,,0.018617983907461166,,,,
,254,,0.0077679050154984,,,,
,255,,0.00018015078967437148,,,,
,1727,63,,0.012615947052836418,,,
,1727,63,,,1.0,0.9375,0.02144791930913925
0.020394593477249146,1728,64,,,,,
0.02323579415678978,1729,64,,,,,
0.008644289337098598,1730,64,,,,,
0.0274099949747324,1731,64,,,,,
0.013979880139231682,1732,64,,,,,
0.012966505251824856,1733,64,,,,,
0.006728736683726311,1734,64,,,,,
0.008529017679393291,1735,64,,,,,
0.02879386954009533,1736,64,,,,,
0.01200634054839611,1737,64,,,,,
0.036082811653614044,1738,64,,,,,
0.0234224833548069,1739,64,,,,,
0.017383454367518425,1740,64,,,,,
0.03093837760388851,1741,64,,,,,
0.008443217724561691,1742,64,,,,,
0.01677212305366993,1743,64,,,,,
0.03417227044701576,1744,64,,,,,
0.022485200315713882,1745,64,,,,,
0.009563269093632698,1746,64,,,,,
0.0035133755300194025,1747,64,,,,,
0.037565723061561584,1748,64,,,,,
0.023826535791158676,1749,64,,,,,
0.009988483972847462,1750,64,,,,,
0.03262845054268837,1751,64,,,,,
0.017153630033135414,1752,64,,,,,
0.02581161819398403,1753,64,,,,,
0.032551687210798264,1754,64,,,,,
,256,,0.013718055561184883,,,,
,257,,0.020413381978869438,,,,
,258,,0.008517778478562832,,,,
,259,,9.130374564847443e-06,,,,
,1754,64,,0.012637819163501263,,,
,1754,64,,,0.9895833730697632,0.9270833730697632,0.02006930112838745
0.012864354997873306,1755,65,,,,,
0.05121081694960594,1756,65,,,,,
0.01712760329246521,1757,65,,,,,
0.015019227750599384,1758,65,,,,,
0.017943892627954483,1759,65,,,,,
0.025925563648343086,1760,65,,,,,
0.02015863172709942,1761,65,,,,,
0.010922800749540329,1762,65,,,,,
0.008797886781394482,1763,65,,,,,
0.012217136099934578,1764,65,,,,,
0.033008478581905365,1765,65,,,,,
0.008279316127300262,1766,65,,,,,
0.02479243092238903,1767,65,,,,,
0.025227444246411324,1768,65,,,,,
0.01674763485789299,1769,65,,,,,
0.03632655739784241,1770,65,,,,,
0.005539497826248407,1771,65,,,,,
0.009029305540025234,1772,65,,,,,
0.03664471209049225,1773,65,,,,,
0.0106343450024724,1774,65,,,,,
0.0263699721544981,1775,65,,,,,
0.008893811143934727,1776,65,,,,,
0.03852498158812523,1777,65,,,,,
0.026279160752892494,1778,65,,,,,
0.037969864904880524,1779,65,,,,,
0.030546626076102257,1780,65,,,,,
0.030061382800340652,1781,65,,,,,
,260,,0.013694381341338158,,,,
,261,,0.020864425227046013,,,,
,262,,0.009441344067454338,,,,
,263,,0.0006564215291291475,,,,
,1781,65,,0.013110017403960228,,,
,1781,65,,,0.9895833730697632,0.9166666865348816,0.022039182484149933
0.01002155989408493,1782,66,,,,,
0.029787201434373856,1783,66,,,,,
0.028046729043126106,1784,66,,,,,
0.01188361831009388,1785,66,,,,,
0.006054289638996124,1786,66,,,,,
0.013207427226006985,1787,66,,,,,
0.02812032401561737,1788,66,,,,,
0.05064546316862106,1789,66,,,,,
0.005091097205877304,1790,66,,,,,
0.016885681077837944,1791,66,,,,,
0.007577433716505766,1792,66,,,,,
0.030645227059721947,1793,66,,,,,
0.031473834067583084,1794,66,,,,,
0.020854689180850983,1795,66,,,,,
0.03133302554488182,1796,66,,,,,
0.024752039462327957,1797,66,,,,,
0.0029230930376797915,1798,66,,,,,
0.007743829395622015,1799,66,,,,,
0.008189171552658081,1800,66,,,,,
0.011027118191123009,1801,66,,,,,
0.017727162688970566,1802,66,,,,,
0.03687949851155281,1803,66,,,,,
0.014763224869966507,1804,66,,,,,
0.03552388772368431,1805,66,,,,,
0.03071814775466919,1806,66,,,,,
0.0194571353495121,1807,66,,,,,
0.032628126442432404,1808,66,,,,,
,264,,0.012723950669169426,,,,
,265,,0.02320796623826027,,,,
,266,,0.009384751319885254,,,,
,267,,5.0245704187545925e-05,,,,
,1808,66,,0.013432744890451431,,,
,1808,66,,,0.9791666865348816,0.9270833730697632,0.020777681842446327
0.02080887369811535,1809,67,,,,,
0.023748574778437614,1810,67,,,,,
0.03627873957157135,1811,67,,,,,
0.02612706646323204,1812,67,,,,,
0.028681965544819832,1813,67,,,,,
0.029455773532390594,1814,67,,,,,
0.02753802388906479,1815,67,,,,,
0.020161503925919533,1816,67,,,,,
0.005277658347040415,1817,67,,,,,
0.02136005274951458,1818,67,,,,,
0.023989209905266762,1819,67,,,,,
0.02303590625524521,1820,67,,,,,
0.025075286626815796,1821,67,,,,,
0.0136170145124197,1822,67,,,,,
0.038782570511102676,1823,67,,,,,
0.019881585612893105,1824,67,,,,,
0.016551371663808823,1825,67,,,,,
0.011688693426549435,1826,67,,,,,
0.02280404604971409,1827,67,,,,,
0.006457312032580376,1828,67,,,,,
0.01260779146105051,1829,67,,,,,
0.011153302155435085,1830,67,,,,,
0.0302498247474432,1831,67,,,,,
0.01914150081574917,1832,67,,,,,
0.009681501425802708,1833,67,,,,,
0.017833730205893517,1834,67,,,,,
0.028143104165792465,1835,67,,,,,
,268,,0.012275388464331627,,,,
,269,,0.020144542679190636,,,,
,270,,0.00918996799737215,,,,
,271,,3.82878897653427e-05,,,,
,1835,67,,0.012333113700151443,,,
,1835,67,,,0.9895833730697632,0.9270833730697632,0.02105032652616501
0.02093113400042057,1836,68,,,,,
0.021512532606720924,1837,68,,,,,
0.009898683056235313,1838,68,,,,,
0.03268871083855629,1839,68,,,,,
0.017178796231746674,1840,68,,,,,
0.012910165823996067,1841,68,,,,,
0.01579255238175392,1842,68,,,,,
0.03988301381468773,1843,68,,,,,
0.02636297047138214,1844,68,,,,,
0.006937562488019466,1845,68,,,,,
0.02709317021071911,1846,68,,,,,
0.025626763701438904,1847,68,,,,,
0.02218642085790634,1848,68,,,,,
0.001578858937136829,1849,68,,,,,
0.011328133754432201,1850,68,,,,,
0.04139130562543869,1851,68,,,,,
0.026931045576930046,1852,68,,,,,
0.02602444775402546,1853,68,,,,,
0.008886393159627914,1854,68,,,,,
0.005795269273221493,1855,68,,,,,
0.026750601828098297,1856,68,,,,,
0.012638090178370476,1857,68,,,,,
0.024016577750444412,1858,68,,,,,
0.016301853582262993,1859,68,,,,,
0.022046206519007683,1860,68,,,,,
0.005843600258231163,1861,68,,,,,
0.010630550794303417,1862,68,,,,,
,272,,0.014528862200677395,,,,
,273,,0.021949641406536102,,,,
,274,,0.008990464732050896,,,,
,275,,7.5732659752247855e-06,,,,
,1862,68,,0.013473127968609333,,,
,1862,68,,,1.0,0.9166666865348816,0.019308703020215034
0.013610601425170898,1863,69,,,,,
0.01297658123075962,1864,69,,,,,
0.013472766615450382,1865,69,,,,,
0.03581736236810684,1866,69,,,,,
0.018458081409335136,1867,69,,,,,
0.03424644097685814,1868,69,,,,,
0.008299030363559723,1869,69,,,,,
0.028810596093535423,1870,69,,,,,
0.008659128099679947,1871,69,,,,,
0.012690098956227303,1872,69,,,,,
0.012361831031739712,1873,69,,,,,
0.004021408502012491,1874,69,,,,,
0.009792550466954708,1875,69,,,,,
0.015695344656705856,1876,69,,,,,
0.029797663912177086,1877,69,,,,,
0.02195282094180584,1878,69,,,,,
0.01413644291460514,1879,69,,,,,
0.02959560975432396,1880,69,,,,,
0.016697749495506287,1881,69,,,,,
0.010118147358298302,1882,69,,,,,
0.028362710028886795,1883,69,,,,,
0.003088759258389473,1884,69,,,,,
0.017614737153053284,1885,69,,,,,
0.015568194910883904,1886,69,,,,,
0.012431333772838116,1887,69,,,,,
0.024295249953866005,1888,69,,,,,
0.03277166187763214,1889,69,,,,,
,276,,0.013113298453390598,,,,
,277,,0.019172582775354385,,,,
,278,,0.008494887501001358,,,,
,279,,6.6018078541674186e-06,,,,
,1889,69,,0.012083923444151878,,,
,1889,69,,,1.0,0.9375,0.01783738099038601
