csv-epoch,step,csv-train_loss_step,csv-val_loss_step,csv-val_loss_epoch,csv-accuracy/validator,csv-accuracy/exact,csv-train_loss_epoch
0,0,3.689507484436035,,,,,
0,1,3.5671238899230957,,,,,
0,2,3.217984437942505,,,,,
0,3,3.0421462059020996,,,,,
0,4,2.7371301651000977,,,,,
0,5,2.7483131885528564,,,,,
0,6,2.5877692699432373,,,,,
0,7,2.4580399990081787,,,,,
0,8,2.3181207180023193,,,,,
0,9,2.2205569744110107,,,,,
0,10,2.218130111694336,,,,,
0,11,2.2003681659698486,,,,,
0,12,2.040829658508301,,,,,
0,13,1.9863001108169556,,,,,
0,14,1.9604711532592773,,,,,
0,15,1.802026391029358,,,,,
0,16,1.8820854425430298,,,,,
0,17,1.7592647075653076,,,,,
0,18,1.6876178979873657,,,,,
0,19,1.6922056674957275,,,,,
,0,,1.2950215339660645,,,,
,1,,1.3725626468658447,,,,
,2,,1.272369623184204,,,,
0,19,,,1.3215076923370361,,,
0,19,,,,0.0,0.0,2.3907995223999023
1,20,1.6150802373886108,,,,,
1,21,1.6594264507293701,,,,,
1,22,1.7403457164764404,,,,,
1,23,1.448094129562378,,,,,
1,24,1.4559447765350342,,,,,
1,25,1.5481940507888794,,,,,
1,26,1.430322289466858,,,,,
1,27,1.4346479177474976,,,,,
1,28,1.4711236953735352,,,,,
1,29,1.412902593612671,,,,,
1,30,1.422345757484436,,,,,
1,31,1.3201231956481934,,,,,
1,32,1.4150512218475342,,,,,
1,33,1.2359814643859863,,,,,
1,34,1.3716408014297485,,,,,
1,35,1.3367085456848145,,,,,
1,36,1.2018320560455322,,,,,
1,37,1.1956177949905396,,,,,
1,38,1.1119965314865112,,,,,
1,39,1.2031500339508057,,,,,
,3,,0.8768759965896606,,,,
,4,,0.947106659412384,,,,
,5,,0.8846513628959656,,,,
1,39,,,0.9065233469009399,,,
1,39,,,,0.0,0.0,1.4015264511108398
2,40,1.2711288928985596,,,,,
2,41,1.167989730834961,,,,,
2,42,1.2178170680999756,,,,,
2,43,1.1803855895996094,,,,,
2,44,1.140140414237976,,,,,
2,45,1.1595970392227173,,,,,
2,46,1.2244744300842285,,,,,
2,47,1.1185352802276611,,,,,
2,48,1.1025806665420532,,,,,
2,49,1.1652522087097168,,,,,
2,50,1.1290764808654785,,,,,
2,51,1.0416488647460938,,,,,
2,52,1.0881357192993164,,,,,
2,53,1.0901057720184326,,,,,
2,54,0.9979076385498047,,,,,
2,55,0.9274037480354309,,,,,
2,56,1.0119651556015015,,,,,
2,57,0.9740762114524841,,,,,
2,58,0.8920748829841614,,,,,
2,59,0.926435112953186,,,,,
,6,,0.6467278599739075,,,,
,7,,0.7050414681434631,,,,
,8,,0.7074089050292969,,,,
2,59,,,0.6821895241737366,,,
2,59,,,,0.0052083334885537624,0.0,1.0913364887237549
3,60,0.940009355545044,,,,,
3,61,1.1196125745773315,,,,,
3,62,0.885903000831604,,,,,
3,63,0.9152147769927979,,,,,
3,64,0.9680167436599731,,,,,
3,65,0.8733788132667542,,,,,
3,66,0.8291304111480713,,,,,
3,67,0.8891482353210449,,,,,
3,68,0.8584938049316406,,,,,
3,69,0.814015805721283,,,,,
3,70,1.0646411180496216,,,,,
3,71,0.8369953632354736,,,,,
3,72,0.8933186531066895,,,,,
3,73,0.8006746172904968,,,,,
3,74,0.7828487753868103,,,,,
3,75,1.0128233432769775,,,,,
3,76,0.8133383989334106,,,,,
3,77,0.8105530142784119,,,,,
3,78,0.8731126189231873,,,,,
3,79,0.8030880689620972,,,,,
,9,,0.516966700553894,,,,
,10,,0.5832823514938354,,,,
,11,,0.5743166208267212,,,,
3,79,,,0.5549628734588623,,,
3,79,,,,0.1041666641831398,0.010416666977107525,0.8892158269882202
4,80,0.7208596467971802,,,,,
4,81,0.816161036491394,,,,,
4,82,0.8328254222869873,,,,,
4,83,0.8223705291748047,,,,,
4,84,0.71266108751297,,,,,
4,85,0.8044195771217346,,,,,
4,86,0.7894323468208313,,,,,
4,87,0.7709768414497375,,,,,
4,88,0.6808569431304932,,,,,
4,89,0.7610440254211426,,,,,
4,90,0.654131293296814,,,,,
4,91,0.7413015365600586,,,,,
4,92,0.5343106985092163,,,,,
4,93,0.5557857155799866,,,,,
4,94,0.635193943977356,,,,,
4,95,0.5660228133201599,,,,,
4,96,0.599152147769928,,,,,
4,97,0.5617437958717346,,,,,
4,98,0.7163889408111572,,,,,
4,99,0.600670576095581,,,,,
,12,,0.3372126817703247,,,,
,13,,0.4037102460861206,,,,
,14,,0.35180410742759705,,,,
4,99,,,0.3667300343513489,,,
4,99,,,,0.6197916865348816,0.359375,0.6938154101371765
5,100,0.6658921837806702,,,,,
5,101,0.6102608442306519,,,,,
5,102,0.5258027911186218,,,,,
5,103,0.5735663771629333,,,,,
5,104,0.6622587442398071,,,,,
5,105,0.5876250267028809,,,,,
5,106,0.5930476188659668,,,,,
5,107,0.5594717264175415,,,,,
5,108,0.5741091966629028,,,,,
5,109,0.5169074535369873,,,,,
5,110,0.519319474697113,,,,,
5,111,0.44896188378334045,,,,,
5,112,0.39112257957458496,,,,,
5,113,0.5665777325630188,,,,,
5,114,0.5025441646575928,,,,,
5,115,0.47420018911361694,,,,,
5,116,0.4723209738731384,,,,,
5,117,0.5437365770339966,,,,,
5,118,0.462979793548584,,,,,
5,119,0.3981715738773346,,,,,
,15,,0.24481947720050812,,,,
,16,,0.30269256234169006,,,,
,17,,0.25597238540649414,,,,
5,119,,,0.2701992690563202,,,
5,119,,,,0.7447916865348816,0.4739583432674408,0.5324438214302063
6,120,0.44783517718315125,,,,,
6,121,0.5070047378540039,,,,,
6,122,0.45965877175331116,,,,,
6,123,0.3354226350784302,,,,,
6,124,0.4623810648918152,,,,,
6,125,0.5000059604644775,,,,,
6,126,0.4737381637096405,,,,,
6,127,0.33982372283935547,,,,,
6,128,0.5213738679885864,,,,,
6,129,0.37915655970573425,,,,,
6,130,0.491017609834671,,,,,
6,131,0.4051072597503662,,,,,
6,132,0.43630537390708923,,,,,
6,133,0.3120911419391632,,,,,
6,134,0.45744913816452026,,,,,
6,135,0.4266166090965271,,,,,
6,136,0.40099242329597473,,,,,
6,137,0.33184316754341125,,,,,
6,138,0.4762440025806427,,,,,
6,139,0.295272558927536,,,,,
,18,,0.21675273776054382,,,,
,19,,0.26316821575164795,,,,
,20,,0.2234947830438614,,,,
6,139,,,0.23666734993457794,,,
6,139,,,,0.8229166865348816,0.5208333134651184,0.42296701669692993
7,140,0.3723563849925995,,,,,
7,141,0.30136823654174805,,,,,
7,142,0.331668883562088,,,,,
7,143,0.320356547832489,,,,,
7,144,0.43778130412101746,,,,,
7,145,0.36028382182121277,,,,,
7,146,0.41761112213134766,,,,,
7,147,0.32987332344055176,,,,,
7,148,0.3578009009361267,,,,,
7,149,0.4048621356487274,,,,,
7,150,0.37623003125190735,,,,,
7,151,0.32155802845954895,,,,,
7,152,0.3666270673274994,,,,,
7,153,0.562140703201294,,,,,
7,154,0.2640131413936615,,,,,
7,155,0.3405812382698059,,,,,
7,156,0.43054208159446716,,,,,
7,157,0.20544517040252686,,,,,
7,158,0.29846617579460144,,,,,
7,159,0.40478742122650146,,,,,
,21,,0.18424373865127563,,,,
,22,,0.2199655920267105,,,,
,23,,0.1886511594057083,,,,
7,159,,,0.1994139552116394,,,
7,159,,,,0.890625,0.5520833134651184,0.3602176904678345
8,160,0.34689861536026,,,,,
8,161,0.31691136956214905,,,,,
8,162,0.2996896505355835,,,,,
8,163,0.3713127374649048,,,,,
8,164,0.37069904804229736,,,,,
8,165,0.3363100290298462,,,,,
8,166,0.33125028014183044,,,,,
8,167,0.31760531663894653,,,,,
8,168,0.29973742365837097,,,,,
8,169,0.4051668047904968,,,,,
8,170,0.21728694438934326,,,,,
8,171,0.3041333258152008,,,,,
8,172,0.3359255790710449,,,,,
8,173,0.20412088930606842,,,,,
8,174,0.3250807523727417,,,,,
8,175,0.3370610773563385,,,,,
8,176,0.3344873785972595,,,,,
8,177,0.23417118191719055,,,,,
8,178,0.35505327582359314,,,,,
8,179,0.33075594902038574,,,,,
,24,,0.16526025533676147,,,,
,25,,0.1956814080476761,,,,
,26,,0.16287676990032196,,,,
8,179,,,0.17695201933383942,,,
8,179,,,,0.921875,0.578125,0.31868287920951843
9,180,0.26289892196655273,,,,,
9,181,0.3241785764694214,,,,,
9,182,0.2268076390028,,,,,
9,183,0.2802124321460724,,,,,
9,184,0.3234889507293701,,,,,
9,185,0.28582894802093506,,,,,
9,186,0.3165186047554016,,,,,
9,187,0.29860034584999084,,,,,
9,188,0.2599273920059204,,,,,
9,189,0.2672545611858368,,,,,
9,190,0.26062557101249695,,,,,
9,191,0.31120818853378296,,,,,
9,192,0.2508997619152069,,,,,
9,193,0.3262433409690857,,,,,
9,194,0.2535448968410492,,,,,
9,195,0.25208747386932373,,,,,
9,196,0.26984718441963196,,,,,
9,197,0.33519330620765686,,,,,
9,198,0.2754286527633667,,,,,
9,199,0.22906257212162018,,,,,
,27,,0.15187278389930725,,,,
,28,,0.1706731617450714,,,,
,29,,0.1545630246400833,,,,
9,199,,,0.1599309891462326,,,
9,199,,,,0.90625,0.5625,0.2804928421974182
10,200,0.25217097997665405,,,,,
10,201,0.28763580322265625,,,,,
10,202,0.32576847076416016,,,,,
10,203,0.3157835900783539,,,,,
10,204,0.20256054401397705,,,,,
10,205,0.18237248063087463,,,,,
10,206,0.25564056634902954,,,,,
10,207,0.26791512966156006,,,,,
10,208,0.2172372192144394,,,,,
10,209,0.2568606734275818,,,,,
10,210,0.26254457235336304,,,,,
10,211,0.2397102415561676,,,,,
10,212,0.22740492224693298,,,,,
10,213,0.22219684720039368,,,,,
10,214,0.2857559025287628,,,,,
10,215,0.24029478430747986,,,,,
10,216,0.2358292043209076,,,,,
10,217,0.2490643411874771,,,,,
10,218,0.2552509903907776,,,,,
10,219,0.2537621557712555,,,,,
,30,,0.13823464512825012,,,,
,31,,0.14291292428970337,,,,
,32,,0.13602057099342346,,,,
10,219,,,0.13966313004493713,,,
10,219,,,,0.8958333134651184,0.5833333134651184,0.2517879605293274
11,220,0.2114679217338562,,,,,
11,221,0.2893085479736328,,,,,
11,222,0.16689403355121613,,,,,
11,223,0.20458242297172546,,,,,
11,224,0.22632206976413727,,,,,
11,225,0.23331746459007263,,,,,
11,226,0.20637820661067963,,,,,
11,227,0.23785191774368286,,,,,
11,228,0.2686302661895752,,,,,
11,229,0.20382636785507202,,,,,
11,230,0.2484416961669922,,,,,
11,231,0.2847200930118561,,,,,
11,232,0.3125564455986023,,,,,
11,233,0.18976128101348877,,,,,
11,234,0.1971573829650879,,,,,
11,235,0.2579725682735443,,,,,
11,236,0.2146492749452591,,,,,
11,237,0.2623785734176636,,,,,
11,238,0.26975810527801514,,,,,
11,239,0.2774474024772644,,,,,
,33,,0.12828637659549713,,,,
,34,,0.13082602620124817,,,,
,35,,0.12228222191333771,,,,
11,239,,,0.1281013935804367,,,
11,239,,,,0.84375,0.5989583134651184,0.23817113041877747
12,240,0.22268074750900269,,,,,
12,241,0.2785467505455017,,,,,
12,242,0.2704242765903473,,,,,
12,243,0.20385010540485382,,,,,
12,244,0.195531964302063,,,,,
12,245,0.24776968359947205,,,,,
12,246,0.19076427817344666,,,,,
12,247,0.17407286167144775,,,,,
12,248,0.16661731898784637,,,,,
12,249,0.1957055777311325,,,,,
12,250,0.22985272109508514,,,,,
12,251,0.18335726857185364,,,,,
12,252,0.2172497659921646,,,,,
12,253,0.25748729705810547,,,,,
12,254,0.1662389039993286,,,,,
12,255,0.28347402811050415,,,,,
12,256,0.22020651400089264,,,,,
12,257,0.18867097795009613,,,,,
12,258,0.24251830577850342,,,,,
12,259,0.16490592062473297,,,,,
,36,,0.12186197191476822,,,,
,37,,0.11538898944854736,,,,
,38,,0.12126830965280533,,,,
12,259,,,0.11915405094623566,,,
12,259,,,,0.7708333134651184,0.515625,0.21499626338481903
13,260,0.258023738861084,,,,,
13,261,0.1466934084892273,,,,,
13,262,0.20751284062862396,,,,,
13,263,0.17126458883285522,,,,,
13,264,0.2518327534198761,,,,,
13,265,0.20279762148857117,,,,,
13,266,0.19815240800380707,,,,,
13,267,0.24627885222434998,,,,,
13,268,0.12509030103683472,,,,,
13,269,0.21582269668579102,,,,,
13,270,0.16735489666461945,,,,,
13,271,0.22850902378559113,,,,,
13,272,0.16774581372737885,,,,,
13,273,0.16184717416763306,,,,,
13,274,0.20275814831256866,,,,,
13,275,0.21435421705245972,,,,,
13,276,0.19201169908046722,,,,,
13,277,0.17702887952327728,,,,,
13,278,0.19854453206062317,,,,,
13,279,0.22471930086612701,,,,,
,39,,0.11036108434200287,,,,
,40,,0.10200584679841995,,,,
,41,,0.10922327637672424,,,,
13,279,,,0.1067914217710495,,,
13,279,,,,0.703125,0.4947916567325592,0.1979171335697174
14,280,0.2156093418598175,,,,,
14,281,0.20152899622917175,,,,,
14,282,0.16651977598667145,,,,,
14,283,0.20968511700630188,,,,,
14,284,0.196804478764534,,,,,
14,285,0.20521515607833862,,,,,
14,286,0.16618512570858002,,,,,
14,287,0.16369524598121643,,,,,
14,288,0.2465876340866089,,,,,
14,289,0.15606294572353363,,,,,
14,290,0.12581513822078705,,,,,
14,291,0.19739654660224915,,,,,
14,292,0.1511872410774231,,,,,
14,293,0.18678410351276398,,,,,
14,294,0.2129455953836441,,,,,
14,295,0.12008416652679443,,,,,
14,296,0.15947280824184418,,,,,
14,297,0.1890607476234436,,,,,
14,298,0.1522056758403778,,,,,
14,299,0.17788097262382507,,,,,
,42,,0.09718155860900879,,,,
,43,,0.08842488378286362,,,,
,44,,0.09417349100112915,,,,
14,299,,,0.09307727962732315,,,
14,299,,,,0.7916666865348816,0.5625,0.18003633618354797
15,300,0.19959917664527893,,,,,
15,301,0.18066178262233734,,,,,
15,302,0.2115214616060257,,,,,
15,303,0.15792407095432281,,,,,
15,304,0.16684569418430328,,,,,
15,305,0.12044669687747955,,,,,
15,306,0.16580088436603546,,,,,
15,307,0.1693972945213318,,,,,
15,308,0.17389990389347076,,,,,
15,309,0.14994820952415466,,,,,
15,310,0.18447385728359222,,,,,
15,311,0.1310407966375351,,,,,
15,312,0.20601414144039154,,,,,
15,313,0.22206681966781616,,,,,
15,314,0.09895215183496475,,,,,
15,315,0.1683528870344162,,,,,
15,316,0.15353302657604218,,,,,
15,317,0.15728342533111572,,,,,
15,318,0.198582723736763,,,,,
15,319,0.20719386637210846,,,,,
,45,,0.09335358440876007,,,,
,46,,0.0843978077173233,,,,
,47,,0.09175960719585419,,,,
15,319,,,0.08945247530937195,,,
15,319,,,,0.7760416865348816,0.5364583134651184,0.1711769551038742
16,320,0.1623448133468628,,,,,
16,321,0.1366264522075653,,,,,
16,322,0.1256893277168274,,,,,
16,323,0.14549419283866882,,,,,
16,324,0.14939290285110474,,,,,
16,325,0.17224912345409393,,,,,
16,326,0.22106514871120453,,,,,
16,327,0.15331719815731049,,,,,
16,328,0.12760987877845764,,,,,
16,329,0.21929454803466797,,,,,
16,330,0.18094590306282043,,,,,
16,331,0.15685994923114777,,,,,
16,332,0.16438311338424683,,,,,
16,333,0.12108764052391052,,,,,
16,334,0.1368991583585739,,,,,
16,335,0.17136839032173157,,,,,
16,336,0.18478406965732574,,,,,
16,337,0.1138525903224945,,,,,
16,338,0.13650351762771606,,,,,
16,339,0.1523555964231491,,,,,
,48,,0.09206699579954147,,,,
,49,,0.08091362565755844,,,,
,50,,0.08699895441532135,,,,
16,339,,,0.08659204840660095,,,
16,339,,,,0.7447916865348816,0.53125,0.15660618245601654
17,340,0.14747925102710724,,,,,
17,341,0.12895047664642334,,,,,
17,342,0.1602574586868286,,,,,
17,343,0.19214871525764465,,,,,
17,344,0.14569750428199768,,,,,
17,345,0.13925951719284058,,,,,
17,346,0.12246302515268326,,,,,
17,347,0.16528145968914032,,,,,
17,348,0.19064371287822723,,,,,
17,349,0.13172663748264313,,,,,
17,350,0.16270653903484344,,,,,
17,351,0.14150726795196533,,,,,
17,352,0.1505158543586731,,,,,
17,353,0.156321182847023,,,,,
17,354,0.10609237849712372,,,,,
17,355,0.14334525167942047,,,,,
17,356,0.1686595380306244,,,,,
17,357,0.140927255153656,,,,,
17,358,0.1084614098072052,,,,,
17,359,0.1479509174823761,,,,,
,51,,0.08270382136106491,,,,
,52,,0.07121679186820984,,,,
,53,,0.07852596789598465,,,,
17,359,,,0.07727343589067459,,,
17,359,,,,0.8020833134651184,0.5833333134651184,0.1475197672843933
18,360,0.10636138916015625,,,,,
18,361,0.15166527032852173,,,,,
18,362,0.15406763553619385,,,,,
18,363,0.11792504787445068,,,,,
18,364,0.15284490585327148,,,,,
18,365,0.19627173244953156,,,,,
18,366,0.13052210211753845,,,,,
18,367,0.13953185081481934,,,,,
18,368,0.12235235422849655,,,,,
18,369,0.191936194896698,,,,,
18,370,0.11501197516918182,,,,,
18,371,0.13933493196964264,,,,,
18,372,0.12520788609981537,,,,,
18,373,0.10662049800157547,,,,,
18,374,0.15116766095161438,,,,,
18,375,0.12489592283964157,,,,,
18,376,0.11723718047142029,,,,,
18,377,0.13017383217811584,,,,,
18,378,0.1535547524690628,,,,,
18,379,0.08791814744472504,,,,,
,54,,0.07973353564739227,,,,
,55,,0.06511951982975006,,,,
,56,,0.07280661165714264,,,,
18,379,,,0.07250255346298218,,,
18,379,,,,0.796875,0.5833333134651184,0.1357300579547882
19,380,0.12044119834899902,,,,,
19,381,0.1230388730764389,,,,,
19,382,0.13477760553359985,,,,,
19,383,0.14905023574829102,,,,,
19,384,0.14349764585494995,,,,,
19,385,0.14257653057575226,,,,,
19,386,0.1514863222837448,,,,,
19,387,0.07955194264650345,,,,,
19,388,0.14525127410888672,,,,,
19,389,0.11133717745542526,,,,,
19,390,0.14111608266830444,,,,,
19,391,0.13775210082530975,,,,,
19,392,0.08894511312246323,,,,,
19,393,0.14661578834056854,,,,,
19,394,0.1330309808254242,,,,,
19,395,0.13538923859596252,,,,,
19,396,0.09629560261964798,,,,,
19,397,0.12523916363716125,,,,,
19,398,0.14330364763736725,,,,,
19,399,0.12341059744358063,,,,,
,57,,0.08086489140987396,,,,
,58,,0.06389384716749191,,,,
,59,,0.06831517815589905,,,,
19,399,,,0.07156652957201004,,,
19,399,,,,0.734375,0.5416666865348816,0.12860535085201263
20,400,0.14433030784130096,,,,,
20,401,0.16673746705055237,,,,,
20,402,0.15142446756362915,,,,,
20,403,0.12799876928329468,,,,,
20,404,0.1309269666671753,,,,,
20,405,0.11499162763357162,,,,,
20,406,0.08452098071575165,,,,,
20,407,0.1545090228319168,,,,,
20,408,0.11813826113939285,,,,,
20,409,0.11562830209732056,,,,,
20,410,0.12196469306945801,,,,,
20,411,0.10845041275024414,,,,,
20,412,0.10048864036798477,,,,,
20,413,0.09622553735971451,,,,,
20,414,0.10499090701341629,,,,,
20,415,0.14015838503837585,,,,,
20,416,0.16263644397258759,,,,,
20,417,0.1274462342262268,,,,,
20,418,0.08162232488393784,,,,,
20,419,0.1321425586938858,,,,,
,60,,0.07876044511795044,,,,
,61,,0.06097288802266121,,,,
,62,,0.06877152621746063,,,,
20,419,,,0.06964763253927231,,,
20,419,,,,0.7552083134651184,0.5520833134651184,0.1242666095495224
21,420,0.15397058427333832,,,,,
21,421,0.08792869746685028,,,,,
21,422,0.10424298048019409,,,,,
21,423,0.12958642840385437,,,,,
21,424,0.08544822782278061,,,,,
21,425,0.09071901440620422,,,,,
21,426,0.11988824605941772,,,,,
21,427,0.14183290302753448,,,,,
21,428,0.13033990561962128,,,,,
21,429,0.10060571879148483,,,,,
21,430,0.10421131551265717,,,,,
21,431,0.13700176775455475,,,,,
21,432,0.10523416101932526,,,,,
21,433,0.15329240262508392,,,,,
21,434,0.1069641038775444,,,,,
21,435,0.14804574847221375,,,,,
21,436,0.10409239679574966,,,,,
21,437,0.12170366942882538,,,,,
21,438,0.1192583441734314,,,,,
21,439,0.10003715753555298,,,,,
,63,,0.08394267410039902,,,,
,64,,0.06973598897457123,,,,
,65,,0.07267037779092789,,,,
21,439,,,0.07600554078817368,,,
21,439,,,,0.6510416865348816,0.515625,0.1172202005982399
22,440,0.12054906040430069,,,,,
22,441,0.10909827798604965,,,,,
22,442,0.10570347309112549,,,,,
22,443,0.1056150496006012,,,,,
22,444,0.08514708280563354,,,,,
22,445,0.07414588332176208,,,,,
22,446,0.1124839186668396,,,,,
22,447,0.12903763353824615,,,,,
22,448,0.1140214130282402,,,,,
22,449,0.07808417826890945,,,,,
22,450,0.12231353670358658,,,,,
22,451,0.08850368112325668,,,,,
22,452,0.11523085832595825,,,,,
22,453,0.10925693809986115,,,,,
22,454,0.11573729664087296,,,,,
22,455,0.12041957676410675,,,,,
22,456,0.14628595113754272,,,,,
22,457,0.1139308363199234,,,,,
22,458,0.07585392892360687,,,,,
22,459,0.07514006644487381,,,,,
,66,,0.07989039272069931,,,,
,67,,0.0627623125910759,,,,
,68,,0.0676955133676529,,,,
22,459,,,0.07060019671916962,,,
22,459,,,,0.6666666865348816,0.5104166865348816,0.1058279275894165
23,460,0.12644290924072266,,,,,
23,461,0.10624314844608307,,,,,
23,462,0.07589453458786011,,,,,
23,463,0.13812634348869324,,,,,
23,464,0.11412404477596283,,,,,
23,465,0.08236192911863327,,,,,
23,466,0.10590506345033646,,,,,
23,467,0.09521961957216263,,,,,
23,468,0.12034858763217926,,,,,
23,469,0.10987906157970428,,,,,
23,470,0.11177840828895569,,,,,
23,471,0.11513759940862656,,,,,
23,472,0.09257201105356216,,,,,
23,473,0.10835810750722885,,,,,
23,474,0.1290004700422287,,,,,
23,475,0.09816029667854309,,,,,
23,476,0.08367551863193512,,,,,
23,477,0.08699733763933182,,,,,
23,478,0.09849464148283005,,,,,
23,479,0.12221202254295349,,,,,
,69,,0.06521296501159668,,,,
,70,,0.05074204504489899,,,,
,71,,0.057401176542043686,,,,
23,479,,,0.057862233370542526,,,
23,479,,,,0.7708333134651184,0.5833333134651184,0.10604657977819443
24,480,0.0828041061758995,,,,,
24,481,0.09703411161899567,,,,,
24,482,0.1057206392288208,,,,,
24,483,0.11240187287330627,,,,,
24,484,0.08223564922809601,,,,,
24,485,0.09240098297595978,,,,,
24,486,0.08031821250915527,,,,,
24,487,0.15121713280677795,,,,,
24,488,0.08784297108650208,,,,,
24,489,0.11730150133371353,,,,,
24,490,0.09163039922714233,,,,,
24,491,0.11795162409543991,,,,,
24,492,0.10168382525444031,,,,,
24,493,0.08740043640136719,,,,,
24,494,0.08993479609489441,,,,,
24,495,0.09026642143726349,,,,,
24,496,0.09825652092695236,,,,,
24,497,0.0689617320895195,,,,,
24,498,0.07640165090560913,,,,,
24,499,0.11121212691068649,,,,,
,72,,0.055144425481557846,,,,
,73,,0.04494236782193184,,,,
,74,,0.049608368426561356,,,,
24,499,,,0.049956392496824265,,,
24,499,,,,0.8854166865348816,0.6979166865348816,0.0971488356590271
25,500,0.11172936111688614,,,,,
25,501,0.08687327057123184,,,,,
25,502,0.061273254454135895,,,,,
25,503,0.08912026137113571,,,,,
25,504,0.09163167327642441,,,,,
25,505,0.13055282831192017,,,,,
25,506,0.08185618370771408,,,,,
25,507,0.09231628477573395,,,,,
25,508,0.0910932794213295,,,,,
25,509,0.07791231572628021,,,,,
25,510,0.09328290820121765,,,,,
25,511,0.12929807603359222,,,,,
25,512,0.10119804739952087,,,,,
25,513,0.0783502608537674,,,,,
25,514,0.12079422920942307,,,,,
25,515,0.09539049863815308,,,,,
25,516,0.07204432040452957,,,,,
25,517,0.09832112491130829,,,,,
25,518,0.09336237609386444,,,,,
25,519,0.10120231658220291,,,,,
,75,,0.050859786570072174,,,,
,76,,0.04152945801615715,,,,
,77,,0.04595261812210083,,,,
25,519,,,0.046146221458911896,,,
25,519,,,,0.9010416865348816,0.734375,0.09488014876842499
26,520,0.10651541501283646,,,,,
26,521,0.08524508029222488,,,,,
26,522,0.11149358749389648,,,,,
26,523,0.09906322509050369,,,,,
26,524,0.10217520594596863,,,,,
26,525,0.10295932739973068,,,,,
26,526,0.0752398744225502,,,,,
26,527,0.08704809099435806,,,,,
26,528,0.11376297473907471,,,,,
26,529,0.10259603708982468,,,,,
26,530,0.09594928473234177,,,,,
26,531,0.07402361929416656,,,,,
26,532,0.0759270191192627,,,,,
26,533,0.13226312398910522,,,,,
26,534,0.055686455219984055,,,,,
26,535,0.07758335769176483,,,,,
26,536,0.09722742438316345,,,,,
26,537,0.08083166182041168,,,,,
26,538,0.08070103824138641,,,,,
26,539,0.09901115298271179,,,,,
,78,,0.049603674560785294,,,,
,79,,0.0413334034383297,,,,
,80,,0.044197436422109604,,,,
26,539,,,0.04521431773900986,,,
26,539,,,,0.859375,0.6822916865348816,0.09276515245437622
27,540,0.07723607122898102,,,,,
27,541,0.1008581817150116,,,,,
27,542,0.058215804398059845,,,,,
27,543,0.0897630900144577,,,,,
27,544,0.08891736716032028,,,,,
27,545,0.12083742022514343,,,,,
27,546,0.08104971051216125,,,,,
27,547,0.10293259471654892,,,,,
27,548,0.10184892266988754,,,,,
27,549,0.07113099843263626,,,,,
27,550,0.06100311502814293,,,,,
27,551,0.09250397235155106,,,,,
27,552,0.0860329121351242,,,,,
27,553,0.0708235651254654,,,,,
27,554,0.09750231355428696,,,,,
27,555,0.08113964647054672,,,,,
27,556,0.08395455777645111,,,,,
27,557,0.10791713744401932,,,,,
27,558,0.0642039105296135,,,,,
27,559,0.05128061771392822,,,,,
,81,,0.04529672861099243,,,,
,82,,0.039105866104364395,,,,
,83,,0.04658842459321022,,,,
27,559,,,0.043078720569610596,,,
27,559,,,,0.875,0.6979166865348816,0.08445759862661362
28,560,0.08655157685279846,,,,,
28,561,0.06897140294313431,,,,,
28,562,0.0907464474439621,,,,,
28,563,0.12237613648176193,,,,,
28,564,0.07324711978435516,,,,,
28,565,0.07703724503517151,,,,,
28,566,0.08026328682899475,,,,,
28,567,0.09845446795225143,,,,,
28,568,0.08121821284294128,,,,,
28,569,0.04904067516326904,,,,,
28,570,0.08617109060287476,,,,,
28,571,0.043511610478162766,,,,,
28,572,0.09532420337200165,,,,,
28,573,0.06986232101917267,,,,,
28,574,0.0766955241560936,,,,,
28,575,0.1033187136054039,,,,,
28,576,0.0645415261387825,,,,,
28,577,0.08549924939870834,,,,,
28,578,0.03804726153612137,,,,,
28,579,0.0772358626127243,,,,,
,84,,0.04092838987708092,,,,
,85,,0.037974387407302856,,,,
,86,,0.03376784548163414,,,,
28,579,,,0.03831467404961586,,,
28,579,,,,0.9427083134651184,0.7604166865348816,0.0784057006239891
29,580,0.0752825066447258,,,,,
29,581,0.05245782807469368,,,,,
29,582,0.07235447317361832,,,,,
29,583,0.10533283650875092,,,,,
29,584,0.08078926801681519,,,,,
29,585,0.0737902969121933,,,,,
29,586,0.06070924922823906,,,,,
29,587,0.09832372516393661,,,,,
29,588,0.05945263057947159,,,,,
29,589,0.07271743565797806,,,,,
29,590,0.06092330440878868,,,,,
29,591,0.06368648260831833,,,,,
29,592,0.06533442437648773,,,,,
29,593,0.1067163497209549,,,,,
29,594,0.06967086344957352,,,,,
29,595,0.07559780031442642,,,,,
29,596,0.08474908024072647,,,,,
29,597,0.07214580476284027,,,,,
29,598,0.06272955983877182,,,,,
29,599,0.07438173145055771,,,,,
,87,,0.03647148981690407,,,,
,88,,0.036092907190322876,,,,
,89,,0.03319568932056427,,,,
29,599,,,0.03566489741206169,,,
29,599,,,,0.875,0.71875,0.0743572860956192
30,600,0.07245366275310516,,,,,
30,601,0.06597087532281876,,,,,
30,602,0.07804711163043976,,,,,
30,603,0.060828328132629395,,,,,
30,604,0.05823763087391853,,,,,
30,605,0.061684221029281616,,,,,
30,606,0.06361257284879684,,,,,
30,607,0.07260576635599136,,,,,
30,608,0.09474757313728333,,,,,
30,609,0.10016882419586182,,,,,
30,610,0.0951455757021904,,,,,
30,611,0.041042715311050415,,,,,
30,612,0.06790497153997421,,,,,
30,613,0.06532810628414154,,,,,
30,614,0.06947274506092072,,,,,
30,615,0.07285849750041962,,,,,
30,616,0.06370139122009277,,,,,
30,617,0.08742992579936981,,,,,
30,618,0.05690387636423111,,,,,
30,619,0.09855347126722336,,,,,
,90,,0.03986695781350136,,,,
,91,,0.03299655765295029,,,,
,92,,0.03483017906546593,,,,
30,619,,,0.036111440509557724,,,
30,619,,,,0.9322916865348816,0.7239583134651184,0.0723349004983902
31,620,0.06739847362041473,,,,,
31,621,0.0770764872431755,,,,,
31,622,0.07805880159139633,,,,,
31,623,0.04751783609390259,,,,,
31,624,0.07737784087657928,,,,,
31,625,0.08273082971572876,,,,,
31,626,0.05086837708950043,,,,,
31,627,0.053097233176231384,,,,,
31,628,0.0579853430390358,,,,,
31,629,0.07405924052000046,,,,,
31,630,0.06546274572610855,,,,,
31,631,0.05897684767842293,,,,,
31,632,0.0662081390619278,,,,,
31,633,0.06509009003639221,,,,,
31,634,0.08395296335220337,,,,,
31,635,0.060773126780986786,,,,,
31,636,0.0638817846775055,,,,,
31,637,0.06062669679522514,,,,,
31,638,0.08456715196371078,,,,,
31,639,0.09577249735593796,,,,,
,93,,0.031858790665864944,,,,
,94,,0.030771054327487946,,,,
,95,,0.034029390662908554,,,,
31,639,,,0.031857818365097046,,,
31,639,,,,0.9583333134651184,0.7447916865348816,0.06857411563396454
32,640,0.06891364604234695,,,,,
32,641,0.08729492127895355,,,,,
32,642,0.0413094237446785,,,,,
32,643,0.06643591076135635,,,,,
32,644,0.058122165501117706,,,,,
32,645,0.09071198850870132,,,,,
32,646,0.057359397411346436,,,,,
32,647,0.05669700726866722,,,,,
32,648,0.07073239237070084,,,,,
32,649,0.05106651037931442,,,,,
32,650,0.05247785151004791,,,,,
32,651,0.08284131437540054,,,,,
32,652,0.044857434928417206,,,,,
32,653,0.06399472802877426,,,,,
32,654,0.06893256306648254,,,,,
32,655,0.05618378892540932,,,,,
32,656,0.06048714369535446,,,,,
32,657,0.0720142349600792,,,,,
32,658,0.06235615536570549,,,,,
32,659,0.08093436807394028,,,,,
,96,,0.02932048588991165,,,,
,97,,0.030122553929686546,,,,
,98,,0.03034587949514389,,,,
32,659,,,0.02984638884663582,,,
32,659,,,,0.9635416865348816,0.7552083134651184,0.06468614935874939
33,660,0.059493597596883774,,,,,
33,661,0.06989780813455582,,,,,
33,662,0.04939376562833786,,,,,
33,663,0.07824306190013885,,,,,
33,664,0.07328427582979202,,,,,
33,665,0.07357734441757202,,,,,
33,666,0.04791689291596413,,,,,
33,667,0.05879998207092285,,,,,
33,668,0.06877496838569641,,,,,
33,669,0.0556151308119297,,,,,
33,670,0.0598079152405262,,,,,
33,671,0.07847928255796432,,,,,
33,672,0.05051524564623833,,,,,
33,673,0.07361894845962524,,,,,
33,674,0.06848014146089554,,,,,
33,675,0.060551997274160385,,,,,
33,676,0.05746375396847725,,,,,
33,677,0.0764910876750946,,,,,
33,678,0.054534561932086945,,,,,
33,679,0.056018054485321045,,,,,
,99,,0.029678111895918846,,,,
,100,,0.028649918735027313,,,,
,101,,0.031226804479956627,,,,
33,679,,,0.02957657352089882,,,
33,679,,,,0.9635416865348816,0.7447916865348816,0.06354788690805435
34,680,0.05106308311223984,,,,,
34,681,0.04184632748365402,,,,,
34,682,0.0625181570649147,,,,,
34,683,0.027437835931777954,,,,,
34,684,0.05151619017124176,,,,,
34,685,0.05783229321241379,,,,,
34,686,0.03905108571052551,,,,,
34,687,0.07597754895687103,,,,,
34,688,0.06531555950641632,,,,,
34,689,0.0738590657711029,,,,,
34,690,0.07934052497148514,,,,,
34,691,0.05644221976399422,,,,,
34,692,0.056029804050922394,,,,,
34,693,0.04196968302130699,,,,,
34,694,0.08475667238235474,,,,,
34,695,0.06953549385070801,,,,,
34,696,0.053016092628240585,,,,,
34,697,0.05009470880031586,,,,,
34,698,0.06685555726289749,,,,,
34,699,0.06502823531627655,,,,,
,102,,0.02776014432311058,,,,
,103,,0.031228283420205116,,,,
,104,,0.032954275608062744,,,,
34,699,,,0.030186224728822708,,,
34,699,,,,0.9375,0.7395833134651184,0.05847430229187012
35,700,0.07701380550861359,,,,,
35,701,0.06124306097626686,,,,,
35,702,0.06396187096834183,,,,,
35,703,0.0779041200876236,,,,,
35,704,0.03860419616103172,,,,,
35,705,0.05593312159180641,,,,,
35,706,0.050153948366642,,,,,
35,707,0.05275735631585121,,,,,
35,708,0.04320539906620979,,,,,
35,709,0.06490304321050644,,,,,
35,710,0.07689610123634338,,,,,
35,711,0.03820817545056343,,,,,
35,712,0.06410925090312958,,,,,
35,713,0.06897687911987305,,,,,
35,714,0.07381556183099747,,,,,
35,715,0.05417521297931671,,,,,
35,716,0.08308514207601547,,,,,
35,717,0.03627315163612366,,,,,
35,718,0.057025231420993805,,,,,
35,719,0.060495518147945404,,,,,
,105,,0.027724960818886757,,,,
,106,,0.026705998927354813,,,,
,107,,0.02771415375173092,,,,
35,719,,,0.027315214276313782,,,
35,719,,,,0.9791666865348816,0.7708333134651184,0.0599370077252388
36,720,0.04624050855636597,,,,,
36,721,0.0388500802218914,,,,,
36,722,0.06731812655925751,,,,,
36,723,0.055842362344264984,,,,,
36,724,0.05683033913373947,,,,,
36,725,0.04021342098712921,,,,,
36,726,0.07408736646175385,,,,,
36,727,0.0704287588596344,,,,,
36,728,0.04827166721224785,,,,,
36,729,0.059305883944034576,,,,,
36,730,0.0711083710193634,,,,,
36,731,0.06382875144481659,,,,,
36,732,0.04712703078985214,,,,,
36,733,0.04720655083656311,,,,,
36,734,0.04904770106077194,,,,,
36,735,0.057494863867759705,,,,,
36,736,0.06550923734903336,,,,,
36,737,0.057554930448532104,,,,,
36,738,0.05710890516638756,,,,,
36,739,0.059268366545438766,,,,,
,108,,0.027594691142439842,,,,
,109,,0.027742179110646248,,,,
,110,,0.027908554300665855,,,,
36,739,,,0.027716457843780518,,,
36,739,,,,0.984375,0.765625,0.056632161140441895
37,740,0.07652676850557327,,,,,
37,741,0.03758082538843155,,,,,
37,742,0.04851938784122467,,,,,
37,743,0.05459948256611824,,,,,
37,744,0.05537968873977661,,,,,
37,745,0.043852902948856354,,,,,
37,746,0.04541382938623428,,,,,
37,747,0.05656179040670395,,,,,
37,748,0.050768036395311356,,,,,
37,749,0.0516781210899353,,,,,
37,750,0.050686314702034,,,,,
37,751,0.07485685497522354,,,,,
37,752,0.032837726175785065,,,,,
37,753,0.07124139368534088,,,,,
37,754,0.06503887474536896,,,,,
37,755,0.05619577690958977,,,,,
37,756,0.040511101484298706,,,,,
37,757,0.0461505725979805,,,,,
37,758,0.05296589061617851,,,,,
37,759,0.03822958469390869,,,,,
,111,,0.028985915705561638,,,,
,112,,0.03154834732413292,,,,
,113,,0.029690643772482872,,,,
37,759,,,0.030151832848787308,,,
37,759,,,,0.9114583134651184,0.7604166865348816,0.05247974395751953
38,760,0.040945861488580704,,,,,
38,761,0.06837392598390579,,,,,
38,762,0.042566943913698196,,,,,
38,763,0.03259048983454704,,,,,
38,764,0.058051858097314835,,,,,
38,765,0.0612456277012825,,,,,
38,766,0.05638105422258377,,,,,
38,767,0.06263148784637451,,,,,
38,768,0.05292075127363205,,,,,
38,769,0.04339228570461273,,,,,
38,770,0.053330034017562866,,,,,
38,771,0.0657583624124527,,,,,
38,772,0.04552412033081055,,,,,
38,773,0.04394899308681488,,,,,
38,774,0.050672803074121475,,,,,
38,775,0.026662591844797134,,,,,
38,776,0.05535537749528885,,,,,
38,777,0.04941598325967789,,,,,
38,778,0.03141312301158905,,,,,
38,779,0.03212548419833183,,,,,
,114,,0.027901608496904373,,,,
,115,,0.026699688285589218,,,,
,116,,0.027611855417490005,,,,
38,779,,,0.027362888678908348,,,
38,779,,,,0.96875,0.7552083134651184,0.0486653633415699
39,780,0.06458304822444916,,,,,
39,781,0.03589703142642975,,,,,
39,782,0.033144984394311905,,,,,
39,783,0.048626821488142014,,,,,
39,784,0.07870865613222122,,,,,
39,785,0.0345761701464653,,,,,
39,786,0.06419520825147629,,,,,
39,787,0.053819917142391205,,,,,
39,788,0.04124357923865318,,,,,
39,789,0.032201752066612244,,,,,
39,790,0.05200272053480148,,,,,
39,791,0.045859917998313904,,,,,
39,792,0.0670803114771843,,,,,
39,793,0.04912815988063812,,,,,
39,794,0.060994889587163925,,,,,
39,795,0.054482199251651764,,,,,
39,796,0.03768942505121231,,,,,
39,797,0.04573139548301697,,,,,
39,798,0.04217313975095749,,,,,
39,799,0.05283133685588837,,,,,
,117,,0.025207391008734703,,,,
,118,,0.024599308148026466,,,,
,119,,0.027965420857071877,,,,
39,799,,,0.025515764951705933,,,
39,799,,,,0.9739583134651184,0.765625,0.049748532474040985
40,800,0.04317077249288559,,,,,
40,801,0.026040082797408104,,,,,
40,802,0.05211876332759857,,,,,
40,803,0.04683816805481911,,,,,
40,804,0.07400542497634888,,,,,
40,805,0.04074127599596977,,,,,
40,806,0.060443997383117676,,,,,
40,807,0.03022039495408535,,,,,
40,808,0.04845542460680008,,,,,
40,809,0.04783818498253822,,,,,
40,810,0.05465075746178627,,,,,
40,811,0.03277638554573059,,,,,
40,812,0.06736598908901215,,,,,
40,813,0.03655705600976944,,,,,
40,814,0.058787256479263306,,,,,
40,815,0.049159303307533264,,,,,
40,816,0.040067244321107864,,,,,
40,817,0.05867961049079895,,,,,
40,818,0.03206751495599747,,,,,
40,819,0.04877011477947235,,,,,
,120,,0.024827687069773674,,,,
,121,,0.02436656504869461,,,,
,122,,0.027668584138154984,,,,
40,819,,,0.02521141804754734,,,
40,819,,,,0.9739583134651184,0.7760416865348816,0.04743769019842148
41,820,0.03646232187747955,,,,,
41,821,0.050626784563064575,,,,,
41,822,0.03453030809760094,,,,,
41,823,0.02939661778509617,,,,,
41,824,0.05005804821848869,,,,,
41,825,0.04353160411119461,,,,,
41,826,0.05195552110671997,,,,,
41,827,0.046108078211545944,,,,,
41,828,0.06334811449050903,,,,,
41,829,0.056905318051576614,,,,,
41,830,0.05384829640388489,,,,,
41,831,0.039051882922649384,,,,,
41,832,0.044509802013635635,,,,,
41,833,0.06351642310619354,,,,,
41,834,0.050828833132982254,,,,,
41,835,0.020948925986886024,,,,,
41,836,0.05233900994062424,,,,,
41,837,0.056954603642225266,,,,,
41,838,0.03708017244935036,,,,,
41,839,0.053225692361593246,,,,,
,123,,0.025524180382490158,,,,
,124,,0.031080016866326332,,,,
,125,,0.0322144515812397,,,,
41,839,,,0.029084568843245506,,,
41,839,,,,0.9375,0.75,0.04676131531596184
42,840,0.04989369958639145,,,,,
42,841,0.04231143370270729,,,,,
42,842,0.055919863283634186,,,,,
42,843,0.05703951045870781,,,,,
42,844,0.03944229334592819,,,,,
42,845,0.03811943903565407,,,,,
42,846,0.07318595796823502,,,,,
42,847,0.05663240700960159,,,,,
42,848,0.035515155643224716,,,,,
42,849,0.04599868506193161,,,,,
42,850,0.04032742232084274,,,,,
42,851,0.037372179329395294,,,,,
42,852,0.048414915800094604,,,,,
42,853,0.03436988964676857,,,,,
42,854,0.050985146313905716,,,,,
42,855,0.030759921297430992,,,,,
42,856,0.06895339488983154,,,,,
42,857,0.05092102661728859,,,,,
42,858,0.054935913532972336,,,,,
42,859,0.05851157754659653,,,,,
,126,,0.02602328546345234,,,,
,127,,0.024770639836788177,,,,
,128,,0.026226846501231194,,,,
42,859,,,0.025562938302755356,,,
42,859,,,,0.984375,0.7760416865348816,0.04848049208521843
43,860,0.04834902286529541,,,,,
43,861,0.0340748131275177,,,,,
43,862,0.047909434884786606,,,,,
43,863,0.04872807115316391,,,,,
43,864,0.0330781564116478,,,,,
43,865,0.03586703911423683,,,,,
43,866,0.04509659856557846,,,,,
43,867,0.05765828862786293,,,,,
43,868,0.0671587884426117,,,,,
43,869,0.051419422030448914,,,,,
43,870,0.046152371913194656,,,,,
43,871,0.06378849595785141,,,,,
43,872,0.02635924145579338,,,,,
43,873,0.051163747906684875,,,,,
43,874,0.03597266972064972,,,,,
43,875,0.05595457926392555,,,,,
43,876,0.042978618294000626,,,,,
43,877,0.026077089831233025,,,,,
43,878,0.04264187067747116,,,,,
43,879,0.03375304117798805,,,,,
,129,,0.02335437759757042,,,,
,130,,0.024095939472317696,,,,
,131,,0.026753753423690796,,,,
43,879,,,0.024330878630280495,,,
43,879,,,,0.984375,0.7864583134651184,0.044709064066410065
44,880,0.03546592965722084,,,,,
44,881,0.05133621394634247,,,,,
44,882,0.039746783673763275,,,,,
44,883,0.03512740135192871,,,,,
44,884,0.07561441510915756,,,,,
44,885,0.03792010620236397,,,,,
44,886,0.044757477939128876,,,,,
44,887,0.02274329587817192,,,,,
44,888,0.054062411189079285,,,,,
44,889,0.08427014946937561,,,,,
44,890,0.04042842984199524,,,,,
44,891,0.04871709272265434,,,,,
44,892,0.025385741144418716,,,,,
44,893,0.04174595698714256,,,,,
44,894,0.04079502820968628,,,,,
44,895,0.05431060865521431,,,,,
44,896,0.04109513759613037,,,,,
44,897,0.034118540585041046,,,,,
44,898,0.05295030027627945,,,,,
44,899,0.044619351625442505,,,,,
,132,,0.025826869532465935,,,,
,133,,0.030708352103829384,,,,
,134,,0.029972804710268974,,,,
44,899,,,0.028608649969100952,,,
44,899,,,,0.9583333134651184,0.7552083134651184,0.04526052251458168
45,900,0.04072408378124237,,,,,
45,901,0.04848840832710266,,,,,
45,902,0.04363114386796951,,,,,
45,903,0.04657183215022087,,,,,
45,904,0.050867047160863876,,,,,
45,905,0.03390262648463249,,,,,
45,906,0.023939991369843483,,,,,
45,907,0.049323320388793945,,,,,
45,908,0.023737940937280655,,,,,
45,909,0.032874226570129395,,,,,
45,910,0.04057919979095459,,,,,
45,911,0.056308865547180176,,,,,
45,912,0.03878180682659149,,,,,
45,913,0.032597750425338745,,,,,
45,914,0.040313925594091415,,,,,
45,915,0.04468849301338196,,,,,
45,916,0.07588516175746918,,,,,
45,917,0.05374714732170105,,,,,
45,918,0.0372040793299675,,,,,
45,919,0.05174627900123596,,,,,
,135,,0.023743312805891037,,,,
,136,,0.030969036743044853,,,,
,137,,0.030126558616757393,,,,
45,919,,,0.027910251170396805,,,
45,919,,,,0.90625,0.7604166865348816,0.043295666575431824
46,920,0.05643947049975395,,,,,
46,921,0.046533938497304916,,,,,
46,922,0.0417935885488987,,,,,
46,923,0.02680225856602192,,,,,
46,924,0.02917022630572319,,,,,
46,925,0.05370602756738663,,,,,
46,926,0.04024593532085419,,,,,
46,927,0.04459299147129059,,,,,
46,928,0.044208455830812454,,,,,
46,929,0.059618495404720306,,,,,
46,930,0.0539439357817173,,,,,
46,931,0.04521768540143967,,,,,
46,932,0.03927486389875412,,,,,
46,933,0.044700078666210175,,,,,
46,934,0.03916902095079422,,,,,
46,935,0.04490351304411888,,,,,
46,936,0.035833436995744705,,,,,
46,937,0.03053301014006138,,,,,
46,938,0.040697142481803894,,,,,
46,939,0.051440946757793427,,,,,
,138,,0.02712571807205677,,,,
,139,,0.029351718723773956,,,,
,140,,0.030051354318857193,,,,
46,939,,,0.02860124781727791,,,
46,939,,,,0.9739583134651184,0.7604166865348816,0.043441254645586014
47,940,0.05053383857011795,,,,,
47,941,0.04394412040710449,,,,,
47,942,0.0597066767513752,,,,,
47,943,0.029880424961447716,,,,,
47,944,0.033533550798892975,,,,,
47,945,0.03451167047023773,,,,,
47,946,0.040543682873249054,,,,,
47,947,0.056996557861566544,,,,,
47,948,0.037642426788806915,,,,,
47,949,0.05470849201083183,,,,,
47,950,0.047525759786367416,,,,,
47,951,0.028587397187948227,,,,,
47,952,0.042446281760931015,,,,,
47,953,0.05127545818686485,,,,,
47,954,0.034033581614494324,,,,,
47,955,0.049220360815525055,,,,,
47,956,0.04702276736497879,,,,,
47,957,0.028870970010757446,,,,,
47,958,0.04839479550719261,,,,,
47,959,0.029879819601774216,,,,,
,141,,0.023871686309576035,,,,
,142,,0.022675037384033203,,,,
,143,,0.024107282981276512,,,,
47,959,,,0.023440146818757057,,,
47,959,,,,0.9739583134651184,0.765625,0.04246293008327484
48,960,0.04265570640563965,,,,,
48,961,0.03529474139213562,,,,,
48,962,0.03880036622285843,,,,,
48,963,0.04646914824843407,,,,,
48,964,0.03406213968992233,,,,,
48,965,0.042530424892902374,,,,,
48,966,0.039264976978302,,,,,
48,967,0.04612274095416069,,,,,
48,968,0.058554720133543015,,,,,
48,969,0.03561430051922798,,,,,
48,970,0.04600505903363228,,,,,
48,971,0.05031684786081314,,,,,
48,972,0.029000379145145416,,,,,
48,973,0.027210742235183716,,,,,
48,974,0.02449733577668667,,,,,
48,975,0.04234468191862106,,,,,
48,976,0.04739366099238396,,,,,
48,977,0.031144168227910995,,,,,
48,978,0.031592369079589844,,,,,
48,979,0.04236529767513275,,,,,
,144,,0.022669877856969833,,,,
,145,,0.022900009527802467,,,,
,146,,0.02745025046169758,,,,
48,979,,,0.023718006908893585,,,
48,979,,,,0.9739583134651184,0.7552083134651184,0.03956198692321777
49,980,0.03381441533565521,,,,,
49,981,0.0446942001581192,,,,,
49,982,0.039198748767375946,,,,,
49,983,0.041420988738536835,,,,,
49,984,0.050114892423152924,,,,,
49,985,0.04004745930433273,,,,,
49,986,0.030009238049387932,,,,,
49,987,0.02930091693997383,,,,,
49,988,0.039425674825906754,,,,,
49,989,0.028137706220149994,,,,,
49,990,0.034414779394865036,,,,,
49,991,0.028023116290569305,,,,,
49,992,0.02662079781293869,,,,,
49,993,0.03567028045654297,,,,,
49,994,0.04080715775489807,,,,,
49,995,0.038558173924684525,,,,,
49,996,0.031885094940662384,,,,,
49,997,0.04493934288620949,,,,,
49,998,0.035960979759693146,,,,,
49,999,0.05727282911539078,,,,,
,147,,0.02225390262901783,,,,
,148,,0.026967380195856094,,,,
,149,,0.02861868590116501,,,,
49,999,,,0.02541225217282772,,,
49,999,,,,0.9739583134651184,0.7604166865348816,0.03751584142446518
