csv-epoch,step,csv-train_loss_step,csv-val_loss_step,csv-val_loss_epoch,csv-accuracy/validator,csv-train_loss_epoch,csv-accuracy/exact
0,0,3.670454502105713,,,,,
0,1,3.6610488891601562,,,,,
0,2,3.634692430496216,,,,,
0,3,3.3799490928649902,,,,,
0,4,3.513371229171753,,,,,
0,5,3.932760238647461,,,,,
0,6,3.7380268573760986,,,,,
0,7,3.767428398132324,,,,,
0,8,4.048272132873535,,,,,
0,9,4.170292854309082,,,,,
,0,,3.6017346382141113,,,,
,1,,3.0408358573913574,,,,
0,9,,,3.4895548820495605,,,
0,9,,,,0.0,3.75162935256958,0.0
1,10,3.695131778717041,,,,,
1,11,3.885890483856201,,,,,
1,12,3.7811923027038574,,,,,
1,13,3.805328369140625,,,,,
1,14,3.767491340637207,,,,,
1,15,3.910015106201172,,,,,
1,16,4.002552509307861,,,,,
1,17,3.817605972290039,,,,,
1,18,3.575460195541382,,,,,
1,19,3.775552272796631,,,,,
,2,,3.5912158489227295,,,,
,3,,3.03076171875,,,,
1,19,,,3.4791252613067627,,,
1,19,,,,0.0,3.801621913909912,0.0
2,20,3.6385912895202637,,,,,
2,21,4.141702175140381,,,,,
2,22,3.572303295135498,,,,,
2,23,3.8750810623168945,,,,,
2,24,3.6140894889831543,,,,,
2,25,3.952531099319458,,,,,
2,26,3.5001134872436523,,,,,
2,27,3.9151573181152344,,,,,
2,28,3.5591864585876465,,,,,
2,29,3.353560209274292,,,,,
,4,,3.5757672786712646,,,,
,5,,3.0159337520599365,,,,
2,29,,,3.4638004302978516,,,
2,29,,,,0.0,3.712231397628784,0.0
3,30,3.5371897220611572,,,,,
3,31,3.5188393592834473,,,,,
3,32,3.8286914825439453,,,,,
3,33,3.5063767433166504,,,,,
3,34,3.8633034229278564,,,,,
3,35,3.7375638484954834,,,,,
3,36,4.424871444702148,,,,,
3,37,3.6780142784118652,,,,,
3,38,3.2438695430755615,,,,,
3,39,3.872056484222412,,,,,
,6,,3.5546300411224365,,,,
,7,,2.9962265491485596,,,,
3,39,,,3.4429492950439453,,,
3,39,,,,0.0,3.7210776805877686,0.0
4,40,3.747270107269287,,,,,
4,41,3.5303194522857666,,,,,
4,42,4.048262596130371,,,,,
4,43,3.97414493560791,,,,,
4,44,4.3440632820129395,,,,,
4,45,3.3775830268859863,,,,,
4,46,3.7748284339904785,,,,,
4,47,3.8293585777282715,,,,,
4,48,3.389857292175293,,,,,
4,49,3.4131693840026855,,,,,
,8,,3.5264596939086914,,,,
,9,,2.9697718620300293,,,,
4,49,,,3.4151222705841064,,,
4,49,,,,0.0,3.7428855895996094,0.0
5,50,3.512031316757202,,,,,
5,51,3.769824504852295,,,,,
5,52,3.8241121768951416,,,,,
5,53,3.516249656677246,,,,,
5,54,3.8687992095947266,,,,,
5,55,3.2362241744995117,,,,,
5,56,4.3056640625,,,,,
5,57,4.002312660217285,,,,,
5,58,3.1427061557769775,,,,,
5,59,3.797579288482666,,,,,
,10,,3.4922075271606445,,,,
,11,,2.937368869781494,,,,
5,59,,,3.381240129470825,,,
5,59,,,,0.0,3.6975502967834473,0.0
6,60,3.7772388458251953,,,,,
6,61,3.8139195442199707,,,,,
6,62,4.124300956726074,,,,,
6,63,3.623776912689209,,,,,
6,64,4.116257190704346,,,,,
6,65,3.3395309448242188,,,,,
6,66,3.4892942905426025,,,,,
6,67,3.5397098064422607,,,,,
6,68,3.453815221786499,,,,,
6,69,3.50504732131958,,,,,
,12,,3.451507329940796,,,,
,13,,2.8995003700256348,,,,
6,69,,,3.3411056995391846,,,
6,69,,,,0.0,3.6782889366149902,0.0
7,70,3.4894018173217773,,,,,
7,71,3.4511640071868896,,,,,
7,72,3.700321674346924,,,,,
7,73,3.5649008750915527,,,,,
7,74,3.8990726470947266,,,,,
7,75,3.777344226837158,,,,,
7,76,4.146579742431641,,,,,
7,77,3.0867278575897217,,,,,
7,78,3.593320846557617,,,,,
7,79,3.885868549346924,,,,,
,14,,3.404097557067871,,,,
,15,,2.8553555011749268,,,,
7,79,,,3.294349193572998,,,
7,79,,,,0.0,3.659470319747925,0.0
8,80,3.109057664871216,,,,,
8,81,3.5905299186706543,,,,,
8,82,3.2906031608581543,,,,,
8,83,3.617865562438965,,,,,
8,84,3.548025131225586,,,,,
8,85,3.737133026123047,,,,,
8,86,3.3484363555908203,,,,,
8,87,3.135282039642334,,,,,
8,88,3.296020746231079,,,,,
8,89,3.1778900623321533,,,,,
,16,,3.3521342277526855,,,,
,17,,2.807569980621338,,,,
8,89,,,3.2432212829589844,,,
8,89,,,,0.0,3.385084629058838,0.0
9,90,3.384504795074463,,,,,
9,91,3.4056811332702637,,,,,
9,92,3.486110210418701,,,,,
9,93,3.534837245941162,,,,,
9,94,3.188876152038574,,,,,
9,95,3.476884365081787,,,,,
9,96,3.494474411010742,,,,,
9,97,3.5404043197631836,,,,,
9,98,3.4250001907348633,,,,,
9,99,3.637439489364624,,,,,
,18,,3.2932472229003906,,,,
,19,,2.7538976669311523,,,,
9,99,,,3.185377597808838,,,
9,99,,,,0.0,3.457421064376831,0.0
10,100,3.230839252471924,,,,,
10,101,2.966226100921631,,,,,
10,102,3.328327178955078,,,,,
10,103,3.2498490810394287,,,,,
10,104,3.5071542263031006,,,,,
10,105,3.354130268096924,,,,,
10,106,3.5753378868103027,,,,,
10,107,3.4181747436523438,,,,,
10,108,3.1545424461364746,,,,,
10,109,3.4183456897735596,,,,,
,20,,3.2291839122772217,,,,
,21,,2.695362091064453,,,,
10,109,,,3.122419595718384,,,
10,109,,,,0.0,3.3202927112579346,0.0
11,110,2.997227668762207,,,,,
11,111,3.4838857650756836,,,,,
11,112,3.0889410972595215,,,,,
11,113,3.198664426803589,,,,,
11,114,3.6091513633728027,,,,,
11,115,2.8254852294921875,,,,,
11,116,3.051732301712036,,,,,
11,117,3.043541193008423,,,,,
11,118,2.80326509475708,,,,,
11,119,3.204411029815674,,,,,
,22,,3.1604197025299072,,,,
,23,,2.6321935653686523,,,,
11,119,,,3.054774522781372,,,
11,119,,,,0.0,3.1306304931640625,0.0
12,120,3.242715835571289,,,,,
12,121,2.954464912414551,,,,,
12,122,3.2985143661499023,,,,,
12,123,3.3763184547424316,,,,,
12,124,3.4452767372131348,,,,,
12,125,2.961956024169922,,,,,
12,126,3.1790945529937744,,,,,
12,127,3.0968194007873535,,,,,
12,128,2.75040340423584,,,,,
12,129,3.003333568572998,,,,,
,24,,3.087320327758789,,,,
,25,,2.5648980140686035,,,,
12,129,,,2.9828360080718994,,,
12,129,,,,0.0,3.130889892578125,0.0
13,130,2.992095470428467,,,,,
13,131,3.1580629348754883,,,,,
13,132,3.041320323944092,,,,,
13,133,2.7145543098449707,,,,,
13,134,3.1424813270568848,,,,,
13,135,2.781643867492676,,,,,
13,136,3.263327121734619,,,,,
13,137,3.436049222946167,,,,,
13,138,3.3302621841430664,,,,,
13,139,3.1229546070098877,,,,,
,26,,3.0096921920776367,,,,
,27,,2.494633674621582,,,,
13,139,,,2.9066803455352783,,,
13,139,,,,0.0,3.0982751846313477,0.0
14,140,2.8629097938537598,,,,,
14,141,3.094313144683838,,,,,
14,142,2.958874225616455,,,,,
14,143,2.969191551208496,,,,,
14,144,3.0983362197875977,,,,,
14,145,2.908994674682617,,,,,
14,146,2.5696191787719727,,,,,
14,147,3.1177854537963867,,,,,
14,148,2.858987331390381,,,,,
14,149,2.8921103477478027,,,,,
,28,,2.930233955383301,,,,
,29,,2.4256234169006348,,,,
14,149,,,2.8293118476867676,,,
14,149,,,,0.0,2.933112382888794,0.0
15,150,2.8289499282836914,,,,,
15,151,2.704080581665039,,,,,
15,152,2.7140402793884277,,,,,
15,153,2.994609832763672,,,,,
15,154,2.8754374980926514,,,,,
15,155,2.9578704833984375,,,,,
15,156,3.0150656700134277,,,,,
15,157,2.7722463607788086,,,,,
15,158,2.470712184906006,,,,,
15,159,3.0529584884643555,,,,,
,30,,2.84684419631958,,,,
,31,,2.3600854873657227,,,,
15,159,,,2.7494921684265137,,,
15,159,,,,0.0,2.838597059249878,0.0
16,160,2.900939464569092,,,,,
16,161,2.5234932899475098,,,,,
16,162,2.6012604236602783,,,,,
16,163,2.8457300662994385,,,,,
16,164,2.983194351196289,,,,,
16,165,2.921243667602539,,,,,
16,166,2.691389322280884,,,,,
16,167,2.707803249359131,,,,,
16,168,2.7769055366516113,,,,,
16,169,2.815526008605957,,,,,
,32,,2.762904167175293,,,,
,33,,2.300189733505249,,,,
16,169,,,2.670361280441284,,,
16,169,,,,0.0,2.7767486572265625,0.0
17,170,2.678271770477295,,,,,
17,171,2.963099479675293,,,,,
17,172,2.7128894329071045,,,,,
17,173,2.8542494773864746,,,,,
17,174,2.8569326400756836,,,,,
17,175,2.5968542098999023,,,,,
17,176,2.9539151191711426,,,,,
17,177,2.5939531326293945,,,,,
17,178,2.894474506378174,,,,,
17,179,2.6503024101257324,,,,,
,34,,2.680034637451172,,,,
,35,,2.2434067726135254,,,,
17,179,,,2.5927090644836426,,,
17,179,,,,0.0,2.77549409866333,0.0
18,180,2.8383216857910156,,,,,
18,181,3.3147706985473633,,,,,
18,182,2.8488988876342773,,,,,
18,183,2.855433464050293,,,,,
18,184,2.7905893325805664,,,,,
18,185,2.5384559631347656,,,,,
18,186,2.7059478759765625,,,,,
18,187,2.6949524879455566,,,,,
18,188,2.7057881355285645,,,,,
18,189,2.7380480766296387,,,,,
,36,,2.5999653339385986,,,,
,37,,2.188822031021118,,,,
18,189,,,2.5177366733551025,,,
18,189,,,,0.0,2.8031208515167236,0.0
19,190,2.473587989807129,,,,,
19,191,2.726813316345215,,,,,
19,192,2.5087592601776123,,,,,
19,193,2.7681546211242676,,,,,
19,194,2.61413311958313,,,,,
19,195,2.608659267425537,,,,,
19,196,2.5826830863952637,,,,,
19,197,2.6168742179870605,,,,,
19,198,2.464963436126709,,,,,
19,199,2.4534997940063477,,,,,
,38,,2.524923086166382,,,,
,39,,2.1371970176696777,,,,
19,199,,,2.4473776817321777,,,
19,199,,,,0.0,2.581812620162964,0.0
20,200,2.701413631439209,,,,,
20,201,2.385667085647583,,,,,
20,202,2.435910701751709,,,,,
20,203,2.7215261459350586,,,,,
20,204,2.816859245300293,,,,,
20,205,2.721668243408203,,,,,
20,206,2.5683717727661133,,,,,
20,207,2.536984443664551,,,,,
20,208,2.741163730621338,,,,,
20,209,2.8294780254364014,,,,,
,40,,2.454151153564453,,,,
,41,,2.0883522033691406,,,,
20,209,,,2.3809914588928223,,,
20,209,,,,0.0,2.645904302597046,0.0
21,210,2.676476001739502,,,,,
21,211,2.4840569496154785,,,,,
21,212,2.7383532524108887,,,,,
21,213,2.4686248302459717,,,,,
21,214,2.479297637939453,,,,,
21,215,2.4508228302001953,,,,,
21,216,2.528651714324951,,,,,
21,217,2.6143839359283447,,,,,
21,218,2.3314149379730225,,,,,
21,219,2.7091522216796875,,,,,
,42,,2.390994071960449,,,,
,43,,2.043910264968872,,,,
21,219,,,2.321577548980713,,,
21,219,,,,0.0,2.548123359680176,0.0
22,220,2.5396077632904053,,,,,
22,221,2.684633255004883,,,,,
22,222,2.6908388137817383,,,,,
22,223,2.532539129257202,,,,,
22,224,2.5905673503875732,,,,,
22,225,2.4961512088775635,,,,,
22,226,2.446385145187378,,,,,
22,227,2.503525733947754,,,,,
22,228,2.7545127868652344,,,,,
22,229,2.4623873233795166,,,,,
,44,,2.3328442573547363,,,,
,45,,2.0020716190338135,,,,
22,229,,,2.2666897773742676,,,
22,229,,,,0.0,2.570114850997925,0.0
23,230,2.2596793174743652,,,,,
23,231,2.679049015045166,,,,,
23,232,2.4669277667999268,,,,,
23,233,2.439218759536743,,,,,
23,234,2.5390725135803223,,,,,
23,235,2.665208339691162,,,,,
23,236,2.6870946884155273,,,,,
23,237,2.724233627319336,,,,,
23,238,2.3592405319213867,,,,,
23,239,2.678607225418091,,,,,
,46,,2.2756447792053223,,,,
,47,,1.95882248878479,,,,
23,239,,,2.2122802734375,,,
23,239,,,,0.0,2.549833297729492,0.0
24,240,2.3117756843566895,,,,,
24,241,2.919340133666992,,,,,
24,242,2.4565048217773438,,,,,
24,243,2.4739866256713867,,,,,
24,244,2.54056453704834,,,,,
24,245,2.629763126373291,,,,,
24,246,2.7607221603393555,,,,,
24,247,2.384762763977051,,,,,
24,248,2.662059783935547,,,,,
24,249,2.210693597793579,,,,,
,48,,2.21877384185791,,,,
,49,,1.9120407104492188,,,,
24,249,,,2.1574273109436035,,,
24,249,,,,0.0,2.535017251968384,0.0
25,250,2.417778491973877,,,,,
25,251,2.3185300827026367,,,,,
25,252,2.292030096054077,,,,,
25,253,2.8969359397888184,,,,,
25,254,2.4371519088745117,,,,,
25,255,2.6484456062316895,,,,,
25,256,2.3688931465148926,,,,,
25,257,2.43218994140625,,,,,
25,258,2.4016690254211426,,,,,
25,259,2.565609931945801,,,,,
,50,,2.171990394592285,,,,
,51,,1.874570369720459,,,,
25,259,,,2.11250638961792,,,
25,259,,,,0.0,2.4779233932495117,0.0
26,260,2.275862455368042,,,,,
26,261,2.4345781803131104,,,,,
26,262,2.5344691276550293,,,,,
26,263,2.193441390991211,,,,,
26,264,2.776883840560913,,,,,
26,265,2.416584014892578,,,,,
26,266,2.2725753784179688,,,,,
26,267,2.217221260070801,,,,,
26,268,2.279086112976074,,,,,
26,269,2.463789224624634,,,,,
,52,,2.1353559494018555,,,,
,53,,1.844877004623413,,,,
26,269,,,2.0772602558135986,,,
26,269,,,,0.0,2.386449098587036,0.0
27,270,2.249993324279785,,,,,
27,271,2.4462409019470215,,,,,
27,272,2.5593504905700684,,,,,
27,273,2.1442530155181885,,,,,
27,274,2.376131296157837,,,,,
27,275,2.6721532344818115,,,,,
27,276,2.545074939727783,,,,,
27,277,2.2797276973724365,,,,,
27,278,2.4856042861938477,,,,,
27,279,2.3361992835998535,,,,,
,54,,2.1079721450805664,,,,
,55,,1.822904109954834,,,,
27,279,,,2.0509583950042725,,,
27,279,,,,0.0,2.409472942352295,0.0
28,280,2.419708728790283,,,,,
28,281,2.7187299728393555,,,,,
28,282,2.3739070892333984,,,,,
28,283,2.3184866905212402,,,,,
28,284,2.4001212120056152,,,,,
28,285,2.2468385696411133,,,,,
28,286,2.2534217834472656,,,,,
28,287,2.3643760681152344,,,,,
28,288,2.3935117721557617,,,,,
28,289,2.580000877380371,,,,,
,56,,2.0850071907043457,,,,
,57,,1.8040868043899536,,,,
28,289,,,2.028823137283325,,,
28,289,,,,0.0,2.4069104194641113,0.0
29,290,2.3599181175231934,,,,,
29,291,2.26930832862854,,,,,
29,292,2.4108238220214844,,,,,
29,293,2.6542463302612305,,,,,
29,294,2.5591917037963867,,,,,
29,295,2.168792247772217,,,,,
29,296,2.3665122985839844,,,,,
29,297,2.5497007369995117,,,,,
29,298,2.500441074371338,,,,,
29,299,2.2463040351867676,,,,,
,58,,2.0691370964050293,,,,
,59,,1.7898945808410645,,,,
29,299,,,2.013288736343384,,,
29,299,,,,0.0,2.4085240364074707,0.0
30,300,2.484203338623047,,,,,
30,301,2.3893795013427734,,,,,
30,302,2.333219528198242,,,,,
30,303,2.643416166305542,,,,,
30,304,2.459211826324463,,,,,
30,305,2.282565116882324,,,,,
30,306,2.4467568397521973,,,,,
30,307,2.4795899391174316,,,,,
30,308,2.447437286376953,,,,,
30,309,2.3932406902313232,,,,,
,60,,2.0582940578460693,,,,
,61,,1.780616283416748,,,,
30,309,,,2.002758502960205,,,
30,309,,,,0.0,2.4359021186828613,0.0
31,310,2.2943220138549805,,,,,
31,311,2.464676856994629,,,,,
31,312,2.301236152648926,,,,,
31,313,2.5434718132019043,,,,,
31,314,2.557957887649536,,,,,
31,315,2.251518726348877,,,,,
31,316,2.2505099773406982,,,,,
31,317,2.698627233505249,,,,,
31,318,2.4218757152557373,,,,,
31,319,2.1921467781066895,,,,,
,62,,2.0438694953918457,,,,
,63,,1.7679219245910645,,,,
31,319,,,1.9886798858642578,,,
31,319,,,,0.0,2.397634267807007,0.0
32,320,2.6211040019989014,,,,,
32,321,2.608248710632324,,,,,
32,322,2.358829975128174,,,,,
32,323,2.179230213165283,,,,,
32,324,2.2873387336730957,,,,,
32,325,2.542449474334717,,,,,
32,326,2.1790075302124023,,,,,
32,327,2.1809163093566895,,,,,
32,328,2.3739516735076904,,,,,
32,329,2.416616916656494,,,,,
,64,,2.0264744758605957,,,,
,65,,1.753326177597046,,,,
32,329,,,1.9718446731567383,,,
32,329,,,,0.0,2.374769449234009,0.0
33,330,2.173952579498291,,,,,
33,331,2.40963077545166,,,,,
33,332,2.494851589202881,,,,,
33,333,2.3001132011413574,,,,,
33,334,2.426212787628174,,,,,
33,335,2.1540579795837402,,,,,
33,336,2.3028998374938965,,,,,
33,337,2.3147542476654053,,,,,
33,338,2.2230725288391113,,,,,
33,339,2.259046792984009,,,,,
,66,,2.0164546966552734,,,,
,67,,1.744872808456421,,,,
33,339,,,1.9621384143829346,,,
33,339,,,,0.0,2.305859327316284,0.0
34,340,2.499070167541504,,,,,
34,341,2.3681640625,,,,,
34,342,2.4156651496887207,,,,,
34,343,2.3167762756347656,,,,,
34,344,2.448572874069214,,,,,
34,345,2.375441074371338,,,,,
34,346,2.0758843421936035,,,,,
34,347,2.382244348526001,,,,,
34,348,2.5494203567504883,,,,,
34,349,2.2817165851593018,,,,,
,68,,2.008481502532959,,,,
,69,,1.738433837890625,,,,
34,349,,,1.9544719457626343,,,
34,349,,,,0.0,2.37129545211792,0.0
35,350,2.4041247367858887,,,,,
35,351,2.1952011585235596,,,,,
35,352,2.3736000061035156,,,,,
35,353,2.452638864517212,,,,,
35,354,2.605642795562744,,,,,
35,355,2.595018148422241,,,,,
35,356,2.4611992835998535,,,,,
35,357,2.418062448501587,,,,,
35,358,2.376197099685669,,,,,
35,359,2.2223098278045654,,,,,
,70,,2.004303216934204,,,,
,71,,1.7354487180709839,,,,
35,359,,,1.95053231716156,,,
35,359,,,,0.0,2.4103994369506836,0.0
36,360,2.1818501949310303,,,,,
36,361,2.213522434234619,,,,,
36,362,2.6794278621673584,,,,,
36,363,2.4467852115631104,,,,,
36,364,2.0874390602111816,,,,,
36,365,2.1677756309509277,,,,,
36,366,2.292801856994629,,,,,
36,367,2.1979970932006836,,,,,
36,368,2.1375863552093506,,,,,
36,369,2.38728666305542,,,,,
,72,,1.9999662637710571,,,,
,73,,1.7317050695419312,,,,
36,369,,,1.9463140964508057,,,
36,369,,,,0.0,2.279247283935547,0.0
37,370,2.2356700897216797,,,,,
37,371,2.4840965270996094,,,,,
37,372,2.468933582305908,,,,,
37,373,2.2620010375976562,,,,,
37,374,2.3910727500915527,,,,,
37,375,2.4080910682678223,,,,,
37,376,2.109807014465332,,,,,
37,377,2.5045437812805176,,,,,
37,378,2.374983787536621,,,,,
37,379,2.311382532119751,,,,,
,74,,1.9966716766357422,,,,
,75,,1.7287299633026123,,,,
37,379,,,1.94308340549469,,,
37,379,,,,0.0,2.355058193206787,0.0
38,380,2.3695433139801025,,,,,
38,381,2.414961338043213,,,,,
38,382,2.1981818675994873,,,,,
38,383,2.3072826862335205,,,,,
38,384,2.3355705738067627,,,,,
38,385,2.2039623260498047,,,,,
38,386,2.3404603004455566,,,,,
38,387,2.278837203979492,,,,,
38,388,2.4591751098632812,,,,,
38,389,2.42043399810791,,,,,
,76,,1.993525505065918,,,,
,77,,1.7251298427581787,,,,
38,389,,,1.9398462772369385,,,
38,389,,,,0.0,2.33284068107605,0.0
39,390,2.275348663330078,,,,,
39,391,2.437012195587158,,,,,
39,392,2.2290921211242676,,,,,
39,393,2.463223934173584,,,,,
39,394,2.350588321685791,,,,,
39,395,2.192948818206787,,,,,
39,396,2.4841926097869873,,,,,
39,397,2.098935604095459,,,,,
39,398,2.152066946029663,,,,,
39,399,2.348881244659424,,,,,
,78,,1.990687370300293,,,,
,79,,1.723207712173462,,,,
39,399,,,1.937191367149353,,,
39,399,,,,0.0,2.3032290935516357,0.0
40,400,2.362905502319336,,,,,
40,401,2.4644365310668945,,,,,
40,402,2.0545856952667236,,,,,
40,403,2.2844743728637695,,,,,
40,404,2.426788091659546,,,,,
40,405,2.1810975074768066,,,,,
40,406,2.447094440460205,,,,,
40,407,2.2599425315856934,,,,,
40,408,2.3978474140167236,,,,,
40,409,2.5053815841674805,,,,,
,80,,1.987799882888794,,,,
,81,,1.720603585243225,,,,
40,409,,,1.9343607425689697,,,
40,409,,,,0.0,2.3384554386138916,0.0
41,410,2.258800983428955,,,,,
41,411,2.1476006507873535,,,,,
41,412,2.456267833709717,,,,,
41,413,2.542074203491211,,,,,
41,414,2.31325101852417,,,,,
41,415,2.3194332122802734,,,,,
41,416,2.3589978218078613,,,,,
41,417,2.241644859313965,,,,,
41,418,2.3500118255615234,,,,,
41,419,2.2772340774536133,,,,,
,82,,1.9792675971984863,,,,
,83,,1.7125327587127686,,,,
41,419,,,1.9259204864501953,,,
41,419,,,,0.0,2.3265316486358643,0.0
42,420,2.299893617630005,,,,,
42,421,2.2636473178863525,,,,,
42,422,2.312558174133301,,,,,
42,423,2.167949914932251,,,,,
42,424,2.482454299926758,,,,,
42,425,2.6918046474456787,,,,,
42,426,2.232083320617676,,,,,
42,427,2.1666698455810547,,,,,
42,428,2.4534964561462402,,,,,
42,429,1.9708499908447266,,,,,
,84,,1.970435380935669,,,,
,85,,1.704505443572998,,,,
42,429,,,1.9172494411468506,,,
42,429,,,,0.0,2.30414080619812,0.0
43,430,2.1257901191711426,,,,,
43,431,2.2640902996063232,,,,,
43,432,2.2753825187683105,,,,,
43,433,2.368075370788574,,,,,
43,434,2.330137252807617,,,,,
43,435,2.3530161380767822,,,,,
43,436,2.181335687637329,,,,,
43,437,2.31288480758667,,,,,
43,438,2.461083173751831,,,,,
43,439,2.290668487548828,,,,,
,86,,1.9647202491760254,,,,
,87,,1.700142741203308,,,,
43,439,,,1.9118047952651978,,,
43,439,,,,0.0,2.296246290206909,0.0
44,440,2.538390874862671,,,,,
44,441,2.2333598136901855,,,,,
44,442,2.2341654300689697,,,,,
44,443,2.3904566764831543,,,,,
44,444,2.296496868133545,,,,,
44,445,2.314265727996826,,,,,
44,446,2.192925453186035,,,,,
44,447,2.1742167472839355,,,,,
44,448,2.287090301513672,,,,,
44,449,2.081526279449463,,,,,
,88,,1.957401156425476,,,,
,89,,1.693769931793213,,,,
44,449,,,1.9046748876571655,,,
44,449,,,,0.0,2.27428936958313,0.0
45,450,2.2372548580169678,,,,,
45,451,2.1996731758117676,,,,,
45,452,2.416012763977051,,,,,
45,453,2.503849983215332,,,,,
45,454,2.2091424465179443,,,,,
45,455,2.370884895324707,,,,,
45,456,2.274935245513916,,,,,
45,457,2.4465112686157227,,,,,
45,458,2.210111141204834,,,,,
45,459,2.2570266723632812,,,,,
,90,,1.9478360414505005,,,,
,91,,1.6854817867279053,,,,
45,459,,,1.8953651189804077,,,
45,459,,,,0.0,2.312540292739868,0.0
46,460,2.2373099327087402,,,,,
46,461,2.2622532844543457,,,,,
46,462,2.0939040184020996,,,,,
46,463,2.321544647216797,,,,,
46,464,2.5306756496429443,,,,,
46,465,2.3200721740722656,,,,,
46,466,2.4031057357788086,,,,,
46,467,2.42061710357666,,,,,
46,468,2.133593797683716,,,,,
46,469,2.1846585273742676,,,,,
,92,,1.9397287368774414,,,,
,93,,1.678013563156128,,,,
46,469,,,1.8873857259750366,,,
46,469,,,,0.0,2.290773391723633,0.0
47,470,2.344421148300171,,,,,
47,471,2.285107135772705,,,,,
47,472,2.270564079284668,,,,,
47,473,2.2998178005218506,,,,,
47,474,2.340465545654297,,,,,
47,475,2.2532973289489746,,,,,
47,476,2.2802352905273438,,,,,
47,477,2.4238393306732178,,,,,
47,478,2.3295040130615234,,,,,
47,479,2.4243838787078857,,,,,
,94,,1.9341421127319336,,,,
,95,,1.6730842590332031,,,,
47,479,,,1.8819305896759033,,,
47,479,,,,0.0,2.3251636028289795,0.0
48,480,2.2285327911376953,,,,,
48,481,2.0206573009490967,,,,,
48,482,2.0570077896118164,,,,,
48,483,2.275022029876709,,,,,
48,484,2.352689504623413,,,,,
48,485,2.1257505416870117,,,,,
48,486,2.1964941024780273,,,,,
48,487,2.1846718788146973,,,,,
48,488,2.6287970542907715,,,,,
48,489,2.451233148574829,,,,,
,96,,1.9277751445770264,,,,
,97,,1.6682305335998535,,,,
48,489,,,1.8758662939071655,,,
48,489,,,,0.0,2.2520854473114014,0.0
49,490,2.36688494682312,,,,,
49,491,2.2706828117370605,,,,,
49,492,2.258941173553467,,,,,
49,493,2.4264822006225586,,,,,
49,494,2.3216233253479004,,,,,
49,495,2.176118850708008,,,,,
49,496,2.450596809387207,,,,,
49,497,2.128335475921631,,,,,
49,498,2.3279690742492676,,,,,
49,499,2.1408395767211914,,,,,
,98,,1.92274808883667,,,,
,99,,1.663532018661499,,,,
49,499,,,1.8709049224853516,,,
49,499,,,,0.0,2.2868473529815674,0.0
50,500,2.157184362411499,,,,,
50,501,2.0651841163635254,,,,,
50,502,2.48518705368042,,,,,
50,503,2.3626532554626465,,,,,
50,504,2.2887284755706787,,,,,
50,505,2.475679874420166,,,,,
50,506,2.2652645111083984,,,,,
50,507,2.1675682067871094,,,,,
50,508,2.505887031555176,,,,,
50,509,2.197068691253662,,,,,
,100,,1.9182891845703125,,,,
,101,,1.6595430374145508,,,,
50,509,,,1.8665399551391602,,,
50,509,,,,0.0,2.2970407009124756,0.0
51,510,2.336550712585449,,,,,
51,511,2.229858636856079,,,,,
51,512,2.376469612121582,,,,,
51,513,2.431124210357666,,,,,
51,514,2.2644686698913574,,,,,
51,515,2.250922203063965,,,,,
51,516,2.358461618423462,,,,,
51,517,2.2209601402282715,,,,,
51,518,2.027104377746582,,,,,
51,519,2.2664008140563965,,,,,
,102,,1.9150030612945557,,,,
,103,,1.6560673713684082,,,,
51,519,,,1.8632160425186157,,,
51,519,,,,0.0,2.2762322425842285,0.0
52,520,2.2254409790039062,,,,,
52,521,2.3466930389404297,,,,,
52,522,2.055288076400757,,,,,
52,523,2.0578088760375977,,,,,
52,524,2.3564505577087402,,,,,
52,525,2.178129196166992,,,,,
52,526,2.2844038009643555,,,,,
52,527,2.244332790374756,,,,,
52,528,2.174553394317627,,,,,
52,529,2.3057825565338135,,,,,
,104,,1.9110007286071777,,,,
,105,,1.6522619724273682,,,,
52,529,,,1.8592529296875,,,
52,529,,,,0.0,2.222888469696045,0.0
53,530,2.2843680381774902,,,,,
53,531,2.2299928665161133,,,,,
53,532,2.283695697784424,,,,,
53,533,2.3371987342834473,,,,,
53,534,2.1148757934570312,,,,,
53,535,2.2197866439819336,,,,,
53,536,2.156881332397461,,,,,
53,537,2.286931037902832,,,,,
53,538,2.2475547790527344,,,,,
53,539,2.18151593208313,,,,,
,106,,1.904862403869629,,,,
,107,,1.6465725898742676,,,,
53,539,,,1.853204369544983,,,
53,539,,,,0.0,2.2342801094055176,0.0
54,540,2.3167333602905273,,,,,
54,541,2.625344753265381,,,,,
54,542,2.175401210784912,,,,,
54,543,2.2635536193847656,,,,,
54,544,2.0138797760009766,,,,,
54,545,2.1848487854003906,,,,,
54,546,2.326998710632324,,,,,
54,547,2.4205524921417236,,,,,
54,548,2.2206032276153564,,,,,
54,549,2.2784504890441895,,,,,
,108,,1.897798776626587,,,,
,109,,1.6408329010009766,,,,
54,549,,,1.8464057445526123,,,
54,549,,,,0.0,2.2826366424560547,0.0
55,550,2.463808059692383,,,,,
55,551,2.0876901149749756,,,,,
55,552,2.3855814933776855,,,,,
55,553,2.3500819206237793,,,,,
55,554,2.1111130714416504,,,,,
55,555,2.1822614669799805,,,,,
55,556,2.3495492935180664,,,,,
55,557,2.171584129333496,,,,,
55,558,2.2517175674438477,,,,,
55,559,2.1392557621002197,,,,,
,110,,1.8942983150482178,,,,
,111,,1.6369476318359375,,,,
55,559,,,1.8428281545639038,,,
55,559,,,,0.0,2.2492642402648926,0.0
56,560,2.188748359680176,,,,,
56,561,1.9849458932876587,,,,,
56,562,2.1965084075927734,,,,,
56,563,2.3612589836120605,,,,,
56,564,2.227936267852783,,,,,
56,565,2.1213879585266113,,,,,
56,566,2.0341262817382812,,,,,
56,567,2.289125442504883,,,,,
56,568,2.2847907543182373,,,,,
56,569,2.1661362648010254,,,,,
,112,,1.8917814493179321,,,,
,113,,1.6343538761138916,,,,
56,569,,,1.8402957916259766,,,
56,569,,,,0.0,2.1854965686798096,0.0
57,570,2.4828357696533203,,,,,
57,571,2.2085018157958984,,,,,
57,572,2.513489246368408,,,,,
57,573,2.2421464920043945,,,,,
57,574,2.3256969451904297,,,,,
57,575,2.1198744773864746,,,,,
57,576,2.485419273376465,,,,,
57,577,1.9651130437850952,,,,,
57,578,2.3678605556488037,,,,,
57,579,1.9686881303787231,,,,,
,114,,1.8879928588867188,,,,
,115,,1.6302757263183594,,,,
57,579,,,1.836449384689331,,,
57,579,,,,0.0,2.267962694168091,0.0
58,580,2.103801965713501,,,,,
58,581,2.155494213104248,,,,,
58,582,2.148245334625244,,,,,
58,583,2.195347309112549,,,,,
58,584,2.470737934112549,,,,,
58,585,2.0903282165527344,,,,,
58,586,2.174640655517578,,,,,
58,587,2.1606719493865967,,,,,
58,588,2.182643413543701,,,,,
58,589,2.3294692039489746,,,,,
,116,,1.8846290111541748,,,,
,117,,1.6274335384368896,,,,
58,589,,,1.8331897258758545,,,
58,589,,,,0.0,2.2011380195617676,0.0
59,590,2.0871658325195312,,,,,
59,591,2.3227791786193848,,,,,
59,592,2.1139028072357178,,,,,
59,593,2.323391914367676,,,,,
59,594,2.121884822845459,,,,,
59,595,2.0304393768310547,,,,,
59,596,2.248992919921875,,,,,
59,597,2.090043306350708,,,,,
59,598,2.3759799003601074,,,,,
59,599,2.4053025245666504,,,,,
,118,,1.8780672550201416,,,,
,119,,1.620908498764038,,,,
59,599,,,1.8266353607177734,,,
59,599,,,,0.0,2.2119879722595215,0.0
60,600,2.2789673805236816,,,,,
60,601,2.143374443054199,,,,,
60,602,2.425839424133301,,,,,
60,603,2.1263623237609863,,,,,
60,604,2.270078182220459,,,,,
60,605,2.182368516921997,,,,,
60,606,2.151536703109741,,,,,
60,607,2.456542491912842,,,,,
60,608,2.2971982955932617,,,,,
60,609,2.3123116493225098,,,,,
,120,,1.868528127670288,,,,
,121,,1.6128616333007812,,,,
60,609,,,1.8173948526382446,,,
60,609,,,,0.0,2.264457941055298,0.0
61,610,2.386775493621826,,,,,
61,611,2.427163600921631,,,,,
61,612,2.430436611175537,,,,,
61,613,2.345665216445923,,,,,
61,614,2.1878268718719482,,,,,
61,615,2.455321788787842,,,,,
61,616,2.114858627319336,,,,,
61,617,2.411027669906616,,,,,
61,618,2.091904640197754,,,,,
61,619,2.0179495811462402,,,,,
,122,,1.8597875833511353,,,,
,123,,1.604352355003357,,,,
61,619,,,1.8087005615234375,,,
61,619,,,,0.0,2.286893129348755,0.0
62,620,2.2256381511688232,,,,,
62,621,2.4831767082214355,,,,,
62,622,2.111212968826294,,,,,
62,623,2.342045307159424,,,,,
62,624,2.3892390727996826,,,,,
62,625,2.477841854095459,,,,,
62,626,2.431614398956299,,,,,
62,627,1.930884599685669,,,,,
62,628,2.1160972118377686,,,,,
62,629,2.031704902648926,,,,,
,124,,1.8541154861450195,,,,
,125,,1.598902702331543,,,,
62,629,,,1.8030729293823242,,,
62,629,,,,0.0,2.2539455890655518,0.0
63,630,2.1864283084869385,,,,,
63,631,2.177119255065918,,,,,
63,632,2.0845437049865723,,,,,
63,633,2.1848087310791016,,,,,
63,634,2.2200610637664795,,,,,
63,635,2.263237237930298,,,,,
63,636,2.2398886680603027,,,,,
63,637,2.2577223777770996,,,,,
63,638,2.009385585784912,,,,,
63,639,2.1518378257751465,,,,,
,126,,1.8496360778808594,,,,
,127,,1.5938442945480347,,,,
63,639,,,1.7984777688980103,,,
63,639,,,,0.0,2.1775031089782715,0.0
64,640,2.2311363220214844,,,,,
64,641,2.1626272201538086,,,,,
64,642,1.955148696899414,,,,,
64,643,2.416818618774414,,,,,
64,644,2.3844845294952393,,,,,
64,645,2.0912742614746094,,,,,
64,646,2.504448175430298,,,,,
64,647,2.067657947540283,,,,,
64,648,2.2122368812561035,,,,,
64,649,2.10678768157959,,,,,
,128,,1.8445696830749512,,,,
,129,,1.5878071784973145,,,,
64,649,,,1.7932173013687134,,,
64,649,,,,0.0,2.2132620811462402,0.0
65,650,2.1580233573913574,,,,,
65,651,2.376098155975342,,,,,
65,652,2.1406261920928955,,,,,
65,653,1.9456449747085571,,,,,
65,654,2.175091505050659,,,,,
65,655,2.152456760406494,,,,,
65,656,2.1721444129943848,,,,,
65,657,2.155216932296753,,,,,
65,658,2.1641011238098145,,,,,
65,659,2.2033755779266357,,,,,
,130,,1.838167667388916,,,,
,131,,1.581035852432251,,,,
65,659,,,1.7867412567138672,,,
65,659,,,,0.0,2.164278030395508,0.0
66,660,2.2034265995025635,,,,,
66,661,2.322993278503418,,,,,
66,662,2.127084970474243,,,,,
66,663,2.2060999870300293,,,,,
66,664,2.1823956966400146,,,,,
66,665,2.1668081283569336,,,,,
66,666,2.2551255226135254,,,,,
66,667,2.2344276905059814,,,,,
66,668,2.219590187072754,,,,,
66,669,2.1563267707824707,,,,,
,132,,1.832667350769043,,,,
,133,,1.5761163234710693,,,,
66,669,,,1.7813571691513062,,,
66,669,,,,0.0,2.207427978515625,0.0
67,670,2.170639753341675,,,,,
67,671,2.084077835083008,,,,,
67,672,2.45163893699646,,,,,
67,673,2.4479153156280518,,,,,
67,674,2.107842206954956,,,,,
67,675,2.1272659301757812,,,,,
67,676,2.0985217094421387,,,,,
67,677,2.095080614089966,,,,,
67,678,2.0851356983184814,,,,,
67,679,2.240326404571533,,,,,
,134,,1.8272883892059326,,,,
,135,,1.5709891319274902,,,,
67,679,,,1.7760283946990967,,,
67,679,,,,0.0,2.1908442974090576,0.0
68,680,2.233086109161377,,,,,
68,681,2.2498035430908203,,,,,
68,682,2.223423957824707,,,,,
68,683,2.1334009170532227,,,,,
68,684,2.1387224197387695,,,,,
68,685,2.222287178039551,,,,,
68,686,2.2691802978515625,,,,,
68,687,2.3218133449554443,,,,,
68,688,2.1242852210998535,,,,,
68,689,2.172929286956787,,,,,
,136,,1.8185012340545654,,,,
,137,,1.5631530284881592,,,,
68,689,,,1.767431616783142,,,
68,689,,,,0.0,2.208893299102783,0.0
69,690,2.232124090194702,,,,,
69,691,1.8881661891937256,,,,,
69,692,2.156588554382324,,,,,
69,693,2.191150188446045,,,,,
69,694,2.408816337585449,,,,,
69,695,2.0490617752075195,,,,,
69,696,2.152966260910034,,,,,
69,697,2.343289375305176,,,,,
69,698,2.334092140197754,,,,,
69,699,2.0536842346191406,,,,,
,138,,1.8102141618728638,,,,
,139,,1.5566895008087158,,,,
69,699,,,1.7595093250274658,,,
69,699,,,,0.0,2.1809940338134766,0.0
70,700,2.2567310333251953,,,,,
70,701,2.259856700897217,,,,,
70,702,2.1733880043029785,,,,,
70,703,2.1209230422973633,,,,,
70,704,2.138854742050171,,,,,
70,705,1.9905915260314941,,,,,
70,706,2.0901975631713867,,,,,
70,707,1.9049072265625,,,,,
70,708,2.1447391510009766,,,,,
70,709,2.198029041290283,,,,,
,140,,1.7989896535873413,,,,
,141,,1.5478956699371338,,,,
70,709,,,1.7487709522247314,,,
70,709,,,,0.0,2.127821683883667,0.0
71,710,2.1665658950805664,,,,,
71,711,2.0305471420288086,,,,,
71,712,2.307404041290283,,,,,
71,713,2.3117728233337402,,,,,
71,714,2.1691761016845703,,,,,
71,715,2.1753909587860107,,,,,
71,716,2.2345807552337646,,,,,
71,717,2.166107177734375,,,,,
71,718,2.059248447418213,,,,,
71,719,2.206925868988037,,,,,
,142,,1.7896621227264404,,,,
,143,,1.539780616760254,,,,
71,719,,,1.7396857738494873,,,
71,719,,,,0.0,2.182772159576416,0.0
72,720,2.188629388809204,,,,,
72,721,2.141016721725464,,,,,
72,722,2.362185001373291,,,,,
72,723,2.123600959777832,,,,,
72,724,1.9336483478546143,,,,,
72,725,2.395965576171875,,,,,
72,726,2.175367832183838,,,,,
72,727,2.208043098449707,,,,,
72,728,2.2560362815856934,,,,,
72,729,2.355436325073242,,,,,
,144,,1.7840014696121216,,,,
,145,,1.5328620672225952,,,,
72,729,,,1.7337735891342163,,,
72,729,,,,0.0,2.2139930725097656,0.0
73,730,2.1460061073303223,,,,,
73,731,2.343994617462158,,,,,
73,732,2.064673900604248,,,,,
73,733,2.1254777908325195,,,,,
73,734,1.9839389324188232,,,,,
73,735,2.2592015266418457,,,,,
73,736,2.085116386413574,,,,,
73,737,2.147096872329712,,,,,
73,738,1.9686672687530518,,,,,
73,739,2.093878746032715,,,,,
,146,,1.7793617248535156,,,,
,147,,1.5271878242492676,,,,
73,739,,,1.7289268970489502,,,
73,739,,,,0.0,2.121805191040039,0.0
74,740,1.9715722799301147,,,,,
74,741,2.036149501800537,,,,,
74,742,2.296739101409912,,,,,
74,743,2.1397817134857178,,,,,
74,744,2.262641191482544,,,,,
74,745,2.3190317153930664,,,,,
74,746,2.063342571258545,,,,,
74,747,2.2385201454162598,,,,,
74,748,2.1629109382629395,,,,,
74,749,2.1870522499084473,,,,,
,148,,1.7744061946868896,,,,
,149,,1.5222423076629639,,,,
74,749,,,1.7239735126495361,,,
74,749,,,,0.0,2.167774200439453,0.0
75,750,2.1465775966644287,,,,,
75,751,2.162008762359619,,,,,
75,752,2.2925338745117188,,,,,
75,753,2.0728743076324463,,,,,
75,754,2.1934330463409424,,,,,
75,755,2.179788589477539,,,,,
75,756,2.0837385654449463,,,,,
75,757,2.0762627124786377,,,,,
75,758,1.942999243736267,,,,,
75,759,2.079768180847168,,,,,
,150,,1.7677690982818604,,,,
,151,,1.5163428783416748,,,,
75,759,,,1.7174838781356812,,,
75,759,,,,0.0,2.1229987144470215,0.0
76,760,2.1259260177612305,,,,,
76,761,2.0772652626037598,,,,,
76,762,2.195366859436035,,,,,
76,763,2.2910099029541016,,,,,
76,764,2.2009215354919434,,,,,
76,765,2.0630900859832764,,,,,
76,766,2.0597355365753174,,,,,
76,767,1.9614152908325195,,,,,
76,768,2.026743173599243,,,,,
76,769,2.341871738433838,,,,,
,152,,1.762148141860962,,,,
,153,,1.511763572692871,,,,
76,769,,,1.712071180343628,,,
76,769,,,,0.0,2.1343345642089844,0.0
77,770,1.9591197967529297,,,,,
77,771,2.252267837524414,,,,,
77,772,2.152510404586792,,,,,
77,773,2.0801267623901367,,,,,
77,774,2.092635154724121,,,,,
77,775,2.239241123199463,,,,,
77,776,2.2071704864501953,,,,,
77,777,2.049060583114624,,,,,
77,778,2.1670522689819336,,,,,
77,779,2.1512041091918945,,,,,
,154,,1.7533748149871826,,,,
,155,,1.5028647184371948,,,,
77,779,,,1.703272819519043,,,
77,779,,,,0.0,2.1350388526916504,0.0
78,780,1.9596291780471802,,,,,
78,781,1.865889310836792,,,,,
78,782,2.1501405239105225,,,,,
78,783,2.3316476345062256,,,,,
78,784,2.389528274536133,,,,,
78,785,2.1269571781158447,,,,,
78,786,1.942336916923523,,,,,
78,787,2.0951523780822754,,,,,
78,788,2.128887414932251,,,,,
78,789,2.1868913173675537,,,,,
,156,,1.7429639101028442,,,,
,157,,1.4952417612075806,,,,
78,789,,,1.6934194564819336,,,
78,789,,,,0.0,2.117705821990967,0.0
79,790,2.2389440536499023,,,,,
79,791,1.9370143413543701,,,,,
79,792,2.0021259784698486,,,,,
79,793,2.166872501373291,,,,,
79,794,2.3653903007507324,,,,,
79,795,1.967064380645752,,,,,
79,796,1.986837387084961,,,,,
79,797,2.074730157852173,,,,,
79,798,2.086764097213745,,,,,
79,799,1.9652918577194214,,,,,
,158,,1.733381986618042,,,,
,159,,1.487384557723999,,,,
79,799,,,1.6841824054718018,,,
79,799,,,,0.0,2.079103469848633,0.0
80,800,2.145155906677246,,,,,
80,801,1.9787061214447021,,,,,
80,802,1.894890308380127,,,,,
80,803,2.0237655639648438,,,,,
80,804,2.0848567485809326,,,,,
80,805,2.3062236309051514,,,,,
80,806,2.0462231636047363,,,,,
80,807,2.188575267791748,,,,,
80,808,2.0476624965667725,,,,,
80,809,2.1282052993774414,,,,,
,160,,1.724107265472412,,,,
,161,,1.478874683380127,,,,
80,809,,,1.6750606298446655,,,
80,809,,,,0.0,2.0844264030456543,0.0
81,810,2.2546424865722656,,,,,
81,811,1.759533166885376,,,,,
81,812,1.9057250022888184,,,,,
81,813,2.129305362701416,,,,,
81,814,2.0995726585388184,,,,,
81,815,1.9384076595306396,,,,,
81,816,2.0465517044067383,,,,,
81,817,2.1808314323425293,,,,,
81,818,2.0526881217956543,,,,,
81,819,2.1895034313201904,,,,,
,162,,1.710038423538208,,,,
,163,,1.4651908874511719,,,,
81,819,,,1.6610686779022217,,,
81,819,,,,0.0,2.055675983428955,0.0
82,820,1.879486322402954,,,,,
82,821,2.15041446685791,,,,,
82,822,2.057755470275879,,,,,
82,823,2.085289239883423,,,,,
82,824,1.8715572357177734,,,,,
82,825,1.9167828559875488,,,,,
82,826,2.1543707847595215,,,,,
82,827,2.149902582168579,,,,,
82,828,1.886411190032959,,,,,
82,829,2.161646842956543,,,,,
,164,,1.6976591348648071,,,,
,165,,1.4528720378875732,,,,
82,829,,,1.6487016677856445,,,
82,829,,,,0.0,2.0313618183135986,0.0
83,830,1.9397640228271484,,,,,
83,831,1.8506773710250854,,,,,
83,832,2.0108413696289062,,,,,
83,833,1.9134562015533447,,,,,
83,834,2.314363956451416,,,,,
83,835,2.085890293121338,,,,,
83,836,2.0439693927764893,,,,,
83,837,2.045991897583008,,,,,
83,838,2.092397451400757,,,,,
83,839,2.02724289894104,,,,,
,166,,1.6879096031188965,,,,
,167,,1.44346284866333,,,,
83,839,,,1.639020323753357,,,
83,839,,,,0.0,2.0324594974517822,0.0
84,840,2.084352731704712,,,,,
84,841,1.942352294921875,,,,,
84,842,1.9124526977539062,,,,,
84,843,2.25783109664917,,,,,
84,844,1.8728985786437988,,,,,
84,845,2.0037574768066406,,,,,
84,846,2.167715549468994,,,,,
84,847,2.009521484375,,,,,
84,848,1.9690074920654297,,,,,
84,849,1.977384328842163,,,,,
,168,,1.676793098449707,,,,
,169,,1.4338908195495605,,,,
84,849,,,1.628212571144104,,,
84,849,,,,0.0,2.0197272300720215,0.0
85,850,1.9327142238616943,,,,,
85,851,1.976667881011963,,,,,
85,852,1.9083367586135864,,,,,
85,853,1.890014886856079,,,,,
85,854,2.0259008407592773,,,,,
85,855,2.1899471282958984,,,,,
85,856,1.8422789573669434,,,,,
85,857,2.0830085277557373,,,,,
85,858,1.984217643737793,,,,,
85,859,1.846879243850708,,,,,
,170,,1.6646294593811035,,,,
,171,,1.4229217767715454,,,,
85,859,,,1.6162879467010498,,,
85,859,,,,0.0,1.967996597290039,0.0
86,860,1.8474581241607666,,,,,
86,861,2.121865749359131,,,,,
86,862,2.042997360229492,,,,,
86,863,2.0513224601745605,,,,,
86,864,2.125850200653076,,,,,
86,865,2.074106216430664,,,,,
86,866,1.8711998462677002,,,,,
86,867,2.035170555114746,,,,,
86,868,2.1872572898864746,,,,,
86,869,1.964308500289917,,,,,
,172,,1.6562092304229736,,,,
,173,,1.415217638015747,,,,
86,869,,,1.6080108880996704,,,
86,869,,,,0.0,2.032153606414795,0.0
87,870,2.0127992630004883,,,,,
87,871,1.9389984607696533,,,,,
87,872,1.9498956203460693,,,,,
87,873,1.986497163772583,,,,,
87,874,2.1058759689331055,,,,,
87,875,1.9011671543121338,,,,,
87,876,2.1294476985931396,,,,,
87,877,2.016512870788574,,,,,
87,878,1.9874117374420166,,,,,
87,879,2.0137581825256348,,,,,
,174,,1.6469933986663818,,,,
,175,,1.4068360328674316,,,,
87,879,,,1.5989620685577393,,,
87,879,,,,0.0,2.0042364597320557,0.0
88,880,2.1026129722595215,,,,,
88,881,2.0223734378814697,,,,,
88,882,1.7140800952911377,,,,,
88,883,2.0775959491729736,,,,,
88,884,2.091003656387329,,,,,
88,885,2.0234317779541016,,,,,
88,886,2.0387258529663086,,,,,
88,887,1.8342193365097046,,,,,
88,888,1.9200215339660645,,,,,
88,889,2.3051810264587402,,,,,
,176,,1.6390252113342285,,,,
,177,,1.3997535705566406,,,,
88,889,,,1.5911710262298584,,,
88,889,,,,0.0,2.0129246711730957,0.0
89,890,2.029691457748413,,,,,
89,891,2.2979393005371094,,,,,
89,892,1.7446885108947754,,,,,
89,893,1.8424766063690186,,,,,
89,894,2.0287249088287354,,,,,
89,895,2.1283278465270996,,,,,
89,896,2.015606641769409,,,,,
89,897,2.0978105068206787,,,,,
89,898,1.794156789779663,,,,,
89,899,1.9135653972625732,,,,,
,178,,1.632157802581787,,,,
,179,,1.3935706615447998,,,,
89,899,,,1.5844404697418213,,,
89,899,,,,0.0,1.9892988204956055,0.0
90,900,2.1566319465637207,,,,,
90,901,2.055868625640869,,,,,
90,902,2.170111894607544,,,,,
90,903,1.8338520526885986,,,,,
90,904,1.8815147876739502,,,,,
90,905,1.8208234310150146,,,,,
90,906,1.8855276107788086,,,,,
90,907,2.0599732398986816,,,,,
90,908,1.862407922744751,,,,,
90,909,1.9501497745513916,,,,,
,180,,1.6153364181518555,,,,
,181,,1.378307580947876,,,,
90,909,,,1.5679305791854858,,,
90,909,,,,0.0,1.9676860570907593,0.0
91,910,1.98300039768219,,,,,
91,911,2.0669820308685303,,,,,
91,912,1.9353725910186768,,,,,
91,913,1.8952269554138184,,,,,
91,914,1.8711204528808594,,,,,
91,915,1.8641362190246582,,,,,
91,916,1.8641822338104248,,,,,
91,917,2.0934014320373535,,,,,
91,918,2.1739606857299805,,,,,
91,919,2.0822806358337402,,,,,
,182,,1.6110625267028809,,,,
,183,,1.3731417655944824,,,,
91,919,,,1.5634784698486328,,,
91,919,,,,0.0,1.982966661453247,0.0
92,920,1.8725528717041016,,,,,
92,921,1.7231966257095337,,,,,
92,922,1.9523379802703857,,,,,
92,923,1.9552361965179443,,,,,
92,924,2.087358236312866,,,,,
92,925,2.154303550720215,,,,,
92,926,1.642604112625122,,,,,
92,927,2.210550546646118,,,,,
92,928,1.8702948093414307,,,,,
92,929,1.9285242557525635,,,,,
,184,,1.5980424880981445,,,,
,185,,1.3616857528686523,,,,
92,929,,,1.5507711172103882,,,
92,929,,,,0.0,1.9396960735321045,0.0
93,930,2.171578884124756,,,,,
93,931,2.205918788909912,,,,,
93,932,2.040790319442749,,,,,
93,933,1.919852375984192,,,,,
93,934,1.8709092140197754,,,,,
93,935,1.9586540460586548,,,,,
93,936,1.7494091987609863,,,,,
93,937,1.8301116228103638,,,,,
93,938,2.121814250946045,,,,,
93,939,1.9190187454223633,,,,,
,186,,1.5790846347808838,,,,
,187,,1.344009280204773,,,,
93,939,,,1.532069444656372,,,
93,939,,,,0.0,1.9788058996200562,0.0
94,940,1.8790757656097412,,,,,
94,941,1.9558191299438477,,,,,
94,942,1.8645778894424438,,,,,
94,943,2.082334518432617,,,,,
94,944,2.2524008750915527,,,,,
94,945,1.9776179790496826,,,,,
94,946,2.0416316986083984,,,,,
94,947,1.761085033416748,,,,,
94,948,1.84901762008667,,,,,
94,949,1.924130916595459,,,,,
,188,,1.56321120262146,,,,
,189,,1.328905701637268,,,,
94,949,,,1.5163501501083374,,,
94,949,,,,0.0,1.9587692022323608,0.0
95,950,1.865221381187439,,,,,
95,951,1.849404215812683,,,,,
95,952,1.8696755170822144,,,,,
95,953,1.9801216125488281,,,,,
95,954,2.1577203273773193,,,,,
95,955,1.7815425395965576,,,,,
95,956,1.806267261505127,,,,,
95,957,1.7909709215164185,,,,,
95,958,2.1746416091918945,,,,,
95,959,1.876610517501831,,,,,
,190,,1.5581889152526855,,,,
,191,,1.323203206062317,,,,
95,959,,,1.5111918449401855,,,
95,959,,,,0.0,1.915217638015747,0.0
96,960,1.9037492275238037,,,,,
96,961,1.9523932933807373,,,,,
96,962,2.0857105255126953,,,,,
96,963,1.8664662837982178,,,,,
96,964,1.8759186267852783,,,,,
96,965,1.7636499404907227,,,,,
96,966,2.0001630783081055,,,,,
96,967,1.8915307521820068,,,,,
96,968,1.9559364318847656,,,,,
96,969,1.9049562215805054,,,,,
,192,,1.550626277923584,,,,
,193,,1.317197561264038,,,,
96,969,,,1.503940463066101,,,
96,969,,,,0.0,1.920047402381897,0.0
97,970,2.055224657058716,,,,,
97,971,1.937654972076416,,,,,
97,972,1.7061235904693604,,,,,
97,973,1.975762128829956,,,,,
97,974,1.9844605922698975,,,,,
97,975,1.7626184225082397,,,,,
97,976,1.8723185062408447,,,,,
97,977,1.9154337644577026,,,,,
97,978,1.9606378078460693,,,,,
97,979,1.824155330657959,,,,,
,194,,1.5369960069656372,,,,
,195,,1.3042676448822021,,,,
97,979,,,1.4904502630233765,,,
97,979,,,,0.0,1.8994388580322266,0.0
98,980,2.0473344326019287,,,,,
98,981,1.9675989151000977,,,,,
98,982,1.9977476596832275,,,,,
98,983,1.8915817737579346,,,,,
98,984,1.834322214126587,,,,,
98,985,1.9359686374664307,,,,,
98,986,1.882680892944336,,,,,
98,987,1.8960739374160767,,,,,
98,988,1.8728210926055908,,,,,
98,989,1.7650142908096313,,,,,
,196,,1.5249207019805908,,,,
,197,,1.293944001197815,,,,
98,989,,,1.4787251949310303,,,
98,989,,,,0.0,1.9091142416000366,0.0
99,990,1.8683284521102905,,,,,
99,991,1.8487164974212646,,,,,
99,992,2.172550678253174,,,,,
99,993,1.7316079139709473,,,,,
99,994,1.7658352851867676,,,,,
99,995,1.8995469808578491,,,,,
99,996,1.7459173202514648,,,,,
99,997,1.883777141571045,,,,,
99,998,1.9587067365646362,,,,,
99,999,1.7668826580047607,,,,,
,198,,1.5140618085861206,,,,
,199,,1.282442331314087,,,,
99,999,,,1.4677379131317139,,,
99,999,,,,0.0,1.8641868829727173,0.0
