step,csv-train_loss_step,csv-epoch,csv-val_loss_step,csv-val_loss_epoch,csv-accuracy/validator,csv-accuracy/exact,csv-train_loss_epoch
0,3.875772476196289,0,,,,,
1,3.656221628189087,0,,,,,
2,3.1098573207855225,0,,,,,
3,2.9214086532592773,0,,,,,
4,2.813655376434326,0,,,,,
5,2.7055721282958984,0,,,,,
6,2.628715753555298,0,,,,,
7,2.472769260406494,0,,,,,
8,2.3547708988189697,0,,,,,
9,2.285870313644409,0,,,,,
10,2.136326313018799,0,,,,,
11,2.122835159301758,0,,,,,
12,2.0470330715179443,0,,,,,
13,1.9545013904571533,0,,,,,
14,1.881284236907959,0,,,,,
15,1.804321527481079,0,,,,,
16,1.887892484664917,0,,,,,
17,1.8364112377166748,0,,,,,
18,1.623422622680664,0,,,,,
19,1.5885852575302124,0,,,,,
0,,,1.2726675271987915,,,,
1,,,1.3543649911880493,,,,
2,,,1.3171911239624023,,,,
19,,0,,1.3142513036727905,,,
19,,0,,,0.0052083334885537624,0.0,2.3853611946105957
20,1.6168001890182495,1,,,,,
21,1.5154147148132324,1,,,,,
22,1.591156244277954,1,,,,,
23,1.5454320907592773,1,,,,,
24,1.445872187614441,1,,,,,
25,1.414773941040039,1,,,,,
26,1.5170619487762451,1,,,,,
27,1.47012460231781,1,,,,,
28,1.3685663938522339,1,,,,,
29,1.4448351860046387,1,,,,,
30,1.3584914207458496,1,,,,,
31,1.3758670091629028,1,,,,,
32,1.3175723552703857,1,,,,,
33,1.2517610788345337,1,,,,,
34,1.2496768236160278,1,,,,,
35,1.2370405197143555,1,,,,,
36,1.203552007675171,1,,,,,
37,1.2812761068344116,1,,,,,
38,1.202094316482544,1,,,,,
39,1.1114897727966309,1,,,,,
3,,,0.8979219794273376,,,,
4,,,0.9956487417221069,,,,
5,,,0.9337864518165588,,,,
39,,1,,0.9441855549812317,,,
39,,1,,,0.09375,0.0052083334885537624,1.3759429454803467
40,1.0582396984100342,2,,,,,
41,1.1516987085342407,2,,,,,
42,1.1036070585250854,2,,,,,
43,1.1566659212112427,2,,,,,
44,1.1160759925842285,2,,,,,
45,1.056910514831543,2,,,,,
46,1.0651780366897583,2,,,,,
47,1.1114187240600586,2,,,,,
48,1.0507718324661255,2,,,,,
49,0.8920049667358398,2,,,,,
50,1.0289747714996338,2,,,,,
51,1.0237504243850708,2,,,,,
52,0.9420750737190247,2,,,,,
53,0.9801033735275269,2,,,,,
54,0.951366662979126,2,,,,,
55,0.8727546334266663,2,,,,,
56,0.9406049251556396,2,,,,,
57,0.8892199397087097,2,,,,,
58,1.0360761880874634,2,,,,,
59,0.9958257675170898,2,,,,,
6,,,0.733794093132019,,,,
7,,,0.838085412979126,,,,
8,,,0.745238721370697,,,,
59,,2,,0.7777995467185974,,,
59,,2,,,0.1197916641831398,0.0052083334885537624,1.021166205406189
60,0.9557148814201355,3,,,,,
61,0.97972571849823,3,,,,,
62,0.795363187789917,3,,,,,
63,0.8661172389984131,3,,,,,
64,0.9101342558860779,3,,,,,
65,0.8253598809242249,3,,,,,
66,0.7561839818954468,3,,,,,
67,0.7976716160774231,3,,,,,
68,0.7838214635848999,3,,,,,
69,1.0065077543258667,3,,,,,
70,0.8373560905456543,3,,,,,
71,0.7476342916488647,3,,,,,
72,0.7059247493743896,3,,,,,
73,0.8148273229598999,3,,,,,
74,0.782626748085022,3,,,,,
75,0.6053905487060547,3,,,,,
76,0.6766068935394287,3,,,,,
77,0.739444375038147,3,,,,,
78,0.8522993326187134,3,,,,,
79,0.7342233657836914,3,,,,,
9,,,0.5650631189346313,,,,
10,,,0.6653509140014648,,,,
11,,,0.5558966994285583,,,,
79,,3,,0.6033449172973633,,,
79,,3,,,0.328125,0.140625,0.8086466789245605
80,0.6975237727165222,4,,,,,
81,0.5954708456993103,4,,,,,
82,0.6687644720077515,4,,,,,
83,0.6897374987602234,4,,,,,
84,0.6893700361251831,4,,,,,
85,0.5928990244865417,4,,,,,
86,0.6640850901603699,4,,,,,
87,0.7657997012138367,4,,,,,
88,0.616603434085846,4,,,,,
89,0.637377142906189,4,,,,,
90,0.6323351263999939,4,,,,,
91,0.5840403437614441,4,,,,,
92,0.5351426005363464,4,,,,,
93,0.501699686050415,4,,,,,
94,0.5861784815788269,4,,,,,
95,0.7455970048904419,4,,,,,
96,0.5992890000343323,4,,,,,
97,0.5456448197364807,4,,,,,
98,0.7337756752967834,4,,,,,
99,0.4918195307254791,4,,,,,
12,,,0.3996301293373108,,,,
13,,,0.5179149508476257,,,,
14,,,0.41424089670181274,,,,
99,,4,,0.44986623525619507,,,
99,,4,,,0.515625,0.296875,0.6286576986312866
100,0.42266103625297546,5,,,,,
101,0.5072533488273621,5,,,,,
102,0.476006418466568,5,,,,,
103,0.5641066431999207,5,,,,,
104,0.6032361388206482,5,,,,,
105,0.5493965148925781,5,,,,,
106,0.662174642086029,5,,,,,
107,0.42549026012420654,5,,,,,
108,0.350486695766449,5,,,,,
109,0.5679329037666321,5,,,,,
110,0.37749046087265015,5,,,,,
111,0.4959764778614044,5,,,,,
112,0.45769861340522766,5,,,,,
113,0.5061955451965332,5,,,,,
114,0.4704679250717163,5,,,,,
115,0.38364046812057495,5,,,,,
116,0.4101468622684479,5,,,,,
117,0.4368988871574402,5,,,,,
118,0.2924165427684784,5,,,,,
119,0.35671862959861755,5,,,,,
15,,,0.31555426120758057,,,,
16,,,0.44406360387802124,,,,
17,,,0.3417077958583832,,,,
119,,5,,0.3721886873245239,,,
119,,5,,,0.6302083134651184,0.3854166567325592,0.46581974625587463
120,0.4217011034488678,6,,,,,
121,0.40297749638557434,6,,,,,
122,0.29456862807273865,6,,,,,
123,0.5262143015861511,6,,,,,
124,0.4549407362937927,6,,,,,
125,0.4016873836517334,6,,,,,
126,0.4353412389755249,6,,,,,
127,0.31817206740379333,6,,,,,
128,0.4193522334098816,6,,,,,
129,0.30339717864990234,6,,,,,
130,0.3401421904563904,6,,,,,
131,0.45880642533302307,6,,,,,
132,0.43545016646385193,6,,,,,
133,0.29380565881729126,6,,,,,
134,0.3552061915397644,6,,,,,
135,0.2939346432685852,6,,,,,
136,0.31676965951919556,6,,,,,
137,0.3788573145866394,6,,,,,
138,0.3305409848690033,6,,,,,
139,0.5042104125022888,6,,,,,
18,,,0.27369746565818787,,,,
19,,,0.4079814553260803,,,,
20,,,0.3005281090736389,,,,
139,,6,,0.332777202129364,,,
139,,6,,,0.875,0.4375,0.3843038082122803
140,0.35877496004104614,7,,,,,
141,0.3610597848892212,7,,,,,
142,0.3437592387199402,7,,,,,
143,0.2373018115758896,7,,,,,
144,0.45552295446395874,7,,,,,
145,0.36098676919937134,7,,,,,
146,0.27523988485336304,7,,,,,
147,0.3295169770717621,7,,,,,
148,0.4375540614128113,7,,,,,
149,0.3442372977733612,7,,,,,
150,0.28058046102523804,7,,,,,
151,0.272167444229126,7,,,,,
152,0.3514811396598816,7,,,,,
153,0.20279693603515625,7,,,,,
154,0.3310963213443756,7,,,,,
155,0.37788379192352295,7,,,,,
156,0.30270659923553467,7,,,,,
157,0.27811703085899353,7,,,,,
158,0.3630981147289276,7,,,,,
159,0.4389953017234802,7,,,,,
21,,,0.2354440540075302,,,,
22,,,0.36313146352767944,,,,
23,,,0.2587765157222748,,,,
159,,7,,0.29118549823760986,,,
159,,7,,,0.8645833134651184,0.4583333432674408,0.3351438641548157
160,0.31160423159599304,8,,,,,
161,0.32895439863204956,8,,,,,
162,0.2550387978553772,8,,,,,
163,0.37338322401046753,8,,,,,
164,0.3669651746749878,8,,,,,
165,0.2932479679584503,8,,,,,
166,0.44571539759635925,8,,,,,
167,0.3228328824043274,8,,,,,
168,0.2809717655181885,8,,,,,
169,0.29407238960266113,8,,,,,
170,0.40194010734558105,8,,,,,
171,0.20316603779792786,8,,,,,
172,0.24868878722190857,8,,,,,
173,0.2808840572834015,8,,,,,
174,0.24606865644454956,8,,,,,
175,0.27653181552886963,8,,,,,
176,0.1997162401676178,8,,,,,
177,0.31299448013305664,8,,,,,
178,0.20154450833797455,8,,,,,
179,0.31556642055511475,8,,,,,
24,,,0.20294220745563507,,,,
25,,,0.3096170425415039,,,,
26,,,0.2224695384502411,,,,
179,,8,,0.24951758980751038,,,
179,,8,,,0.84375,0.4479166567325592,0.29799434542655945
180,0.21549956500530243,9,,,,,
181,0.23546649515628815,9,,,,,
182,0.2750869691371918,9,,,,,
183,0.353316068649292,9,,,,,
184,0.19728043675422668,9,,,,,
185,0.24488747119903564,9,,,,,
186,0.2706397771835327,9,,,,,
187,0.3083112835884094,9,,,,,
188,0.2962739169597626,9,,,,,
189,0.2445937991142273,9,,,,,
190,0.3716365694999695,9,,,,,
191,0.27355024218559265,9,,,,,
192,0.27324166893959045,9,,,,,
193,0.24088557064533234,9,,,,,
194,0.2397780567407608,9,,,,,
195,0.2316669076681137,9,,,,,
196,0.23074325919151306,9,,,,,
197,0.21776634454727173,9,,,,,
198,0.3248980641365051,9,,,,,
199,0.31407442688941956,9,,,,,
27,,,0.19249467551708221,,,,
28,,,0.28004711866378784,,,,
29,,,0.1989026516675949,,,,
199,,9,,0.22879724204540253,,,
199,,9,,,0.84375,0.4322916567325592,0.26797983050346375
200,0.1955793797969818,10,,,,,
201,0.3221522569656372,10,,,,,
202,0.1706615537405014,10,,,,,
203,0.32407811284065247,10,,,,,
204,0.22847366333007812,10,,,,,
205,0.24474617838859558,10,,,,,
206,0.2408391237258911,10,,,,,
207,0.2402242124080658,10,,,,,
208,0.26318833231925964,10,,,,,
209,0.24396775662899017,10,,,,,
210,0.2555427551269531,10,,,,,
211,0.26485541462898254,10,,,,,
212,0.20289714634418488,10,,,,,
213,0.3006632328033447,10,,,,,
214,0.25300896167755127,10,,,,,
215,0.25609490275382996,10,,,,,
216,0.1899919956922531,10,,,,,
217,0.2210690975189209,10,,,,,
218,0.3118320107460022,10,,,,,
219,0.28204089403152466,10,,,,,
30,,,0.17135044932365417,,,,
31,,,0.24529652297496796,,,,
32,,,0.17305956780910492,,,,
219,,10,,0.2012706995010376,,,
219,,10,,,0.8333333134651184,0.4427083432674408,0.250595360994339
220,0.254525363445282,11,,,,,
221,0.2864401340484619,11,,,,,
222,0.17402106523513794,11,,,,,
223,0.28007587790489197,11,,,,,
224,0.28936144709587097,11,,,,,
225,0.19059854745864868,11,,,,,
226,0.2552296817302704,11,,,,,
227,0.2219051718711853,11,,,,,
228,0.1991366446018219,11,,,,,
229,0.19972926378250122,11,,,,,
230,0.1856776922941208,11,,,,,
231,0.2153407484292984,11,,,,,
232,0.2020520567893982,11,,,,,
233,0.23204249143600464,11,,,,,
234,0.27434515953063965,11,,,,,
235,0.22561019659042358,11,,,,,
236,0.21343892812728882,11,,,,,
237,0.20374459028244019,11,,,,,
238,0.31295230984687805,11,,,,,
239,0.2626578211784363,11,,,,,
33,,,0.1395726054906845,,,,
34,,,0.2088189423084259,,,,
35,,,0.1450773924589157,,,,
239,,11,,0.16837209463119507,,,
239,,11,,,0.859375,0.5260416865348816,0.23394425213336945
240,0.1493842899799347,12,,,,,
241,0.18123263120651245,12,,,,,
242,0.21546532213687897,12,,,,,
243,0.17766521871089935,12,,,,,
244,0.26437968015670776,12,,,,,
245,0.2599829435348511,12,,,,,
246,0.2378867268562317,12,,,,,
247,0.2404586523771286,12,,,,,
248,0.20526385307312012,12,,,,,
249,0.2094801813364029,12,,,,,
250,0.20466803014278412,12,,,,,
251,0.26478543877601624,12,,,,,
252,0.21209542453289032,12,,,,,
253,0.16044996678829193,12,,,,,
254,0.26393187046051025,12,,,,,
255,0.22032491862773895,12,,,,,
256,0.20015022158622742,12,,,,,
257,0.16409820318222046,12,,,,,
258,0.23322385549545288,12,,,,,
259,0.20467175543308258,12,,,,,
36,,,0.1202520951628685,,,,
37,,,0.18077804148197174,,,,
38,,,0.11990221589803696,,,,
259,,12,,0.1443924903869629,,,
259,,12,,,0.890625,0.5208333134651184,0.21347996592521667
260,0.20047526061534882,13,,,,,
261,0.3148593604564667,13,,,,,
262,0.14265812933444977,13,,,,,
263,0.2119760513305664,13,,,,,
264,0.16822078824043274,13,,,,,
265,0.1999368667602539,13,,,,,
266,0.2117893248796463,13,,,,,
267,0.23616807162761688,13,,,,,
268,0.23875385522842407,13,,,,,
269,0.19866827130317688,13,,,,,
270,0.1891726553440094,13,,,,,
271,0.1920345276594162,13,,,,,
272,0.13994774222373962,13,,,,,
273,0.14740405976772308,13,,,,,
274,0.15870575606822968,13,,,,,
275,0.16482305526733398,13,,,,,
276,0.17439882457256317,13,,,,,
277,0.1626519411802292,13,,,,,
278,0.20429174602031708,13,,,,,
279,0.23963844776153564,13,,,,,
39,,,0.10453783720731735,,,,
40,,,0.15206298232078552,,,,
41,,,0.1010793149471283,,,,
279,,13,,0.12285618484020233,,,
279,,13,,,0.8854166865348816,0.5520833134651184,0.19482871890068054
280,0.1821989268064499,14,,,,,
281,0.13595269620418549,14,,,,,
282,0.22384078800678253,14,,,,,
283,0.1982652097940445,14,,,,,
284,0.15455622971057892,14,,,,,
285,0.19834941625595093,14,,,,,
286,0.21419046819210052,14,,,,,
287,0.15977783501148224,14,,,,,
288,0.16654103994369507,14,,,,,
289,0.15615645051002502,14,,,,,
290,0.17986054718494415,14,,,,,
291,0.21975737810134888,14,,,,,
292,0.1646723747253418,14,,,,,
293,0.20813843607902527,14,,,,,
294,0.11429145187139511,14,,,,,
295,0.21570082008838654,14,,,,,
296,0.14654195308685303,14,,,,,
297,0.17705664038658142,14,,,,,
298,0.23610948026180267,14,,,,,
299,0.2132360339164734,14,,,,,
42,,,0.095177561044693,,,,
43,,,0.13154831528663635,,,,
44,,,0.0865948274731636,,,,
299,,14,,0.10800930112600327,,,
299,,14,,,0.8489583134651184,0.5572916865348816,0.18325971066951752
300,0.1990463137626648,15,,,,,
301,0.14218223094940186,15,,,,,
302,0.20537890493869781,15,,,,,
303,0.1328241378068924,15,,,,,
304,0.2421932816505432,15,,,,,
305,0.16693265736103058,15,,,,,
306,0.1858275830745697,15,,,,,
307,0.13922818005084991,15,,,,,
308,0.13486990332603455,15,,,,,
309,0.15342769026756287,15,,,,,
310,0.18806192278862,15,,,,,
311,0.1815190613269806,15,,,,,
312,0.17889218032360077,15,,,,,
313,0.18495981395244598,15,,,,,
314,0.16105687618255615,15,,,,,
315,0.14777491986751556,15,,,,,
316,0.23712895810604095,15,,,,,
317,0.20347332954406738,15,,,,,
318,0.1096499040722847,15,,,,,
319,0.12610889971256256,15,,,,,
45,,,0.09001033008098602,,,,
46,,,0.12081681936979294,,,,
47,,,0.0789157822728157,,,,
319,,15,,0.10011402517557144,,,
319,,15,,,0.7864583134651184,0.5364583134651184,0.17102685570716858
320,0.17087322473526,16,,,,,
321,0.1687796711921692,16,,,,,
322,0.12355993688106537,16,,,,,
323,0.1576565057039261,16,,,,,
324,0.15240755677223206,16,,,,,
325,0.14908233284950256,16,,,,,
326,0.19220246374607086,16,,,,,
327,0.18756961822509766,16,,,,,
328,0.16423922777175903,16,,,,,
329,0.13009141385555267,16,,,,,
330,0.18614152073860168,16,,,,,
331,0.18804039061069489,16,,,,,
332,0.17503389716148376,16,,,,,
333,0.12059969455003738,16,,,,,
334,0.17960478365421295,16,,,,,
335,0.18455827236175537,16,,,,,
336,0.15927836298942566,16,,,,,
337,0.1613820493221283,16,,,,,
338,0.09812364727258682,16,,,,,
339,0.16050441563129425,16,,,,,
48,,,0.081181600689888,,,,
49,,,0.09911885857582092,,,,
50,,,0.06792759895324707,,,,
339,,16,,0.0857057049870491,,,
339,,16,,,0.8541666865348816,0.5572916865348816,0.16048644483089447
340,0.1391250342130661,17,,,,,
341,0.1477890908718109,17,,,,,
342,0.19035419821739197,17,,,,,
343,0.1427639126777649,17,,,,,
344,0.20604920387268066,17,,,,,
345,0.15398238599300385,17,,,,,
346,0.11796203255653381,17,,,,,
347,0.16897939145565033,17,,,,,
348,0.14745572209358215,17,,,,,
349,0.15835750102996826,17,,,,,
350,0.19043336808681488,17,,,,,
351,0.11092948168516159,17,,,,,
352,0.17700378596782684,17,,,,,
353,0.11529532819986343,17,,,,,
354,0.1000404953956604,17,,,,,
355,0.11827017366886139,17,,,,,
356,0.14429540932178497,17,,,,,
357,0.18476353585720062,17,,,,,
358,0.10731874406337738,17,,,,,
359,0.16488879919052124,17,,,,,
51,,,0.07288438081741333,,,,
52,,,0.0912371277809143,,,,
53,,,0.06055145710706711,,,,
359,,17,,0.07775890827178955,,,
359,,17,,,0.8541666865348816,0.5833333134651184,0.14930285513401031
360,0.1254378706216812,18,,,,,
361,0.13336661458015442,18,,,,,
362,0.12015293538570404,18,,,,,
363,0.17026233673095703,18,,,,,
364,0.14370548725128174,18,,,,,
365,0.1626141369342804,18,,,,,
366,0.11760680377483368,18,,,,,
367,0.1323384791612625,18,,,,,
368,0.11783616989850998,18,,,,,
369,0.17865338921546936,18,,,,,
370,0.15875893831253052,18,,,,,
371,0.11320307850837708,18,,,,,
372,0.15081271529197693,18,,,,,
373,0.15086625516414642,18,,,,,
374,0.1340126395225525,18,,,,,
375,0.11525911837816238,18,,,,,
376,0.13736724853515625,18,,,,,
377,0.14440518617630005,18,,,,,
378,0.16282959282398224,18,,,,,
379,0.13092081248760223,18,,,,,
54,,,0.06804622709751129,,,,
55,,,0.07867880165576935,,,,
56,,,0.05610040947794914,,,,
379,,18,,0.06991009414196014,,,
379,,18,,,0.8697916865348816,0.625,0.140020489692688
380,0.10761426389217377,19,,,,,
381,0.12016452848911285,19,,,,,
382,0.23006513714790344,19,,,,,
383,0.1786200851202011,19,,,,,
384,0.14755217730998993,19,,,,,
385,0.12592734396457672,19,,,,,
386,0.14021940529346466,19,,,,,
387,0.10752838104963303,19,,,,,
388,0.13395284116268158,19,,,,,
389,0.1164180338382721,19,,,,,
390,0.11639486253261566,19,,,,,
391,0.1426447480916977,19,,,,,
392,0.14488103985786438,19,,,,,
393,0.1684015393257141,19,,,,,
394,0.09271711111068726,19,,,,,
395,0.1214776337146759,19,,,,,
396,0.11936765909194946,19,,,,,
397,0.17322112619876862,19,,,,,
398,0.08390963822603226,19,,,,,
399,0.1201070100069046,19,,,,,
57,,,0.06582426279783249,,,,
58,,,0.06973953545093536,,,,
59,,,0.053354412317276,,,,
399,,19,,0.06489640474319458,,,
399,,19,,,0.8489583134651184,0.6041666865348816,0.13455922901630402
400,0.135521799325943,20,,,,,
401,0.1309933066368103,20,,,,,
402,0.13146066665649414,20,,,,,
403,0.10642290115356445,20,,,,,
404,0.14800289273262024,20,,,,,
405,0.10098815709352493,20,,,,,
406,0.14106063544750214,20,,,,,
407,0.13873401284217834,20,,,,,
408,0.12575137615203857,20,,,,,
409,0.15873576700687408,20,,,,,
410,0.1376112550497055,20,,,,,
411,0.12249817699193954,20,,,,,
412,0.10737519711256027,20,,,,,
413,0.12448665499687195,20,,,,,
414,0.11867433786392212,20,,,,,
415,0.1660030484199524,20,,,,,
416,0.14193980395793915,20,,,,,
417,0.11330344527959824,20,,,,,
418,0.11511101573705673,20,,,,,
419,0.1257743388414383,20,,,,,
60,,,0.06215336173772812,,,,
61,,,0.06751007586717606,,,,
62,,,0.04862378537654877,,,,
419,,20,,0.06159014254808426,,,
419,,20,,,0.8489583134651184,0.6458333134651184,0.129522442817688
420,0.10433614999055862,21,,,,,
421,0.12505844235420227,21,,,,,
422,0.18551680445671082,21,,,,,
423,0.12608672678470612,21,,,,,
424,0.11334935575723648,21,,,,,
425,0.13723278045654297,21,,,,,
426,0.09953634440898895,21,,,,,
427,0.10712069272994995,21,,,,,
428,0.1265169084072113,21,,,,,
429,0.0877356082201004,21,,,,,
430,0.08210422098636627,21,,,,,
431,0.13865889608860016,21,,,,,
432,0.10667134076356888,21,,,,,
433,0.1326073557138443,21,,,,,
434,0.11930406093597412,21,,,,,
435,0.11142599582672119,21,,,,,
436,0.14268089830875397,21,,,,,
437,0.10615205764770508,21,,,,,
438,0.12839391827583313,21,,,,,
439,0.14315956830978394,21,,,,,
63,,,0.06961719691753387,,,,
64,,,0.07255375385284424,,,,
65,,,0.05011794716119766,,,,
439,,21,,0.06689196825027466,,,
439,,21,,,0.8177083134651184,0.6041666865348816,0.1211824044585228
440,0.1346069723367691,22,,,,,
441,0.09485922008752823,22,,,,,
442,0.09931839257478714,22,,,,,
443,0.12283919006586075,22,,,,,
444,0.1306789219379425,22,,,,,
445,0.10026857256889343,22,,,,,
446,0.10762696713209152,22,,,,,
447,0.12142915278673172,22,,,,,
448,0.08091656863689423,22,,,,,
449,0.11810819059610367,22,,,,,
450,0.13675817847251892,22,,,,,
451,0.09483849257230759,22,,,,,
452,0.10305860638618469,22,,,,,
453,0.11607641726732254,22,,,,,
454,0.10309325158596039,22,,,,,
455,0.12035486102104187,22,,,,,
456,0.1391412317752838,22,,,,,
457,0.13187426328659058,22,,,,,
458,0.10441833734512329,22,,,,,
459,0.11796928197145462,22,,,,,
66,,,0.05654614046216011,,,,
67,,,0.060537729412317276,,,,
68,,,0.043779708445072174,,,,
459,,22,,0.05558948591351509,,,
459,,22,,,0.8072916865348816,0.6458333134651184,0.11391176283359528
460,0.13197024166584015,23,,,,,
461,0.1134253740310669,23,,,,,
462,0.08375409245491028,23,,,,,
463,0.10347071290016174,23,,,,,
464,0.12933655083179474,23,,,,,
465,0.13784681260585785,23,,,,,
466,0.09565701335668564,23,,,,,
467,0.10160161554813385,23,,,,,
468,0.10767199844121933,23,,,,,
469,0.09551603347063065,23,,,,,
470,0.11923710256814957,23,,,,,
471,0.11173371970653534,23,,,,,
472,0.0730443149805069,23,,,,,
473,0.1024756133556366,23,,,,,
474,0.08532648533582687,23,,,,,
475,0.09173917025327682,23,,,,,
476,0.12666113674640656,23,,,,,
477,0.0957588404417038,23,,,,,
478,0.0943204015493393,23,,,,,
479,0.09720395505428314,23,,,,,
69,,,0.05544799938797951,,,,
70,,,0.05943074822425842,,,,
71,,,0.04329972341656685,,,,
479,,23,,0.0546114444732666,,,
479,,23,,,0.9010416865348816,0.6458333134651184,0.10488756000995636
480,0.09331480413675308,24,,,,,
481,0.09310755878686905,24,,,,,
482,0.07446415722370148,24,,,,,
483,0.0919327586889267,24,,,,,
484,0.08831406384706497,24,,,,,
485,0.12903352081775665,24,,,,,
486,0.1091158464550972,24,,,,,
487,0.10643859952688217,24,,,,,
488,0.09919965267181396,24,,,,,
489,0.11883679777383804,24,,,,,
490,0.1270219087600708,24,,,,,
491,0.10586900264024734,24,,,,,
492,0.07977215945720673,24,,,,,
493,0.10263574123382568,24,,,,,
494,0.13592074811458588,24,,,,,
495,0.09907914698123932,24,,,,,
496,0.11475434899330139,24,,,,,
497,0.09259352087974548,24,,,,,
498,0.09774946421384811,24,,,,,
499,0.08639552444219589,24,,,,,
72,,,0.048509445041418076,,,,
73,,,0.05323012173175812,,,,
74,,,0.037017807364463806,,,,
499,,24,,0.04809939116239548,,,
499,,24,,,0.90625,0.6666666865348816,0.102277472615242
500,0.10813996940851212,25,,,,,
501,0.08920276165008545,25,,,,,
502,0.07662251591682434,25,,,,,
503,0.12699435651302338,25,,,,,
504,0.09007452428340912,25,,,,,
505,0.1052670031785965,25,,,,,
506,0.0875491201877594,25,,,,,
507,0.09423676133155823,25,,,,,
508,0.10477134585380554,25,,,,,
509,0.09227824956178665,25,,,,,
510,0.07573476433753967,25,,,,,
511,0.11339268833398819,25,,,,,
512,0.08300826698541641,25,,,,,
513,0.12263766676187515,25,,,,,
514,0.12206481397151947,25,,,,,
515,0.06491614878177643,25,,,,,
516,0.05098516494035721,25,,,,,
517,0.09554564952850342,25,,,,,
518,0.09549014270305634,25,,,,,
519,0.0658666342496872,25,,,,,
75,,,0.04144521802663803,,,,
76,,,0.04955197125673294,,,,
77,,,0.03464200720191002,,,,
519,,25,,0.04332727566361427,,,
519,,25,,,0.921875,0.6979166865348816,0.09323892742395401
520,0.06385155767202377,26,,,,,
521,0.0900154784321785,26,,,,,
522,0.07741843163967133,26,,,,,
523,0.08317830413579941,26,,,,,
524,0.13633309304714203,26,,,,,
525,0.06690987199544907,26,,,,,
526,0.10257076472043991,26,,,,,
527,0.09336499124765396,26,,,,,
528,0.09031608700752258,26,,,,,
529,0.09869956970214844,26,,,,,
530,0.08762672543525696,26,,,,,
531,0.12969915568828583,26,,,,,
532,0.08126639574766159,26,,,,,
533,0.1156090572476387,26,,,,,
534,0.07670404762029648,26,,,,,
535,0.10498687624931335,26,,,,,
536,0.06494730710983276,26,,,,,
537,0.09987431019544601,26,,,,,
538,0.094545379281044,26,,,,,
539,0.096471406519413,26,,,,,
78,,,0.04174250736832619,,,,
79,,,0.052401330322027206,,,,
80,,,0.03654959425330162,,,,
539,,26,,0.04496745392680168,,,
539,,26,,,0.8541666865348816,0.703125,0.09271944314241409
540,0.09800136834383011,27,,,,,
541,0.08865813165903091,27,,,,,
542,0.08073196560144424,27,,,,,
543,0.0777137354016304,27,,,,,
544,0.07523446530103683,27,,,,,
545,0.10885093361139297,27,,,,,
546,0.09686526656150818,27,,,,,
547,0.09641686826944351,27,,,,,
548,0.1089438796043396,27,,,,,
549,0.0911179780960083,27,,,,,
550,0.10355101525783539,27,,,,,
551,0.08893322199583054,27,,,,,
552,0.09312588721513748,27,,,,,
553,0.07267441600561142,27,,,,,
554,0.1112174540758133,27,,,,,
555,0.07331763207912445,27,,,,,
556,0.09644746780395508,27,,,,,
557,0.08809959888458252,27,,,,,
558,0.07326376438140869,27,,,,,
559,0.05912773683667183,27,,,,,
81,,,0.03928842023015022,,,,
82,,,0.047336164861917496,,,,
83,,,0.03129962459206581,,,,
559,,27,,0.04090975597500801,,,
559,,27,,,0.921875,0.71875,0.08911463618278503
560,0.07630819082260132,28,,,,,
561,0.07902757078409195,28,,,,,
562,0.04906764253973961,28,,,,,
563,0.06138298287987709,28,,,,,
564,0.09265892952680588,28,,,,,
565,0.0686512216925621,28,,,,,
566,0.07039801776409149,28,,,,,
567,0.08241946995258331,28,,,,,
568,0.07452376931905746,28,,,,,
569,0.07109670341014862,28,,,,,
570,0.05710744112730026,28,,,,,
571,0.07126335054636002,28,,,,,
572,0.09134532511234283,28,,,,,
573,0.11112845689058304,28,,,,,
574,0.09563455730676651,28,,,,,
575,0.10096924006938934,28,,,,,
576,0.08000873774290085,28,,,,,
577,0.0814226046204567,28,,,,,
578,0.11441127955913544,28,,,,,
579,0.0760074108839035,28,,,,,
84,,,0.03802663832902908,,,,
85,,,0.044080667197704315,,,,
86,,,0.03453711047768593,,,,
579,,28,,0.039750345051288605,,,
579,,28,,,0.9479166865348816,0.6927083134651184,0.08024165779352188
580,0.07791067659854889,29,,,,,
581,0.0910864844918251,29,,,,,
582,0.05833566188812256,29,,,,,
583,0.0915403962135315,29,,,,,
584,0.08639712631702423,29,,,,,
585,0.06071238964796066,29,,,,,
586,0.107603520154953,29,,,,,
587,0.11900156736373901,29,,,,,
588,0.05772410333156586,29,,,,,
589,0.042608842253685,29,,,,,
590,0.09906614571809769,29,,,,,
591,0.07442501932382584,29,,,,,
592,0.0707717165350914,29,,,,,
593,0.11104878783226013,29,,,,,
594,0.07972469925880432,29,,,,,
595,0.09586363285779953,29,,,,,
596,0.07846878468990326,29,,,,,
597,0.08640501648187637,29,,,,,
598,0.052325982600450516,29,,,,,
599,0.05815121904015541,29,,,,,
87,,,0.03646855056285858,,,,
88,,,0.04409259557723999,,,,
89,,,0.031487952917814255,,,,
599,,29,,0.03852204605937004,,,
599,,29,,,0.921875,0.71875,0.07995858788490295
600,0.06613588333129883,30,,,,,
601,0.0601365752518177,30,,,,,
602,0.06914965063333511,30,,,,,
603,0.06070362776517868,30,,,,,
604,0.0911627933382988,30,,,,,
605,0.07487856596708298,30,,,,,
606,0.08623762428760529,30,,,,,
607,0.08348513394594193,30,,,,,
608,0.05277571454644203,30,,,,,
609,0.06354402005672455,30,,,,,
610,0.06104147434234619,30,,,,,
611,0.07462776452302933,30,,,,,
612,0.06441206485033035,30,,,,,
613,0.09416408091783524,30,,,,,
614,0.07659940421581268,30,,,,,
615,0.08819955587387085,30,,,,,
616,0.08787554502487183,30,,,,,
617,0.07481719553470612,30,,,,,
618,0.07371674478054047,30,,,,,
619,0.09549132734537125,30,,,,,
90,,,0.03579532727599144,,,,
91,,,0.04263092204928398,,,,
92,,,0.026633214205503464,,,,
619,,30,,0.0366971418261528,,,
619,,30,,,0.9583333134651184,0.71875,0.07495774328708649
620,0.04982589930295944,31,,,,,
621,0.0771409273147583,31,,,,,
622,0.09074801951646805,31,,,,,
623,0.08777377009391785,31,,,,,
624,0.06385812908411026,31,,,,,
625,0.04681670665740967,31,,,,,
626,0.09471605718135834,31,,,,,
627,0.048726119101047516,31,,,,,
628,0.07629003375768661,31,,,,,
629,0.0486208014190197,31,,,,,
630,0.07461822777986526,31,,,,,
631,0.09217136353254318,31,,,,,
632,0.07308326661586761,31,,,,,
633,0.06647799909114838,31,,,,,
634,0.04914582893252373,31,,,,,
635,0.08471362292766571,31,,,,,
636,0.08246362209320068,31,,,,,
637,0.06574204564094543,31,,,,,
638,0.0613204687833786,31,,,,,
639,0.07296789437532425,31,,,,,
93,,,0.031945280730724335,,,,
94,,,0.0387115404009819,,,,
95,,,0.027481405064463615,,,,
639,,31,,0.03375900909304619,,,
639,,31,,,0.953125,0.7239583134651184,0.07036104798316956
640,0.04564153775572777,32,,,,,
641,0.08345399051904678,32,,,,,
642,0.09382306039333344,32,,,,,
643,0.08582998812198639,32,,,,,
644,0.062382880598306656,32,,,,,
645,0.07017242908477783,32,,,,,
646,0.08474785089492798,32,,,,,
647,0.06681186705827713,32,,,,,
648,0.06450645625591278,32,,,,,
649,0.09743291884660721,32,,,,,
650,0.07065296918153763,32,,,,,
651,0.06468883156776428,32,,,,,
652,0.0711076408624649,32,,,,,
653,0.07283492386341095,32,,,,,
654,0.0604860819876194,32,,,,,
655,0.07643111050128937,32,,,,,
656,0.05817728489637375,32,,,,,
657,0.06542469561100006,32,,,,,
658,0.08358757942914963,32,,,,,
659,0.06537143886089325,32,,,,,
96,,,0.03432197496294975,,,,
97,,,0.03886089473962784,,,,
98,,,0.029930392280220985,,,,
659,,32,,0.03525922819972038,,,
659,,32,,,0.9635416865348816,0.7083333134651184,0.07217827439308167
660,0.06888727843761444,33,,,,,
661,0.04924017935991287,33,,,,,
662,0.06364348530769348,33,,,,,
663,0.08509346097707748,33,,,,,
664,0.07628215104341507,33,,,,,
665,0.05268091335892677,33,,,,,
666,0.05387607216835022,33,,,,,
667,0.04961300268769264,33,,,,,
668,0.06387357413768768,33,,,,,
669,0.08253374695777893,33,,,,,
670,0.062063902616500854,33,,,,,
671,0.07515810430049896,33,,,,,
672,0.09008090943098068,33,,,,,
673,0.04919585585594177,33,,,,,
674,0.053701430559158325,33,,,,,
675,0.05075809359550476,33,,,,,
676,0.05156818777322769,33,,,,,
677,0.0627652183175087,33,,,,,
678,0.08755786716938019,33,,,,,
679,0.04107871651649475,33,,,,,
99,,,0.03218800947070122,,,,
100,,,0.037938833236694336,,,,
101,,,0.02522866055369377,,,,
679,,33,,0.03309646621346474,,,
679,,33,,,0.96875,0.7291666865348816,0.0634826123714447
680,0.06462454795837402,34,,,,,
681,0.05450799688696861,34,,,,,
682,0.07597821950912476,34,,,,,
683,0.04493740200996399,34,,,,,
684,0.07941673696041107,34,,,,,
685,0.047532547265291214,34,,,,,
686,0.08769454061985016,34,,,,,
687,0.06941445171833038,34,,,,,
688,0.08579063415527344,34,,,,,
689,0.05667221546173096,34,,,,,
690,0.07136671245098114,34,,,,,
691,0.06087359040975571,34,,,,,
692,0.06836461275815964,34,,,,,
693,0.04832354933023453,34,,,,,
694,0.07728371024131775,34,,,,,
695,0.06344454735517502,34,,,,,
696,0.056143321096897125,34,,,,,
697,0.076348677277565,34,,,,,
698,0.06760483980178833,34,,,,,
699,0.0653875470161438,34,,,,,
102,,,0.030460838228464127,,,,
103,,,0.03755957633256912,,,,
104,,,0.024121474474668503,,,,
699,,34,,0.03203245997428894,,,
699,,34,,,0.9739583134651184,0.734375,0.06608551740646362
700,0.04684702679514885,35,,,,,
701,0.07825113087892532,35,,,,,
702,0.07782293856143951,35,,,,,
703,0.06634042412042618,35,,,,,
704,0.06389287114143372,35,,,,,
705,0.07811994105577469,35,,,,,
706,0.07091940939426422,35,,,,,
707,0.06442218273878098,35,,,,,
708,0.04835422337055206,35,,,,,
709,0.08389224112033844,35,,,,,
710,0.08680392056703568,35,,,,,
711,0.05630238354206085,35,,,,,
712,0.04408113285899162,35,,,,,
713,0.072534941136837,35,,,,,
714,0.06405755877494812,35,,,,,
715,0.063277468085289,35,,,,,
716,0.049878139048814774,35,,,,,
717,0.054989635944366455,35,,,,,
718,0.03801547363400459,35,,,,,
719,0.06189081817865372,35,,,,,
105,,,0.03137318044900894,,,,
106,,,0.037116311490535736,,,,
107,,,0.02533723972737789,,,,
719,,35,,0.03246324881911278,,,
719,,35,,,0.9635416865348816,0.7395833134651184,0.0635346919298172
720,0.047956038266420364,36,,,,,
721,0.05029376968741417,36,,,,,
722,0.03909486532211304,36,,,,,
723,0.040537163615226746,36,,,,,
724,0.06079457327723503,36,,,,,
725,0.06189369410276413,36,,,,,
726,0.07742420583963394,36,,,,,
727,0.06583958864212036,36,,,,,
728,0.04549116641283035,36,,,,,
729,0.06724952161312103,36,,,,,
730,0.060323990881443024,36,,,,,
731,0.05994100123643875,36,,,,,
732,0.06714913994073868,36,,,,,
733,0.07540198415517807,36,,,,,
734,0.06198014318943024,36,,,,,
735,0.07709208130836487,36,,,,,
736,0.050777897238731384,36,,,,,
737,0.07753640413284302,36,,,,,
738,0.04404449462890625,36,,,,,
739,0.043293893337249756,36,,,,,
108,,,0.03136800229549408,,,,
109,,,0.032863549888134,,,,
110,,,0.021577470004558563,,,,
739,,36,,0.030008113011717796,,,
739,,36,,,0.9739583134651184,0.7447916865348816,0.05870577692985535
740,0.05860159918665886,37,,,,,
741,0.06956037878990173,37,,,,,
742,0.06262082606554031,37,,,,,
743,0.06611767411231995,37,,,,,
744,0.07112512737512589,37,,,,,
745,0.07886514812707901,37,,,,,
746,0.03959666192531586,37,,,,,
747,0.08002255111932755,37,,,,,
748,0.05238112062215805,37,,,,,
749,0.040394555777311325,37,,,,,
750,0.0458916574716568,37,,,,,
751,0.05552075803279877,37,,,,,
752,0.048808202147483826,37,,,,,
753,0.06513480842113495,37,,,,,
754,0.054921846836805344,37,,,,,
755,0.05647779628634453,37,,,,,
756,0.05339790880680084,37,,,,,
757,0.053350068628787994,37,,,,,
758,0.06857739388942719,37,,,,,
759,0.052163995802402496,37,,,,,
111,,,0.03799835965037346,,,,
112,,,0.037910521030426025,,,,
113,,,0.02333053946495056,,,,
759,,37,,0.03502965718507767,,,
759,,37,,,0.9322916865348816,0.6875,0.05867650359869003
760,0.05323047935962677,38,,,,,
761,0.06397034972906113,38,,,,,
762,0.040106818079948425,38,,,,,
763,0.08249609172344208,38,,,,,
764,0.051275789737701416,38,,,,,
765,0.051968879997730255,38,,,,,
766,0.08444865047931671,38,,,,,
767,0.06472168117761612,38,,,,,
768,0.06198672205209732,38,,,,,
769,0.047716718167066574,38,,,,,
770,0.04193572327494621,38,,,,,
771,0.04568422585725784,38,,,,,
772,0.07273286581039429,38,,,,,
773,0.07767308503389359,38,,,,,
774,0.05764595419168472,38,,,,,
775,0.06389683485031128,38,,,,,
776,0.049187324941158295,38,,,,,
777,0.02858741208910942,38,,,,,
778,0.0481753945350647,38,,,,,
779,0.046590570360422134,38,,,,,
114,,,0.0348469540476799,,,,
115,,,0.03552551940083504,,,,
116,,,0.02132585644721985,,,,
779,,38,,0.032414160668849945,,,
779,,38,,,0.9479166865348816,0.6927083134651184,0.05670158192515373
780,0.04889195039868355,39,,,,,
781,0.05348421633243561,39,,,,,
782,0.049091339111328125,39,,,,,
783,0.06270841509103775,39,,,,,
784,0.040707774460315704,39,,,,,
785,0.0751243308186531,39,,,,,
786,0.06975733488798141,39,,,,,
787,0.0442151203751564,39,,,,,
788,0.06434881687164307,39,,,,,
789,0.051256731152534485,39,,,,,
790,0.04419003054499626,39,,,,,
791,0.06020026281476021,39,,,,,
792,0.046886689960956573,39,,,,,
793,0.04161703586578369,39,,,,,
794,0.05829174816608429,39,,,,,
795,0.05171336233615875,39,,,,,
796,0.052904337644577026,39,,,,,
797,0.05422559380531311,39,,,,,
798,0.04200685769319534,39,,,,,
799,0.047640372067689896,39,,,,,
117,,,0.033026933670043945,,,,
118,,,0.029223091900348663,,,,
119,,,0.019254367798566818,,,,
799,,39,,0.02875087782740593,,,
799,,39,,,0.9895833134651184,0.7135416865348816,0.05296311900019646
800,0.045229651033878326,40,,,,,
801,0.04108428955078125,40,,,,,
802,0.07614678889513016,40,,,,,
803,0.047021105885505676,40,,,,,
804,0.07080092281103134,40,,,,,
805,0.056853894144296646,40,,,,,
806,0.057988397777080536,40,,,,,
807,0.06646549701690674,40,,,,,
808,0.05588087439537048,40,,,,,
809,0.05144418403506279,40,,,,,
810,0.04330158233642578,40,,,,,
811,0.022955764085054398,40,,,,,
812,0.054350562393665314,40,,,,,
813,0.04620277136564255,40,,,,,
814,0.047706179320812225,40,,,,,
815,0.07334814965724945,40,,,,,
816,0.05554790794849396,40,,,,,
817,0.043256744742393494,40,,,,,
818,0.054054804146289825,40,,,,,
819,0.055520426481962204,40,,,,,
120,,,0.033743906766176224,,,,
121,,,0.025918932631611824,,,,
122,,,0.01994190365076065,,,,
819,,40,,0.02785351499915123,,,
819,,40,,,0.9895833134651184,0.7239583134651184,0.0532580241560936
820,0.07343878597021103,41,,,,,
821,0.049788810312747955,41,,,,,
822,0.052190009504556656,41,,,,,
823,0.03904953598976135,41,,,,,
824,0.03023657388985157,41,,,,,
825,0.06910337507724762,41,,,,,
826,0.07281049340963364,41,,,,,
827,0.03810890391469002,41,,,,,
828,0.07199709117412567,41,,,,,
829,0.03520730137825012,41,,,,,
830,0.05589504912495613,41,,,,,
831,0.03117864765226841,41,,,,,
832,0.05199939012527466,41,,,,,
833,0.04600631073117256,41,,,,,
834,0.048404958099126816,41,,,,,
835,0.058757103979587555,41,,,,,
836,0.05315897613763809,41,,,,,
837,0.05890577286481857,41,,,,,
838,0.07418464869260788,41,,,,,
839,0.029941335320472717,41,,,,,
123,,,0.033514950424432755,,,,
124,,,0.02962425723671913,,,,
125,,,0.02114160731434822,,,,
839,,41,,0.02948400378227234,,,
839,,41,,,0.9895833134651184,0.734375,0.05201815813779831
840,0.049108412116765976,42,,,,,
841,0.054036349058151245,42,,,,,
842,0.045144081115722656,42,,,,,
843,0.046244893223047256,42,,,,,
844,0.05743030458688736,42,,,,,
845,0.04602445289492607,42,,,,,
846,0.05660974234342575,42,,,,,
847,0.04006538167595863,42,,,,,
848,0.04217161610722542,42,,,,,
849,0.04594498872756958,42,,,,,
850,0.06325752288103104,42,,,,,
851,0.05354006588459015,42,,,,,
852,0.06537596881389618,42,,,,,
853,0.052235737442970276,42,,,,,
854,0.05892699211835861,42,,,,,
855,0.034907709807157516,42,,,,,
856,0.05083379149436951,42,,,,,
857,0.045675765722990036,42,,,,,
858,0.06393736600875854,42,,,,,
859,0.04199942946434021,42,,,,,
126,,,0.031889136880636215,,,,
127,,,0.028896514326334,,,,
128,,,0.020563554018735886,,,,
859,,42,,0.028426971286535263,,,
859,,42,,,0.9895833134651184,0.7291666865348816,0.050673533231019974
860,0.06814280152320862,43,,,,,
861,0.059006042778491974,43,,,,,
862,0.05353362113237381,43,,,,,
863,0.05043457821011543,43,,,,,
864,0.04034026339650154,43,,,,,
865,0.07201387733221054,43,,,,,
866,0.03478816896677017,43,,,,,
867,0.045701637864112854,43,,,,,
868,0.040449462831020355,43,,,,,
869,0.047721367329359055,43,,,,,
870,0.05509833246469498,43,,,,,
871,0.04805775731801987,43,,,,,
872,0.029527734965085983,43,,,,,
873,0.06813625991344452,43,,,,,
874,0.050594937056303024,43,,,,,
875,0.049579087644815445,43,,,,,
876,0.04351910203695297,43,,,,,
877,0.04458988457918167,43,,,,,
878,0.0316140353679657,43,,,,,
879,0.05567765608429909,43,,,,,
129,,,0.03141767159104347,,,,
130,,,0.02579435147345066,,,,
131,,,0.019288189709186554,,,,
879,,43,,0.026742447167634964,,,
879,,43,,,0.9895833134651184,0.7552083134651184,0.049426328390836716
880,0.04723307117819786,44,,,,,
881,0.061301339417696,44,,,,,
882,0.049249060451984406,44,,,,,
883,0.02838948741555214,44,,,,,
884,0.04024289548397064,44,,,,,
885,0.04812213405966759,44,,,,,
886,0.04361063241958618,44,,,,,
887,0.041333239525556564,44,,,,,
888,0.03793845698237419,44,,,,,
889,0.07588020712137222,44,,,,,
890,0.04877704009413719,44,,,,,
891,0.06286036968231201,44,,,,,
892,0.03973931819200516,44,,,,,
893,0.042321719229221344,44,,,,,
894,0.028661921620368958,44,,,,,
895,0.03408576175570488,44,,,,,
896,0.04606504738330841,44,,,,,
897,0.03998278081417084,44,,,,,
898,0.0394105538725853,44,,,,,
899,0.034154120832681656,44,,,,,
132,,,0.029101677238941193,,,,
133,,,0.026490220800042152,,,,
134,,,0.020776929333806038,,,,
899,,44,,0.026392143219709396,,,
899,,44,,,0.9895833134651184,0.7239583134651184,0.044467952102422714
900,0.05514967441558838,45,,,,,
901,0.05318692326545715,45,,,,,
902,0.03385286033153534,45,,,,,
903,0.04528820514678955,45,,,,,
904,0.029667895287275314,45,,,,,
905,0.02692783996462822,45,,,,,
906,0.05156107246875763,45,,,,,
907,0.028190290555357933,45,,,,,
908,0.048431333154439926,45,,,,,
909,0.039617858827114105,45,,,,,
910,0.039700236171483994,45,,,,,
911,0.03907183185219765,45,,,,,
912,0.04762106016278267,45,,,,,
913,0.05764411389827728,45,,,,,
914,0.07878747582435608,45,,,,,
915,0.062264733016490936,45,,,,,
916,0.03629525005817413,45,,,,,
917,0.07538557797670364,45,,,,,
918,0.03264111652970314,45,,,,,
919,0.02914835326373577,45,,,,,
135,,,0.02921305224299431,,,,
136,,,0.026226352900266647,,,,
137,,,0.02109762653708458,,,,
919,,45,,0.026395287364721298,,,
919,,45,,,0.9739583134651184,0.734375,0.04552168399095535
920,0.036826521158218384,46,,,,,
921,0.05401741340756416,46,,,,,
922,0.03601786866784096,46,,,,,
923,0.04015059396624565,46,,,,,
924,0.06657017022371292,46,,,,,
925,0.04705553874373436,46,,,,,
926,0.0344223715364933,46,,,,,
927,0.04813798889517784,46,,,,,
928,0.06893672049045563,46,,,,,
929,0.05242893472313881,46,,,,,
930,0.03203265741467476,46,,,,,
931,0.05739295482635498,46,,,,,
932,0.05699891969561577,46,,,,,
933,0.05096561461687088,46,,,,,
934,0.03567403182387352,46,,,,,
935,0.05038386583328247,46,,,,,
936,0.05640512704849243,46,,,,,
937,0.043796341866254807,46,,,,,
938,0.03580423817038536,46,,,,,
939,0.055813051760196686,46,,,,,
138,,,0.029021620750427246,,,,
139,,,0.026726100593805313,,,,
140,,,0.02093338593840599,,,,
939,,46,,0.026485765352845192,,,
939,,46,,,0.9895833134651184,0.7447916865348816,0.0479915514588356
940,0.03362341597676277,47,,,,,
941,0.05862677842378616,47,,,,,
942,0.04089352861046791,47,,,,,
943,0.03188062459230423,47,,,,,
944,0.06234249845147133,47,,,,,
945,0.040564194321632385,47,,,,,
946,0.0286678746342659,47,,,,,
947,0.030534321442246437,47,,,,,
948,0.052653245627880096,47,,,,,
949,0.05081354081630707,47,,,,,
950,0.06543833017349243,47,,,,,
951,0.036464039236307144,47,,,,,
952,0.04721757397055626,47,,,,,
953,0.02549421228468418,47,,,,,
954,0.038864873349666595,47,,,,,
955,0.031064137816429138,47,,,,,
956,0.031298115849494934,47,,,,,
957,0.04805414006114006,47,,,,,
958,0.052811771631240845,47,,,,,
959,0.03498724848031998,47,,,,,
141,,,0.029842780902981758,,,,
142,,,0.0258999764919281,,,,
143,,,0.020573770627379417,,,,
959,,47,,0.026411857455968857,,,
959,,47,,,0.9895833134651184,0.75,0.04211472347378731
960,0.04642137140035629,48,,,,,
961,0.02993207424879074,48,,,,,
962,0.06083553284406662,48,,,,,
963,0.050324130803346634,48,,,,,
964,0.05680007115006447,48,,,,,
965,0.040748175233602524,48,,,,,
966,0.04054171219468117,48,,,,,
967,0.04850059747695923,48,,,,,
968,0.0361144132912159,48,,,,,
969,0.02384348213672638,48,,,,,
970,0.027822202071547508,48,,,,,
971,0.03529636189341545,48,,,,,
972,0.022048264741897583,48,,,,,
973,0.03581167012453079,48,,,,,
974,0.030009333044290543,48,,,,,
975,0.023178940638899803,48,,,,,
976,0.04135965183377266,48,,,,,
977,0.038064248859882355,48,,,,,
978,0.03729832172393799,48,,,,,
979,0.044886231422424316,48,,,,,
144,,,0.029738347977399826,,,,
145,,,0.02736371010541916,,,,
146,,,0.019770096987485886,,,,
979,,48,,0.02679484151303768,,,
979,,48,,,0.9895833134651184,0.7395833134651184,0.03849183768033981
980,0.03322736918926239,49,,,,,
981,0.047531891614198685,49,,,,,
982,0.0440056286752224,49,,,,,
983,0.030540456995368004,49,,,,,
984,0.03889898583292961,49,,,,,
985,0.0232139453291893,49,,,,,
986,0.047152791172266006,49,,,,,
987,0.04933452606201172,49,,,,,
988,0.03938986361026764,49,,,,,
989,0.02908674255013466,49,,,,,
990,0.03896371275186539,49,,,,,
991,0.0481862798333168,49,,,,,
992,0.04236039146780968,49,,,,,
993,0.02030269242823124,49,,,,,
994,0.03427247330546379,49,,,,,
995,0.029507843777537346,49,,,,,
996,0.04641947150230408,49,,,,,
997,0.056124333292245865,49,,,,,
998,0.04735127091407776,49,,,,,
999,0.035092901438474655,49,,,,,
147,,,0.029815465211868286,,,,
148,,,0.025377724319696426,,,,
149,,,0.020356660708785057,,,,
999,,49,,0.026148611679673195,,,
999,,49,,,0.9895833134651184,0.7604166865348816,0.03904817998409271
