csv-train_loss_step,step,csv-epoch,csv-val_loss_step,csv-val_loss_epoch,csv-train_loss_epoch,csv-accuracy/validator,csv-accuracy/exact
3.803048849105835,0,0,,,,,
3.492100954055786,1,0,,,,,
3.0478389263153076,2,0,,,,,
2.9558236598968506,3,0,,,,,
2.669520378112793,4,0,,,,,
2.538100242614746,5,0,,,,,
2.4529666900634766,6,0,,,,,
2.443279981613159,7,0,,,,,
2.226729393005371,8,0,,,,,
2.194573163986206,9,0,,,,,
1.967487096786499,10,0,,,,,
1.9593414068222046,11,0,,,,,
1.9305872917175293,12,0,,,,,
1.8675423860549927,13,0,,,,,
1.7544136047363281,14,0,,,,,
1.7461206912994385,15,0,,,,,
1.719973087310791,16,0,,,,,
1.6636555194854736,17,0,,,,,
1.5689033269882202,18,0,,,,,
1.5857257843017578,19,0,,,,,
,0,,1.0952434539794922,,,,
,1,,1.1710739135742188,,,,
,2,,1.1921459436416626,,,,
,19,0,,1.1449562311172485,,,
,19,0,,,2.2793867588043213,0.0,0.0
1.5398082733154297,20,1,,,,,
1.4561622142791748,21,1,,,,,
1.4681308269500732,22,1,,,,,
1.444239854812622,23,1,,,,,
1.4025664329528809,24,1,,,,,
1.3740445375442505,25,1,,,,,
1.354587435722351,26,1,,,,,
1.321884274482727,27,1,,,,,
1.2498875856399536,28,1,,,,,
1.246275544166565,29,1,,,,,
1.238002896308899,30,1,,,,,
1.1986079216003418,31,1,,,,,
1.1559321880340576,32,1,,,,,
1.199612021446228,33,1,,,,,
1.1541469097137451,34,1,,,,,
1.0340485572814941,35,1,,,,,
1.0180901288986206,36,1,,,,,
1.1091686487197876,37,1,,,,,
1.0143033266067505,38,1,,,,,
1.0677434206008911,39,1,,,,,
,3,,0.6501198410987854,,,,
,4,,0.7515043616294861,,,,
,5,,0.7441412210464478,,,,
,39,1,,0.709477961063385,,,
,39,1,,,1.2523621320724487,0.0677083358168602,0.0052083334885537624
1.0595535039901733,40,2,,,,,
0.993026852607727,41,2,,,,,
0.9735283851623535,42,2,,,,,
0.9254876971244812,43,2,,,,,
0.97962886095047,44,2,,,,,
0.9258298277854919,45,2,,,,,
0.8982988595962524,46,2,,,,,
0.9072587490081787,47,2,,,,,
0.8533134460449219,48,2,,,,,
0.8447352051734924,49,2,,,,,
0.9271604418754578,50,2,,,,,
0.8470699191093445,51,2,,,,,
0.7646729946136475,52,2,,,,,
0.8515763282775879,53,2,,,,,
0.8838024735450745,54,2,,,,,
0.8782118558883667,55,2,,,,,
0.869333028793335,56,2,,,,,
0.7963966727256775,57,2,,,,,
0.7837460041046143,58,2,,,,,
0.7760796546936035,59,2,,,,,
,6,,0.4548885226249695,,,,
,7,,0.5739349722862244,,,,
,8,,0.5206554532051086,,,,
,59,2,,0.5156605243682861,,,
,59,2,,,0.8869355320930481,0.046875,0.0052083334885537624
0.7360341548919678,60,3,,,,,
0.7182250618934631,61,3,,,,,
0.6858798861503601,62,3,,,,,
0.742741048336029,63,3,,,,,
0.7785913348197937,64,3,,,,,
0.7112516760826111,65,3,,,,,
0.6460110545158386,66,3,,,,,
0.6916202306747437,67,3,,,,,
0.6056756377220154,68,3,,,,,
0.6174965500831604,69,3,,,,,
0.76204514503479,70,3,,,,,
0.5918488502502441,71,3,,,,,
0.5946664810180664,72,3,,,,,
0.5613599419593811,73,3,,,,,
0.5223401188850403,74,3,,,,,
0.5824037194252014,75,3,,,,,
0.6188527345657349,76,3,,,,,
0.61029452085495,77,3,,,,,
0.5622127056121826,78,3,,,,,
0.5650088787078857,79,3,,,,,
,9,,0.24017801880836487,,,,
,10,,0.3608432114124298,,,,
,11,,0.2764670252799988,,,,
,79,3,,0.29570189118385315,,,
,79,3,,,0.6452280282974243,0.4114583432674408,0.1927083283662796
0.45084673166275024,80,4,,,,,
0.49062448740005493,81,4,,,,,
0.46030211448669434,82,4,,,,,
0.5052237510681152,83,4,,,,,
0.41370171308517456,84,4,,,,,
0.49976664781570435,85,4,,,,,
0.5125942826271057,86,4,,,,,
0.4885615110397339,87,4,,,,,
0.45405930280685425,88,4,,,,,
0.4181978404521942,89,4,,,,,
0.48617517948150635,90,4,,,,,
0.4505809247493744,91,4,,,,,
0.5539746284484863,92,4,,,,,
0.4210972785949707,93,4,,,,,
0.4077494144439697,94,4,,,,,
0.3549448549747467,95,4,,,,,
0.4751109778881073,96,4,,,,,
0.3557153642177582,97,4,,,,,
0.3954339027404785,98,4,,,,,
0.38469672203063965,99,4,,,,,
,12,,0.154193714261055,,,,
,13,,0.26019132137298584,,,,
,14,,0.17321331799030304,,,,
,99,4,,0.20039668679237366,,,
,99,4,,,0.4489678740501404,0.6302083134651184,0.40625
0.4258445203304291,100,5,,,,,
0.3440586030483246,101,5,,,,,
0.3035028576850891,102,5,,,,,
0.41506585478782654,103,5,,,,,
0.36030319333076477,104,5,,,,,
0.3710480332374573,105,5,,,,,
0.3596063554286957,106,5,,,,,
0.3467850387096405,107,5,,,,,
0.2847282290458679,108,5,,,,,
0.3993825316429138,109,5,,,,,
0.327955961227417,110,5,,,,,
0.25183677673339844,111,5,,,,,
0.2966501712799072,112,5,,,,,
0.34644198417663574,113,5,,,,,
0.3066963851451874,114,5,,,,,
0.3004613220691681,115,5,,,,,
0.286545991897583,116,5,,,,,
0.29991304874420166,117,5,,,,,
0.26212453842163086,118,5,,,,,
0.2765079736709595,119,5,,,,,
,15,,0.10887642949819565,,,,
,16,,0.20578132569789886,,,,
,17,,0.11563905328512192,,,,
,119,5,,0.1489909142255783,,,
,119,5,,,0.3282729983329773,0.7864583134651184,0.5
0.289401650428772,120,6,,,,,
0.29855939745903015,121,6,,,,,
0.26017728447914124,122,6,,,,,
0.2697652578353882,123,6,,,,,
0.35112687945365906,124,6,,,,,
0.21139654517173767,125,6,,,,,
0.23856478929519653,126,6,,,,,
0.3753029406070709,127,6,,,,,
0.2697553336620331,128,6,,,,,
0.20640957355499268,129,6,,,,,
0.21918760240077972,130,6,,,,,
0.25022098422050476,131,6,,,,,
0.16351890563964844,132,6,,,,,
0.23411646485328674,133,6,,,,,
0.2761766314506531,134,6,,,,,
0.23017819225788116,135,6,,,,,
0.24172735214233398,136,6,,,,,
0.2387804239988327,137,6,,,,,
0.24431172013282776,138,6,,,,,
0.3172975778579712,139,6,,,,,
,18,,0.09486492723226547,,,,
,19,,0.1821672022342682,,,,
,20,,0.09672803431749344,,,,
,139,6,,0.1301584541797638,,,
,139,6,,,0.25929874181747437,0.859375,0.5260416865348816
0.2502307593822479,140,7,,,,,
0.23926611244678497,141,7,,,,,
0.22351516783237457,142,7,,,,,
0.235776886343956,143,7,,,,,
0.23589183390140533,144,7,,,,,
0.18118739128112793,145,7,,,,,
0.2080438882112503,146,7,,,,,
0.2236761897802353,147,7,,,,,
0.26790812611579895,148,7,,,,,
0.2723298668861389,149,7,,,,,
0.1905873864889145,150,7,,,,,
0.23746104538440704,151,7,,,,,
0.20211604237556458,152,7,,,,,
0.21074582636356354,153,7,,,,,
0.2805108428001404,154,7,,,,,
0.23008960485458374,155,7,,,,,
0.20710934698581696,156,7,,,,,
0.1843441277742386,157,7,,,,,
0.2274082899093628,158,7,,,,,
0.2086087167263031,159,7,,,,,
,21,,0.08886716514825821,,,,
,22,,0.16670745611190796,,,,
,23,,0.0907905250787735,,,,
,159,7,,0.12038794904947281,,,
,159,7,,,0.22584037482738495,0.8229166865348816,0.5572916865348816
0.17929132282733917,160,8,,,,,
0.21140852570533752,161,8,,,,,
0.21951104700565338,162,8,,,,,
0.20369967818260193,163,8,,,,,
0.19433845579624176,164,8,,,,,
0.18423257768154144,165,8,,,,,
0.22161781787872314,166,8,,,,,
0.21764759719371796,167,8,,,,,
0.28932732343673706,168,8,,,,,
0.1857958436012268,169,8,,,,,
0.18306982517242432,170,8,,,,,
0.18453480303287506,171,8,,,,,
0.19125379621982574,172,8,,,,,
0.22355063259601593,173,8,,,,,
0.22576263546943665,174,8,,,,,
0.16150794923305511,175,8,,,,,
0.2445581555366516,176,8,,,,,
0.20452424883842468,177,8,,,,,
0.21321791410446167,178,8,,,,,
0.1729077398777008,179,8,,,,,
,24,,0.08296740800142288,,,,
,25,,0.1562863439321518,,,,
,26,,0.08684434741735458,,,,
,179,8,,0.11307036876678467,,,
,179,8,,,0.20558790862560272,0.8333333134651184,0.5677083134651184
0.17163904011249542,180,9,,,,,
0.20050834119319916,181,9,,,,,
0.23053279519081116,182,9,,,,,
0.2066827416419983,183,9,,,,,
0.16624417901039124,184,9,,,,,
0.20959611237049103,185,9,,,,,
0.19144533574581146,186,9,,,,,
0.1913631558418274,187,9,,,,,
0.19172067940235138,188,9,,,,,
0.17378346621990204,189,9,,,,,
0.1626591682434082,190,9,,,,,
0.13577735424041748,191,9,,,,,
0.21163026988506317,192,9,,,,,
0.13971273601055145,193,9,,,,,
0.20285770297050476,194,9,,,,,
0.18499906361103058,195,9,,,,,
0.19816017150878906,196,9,,,,,
0.22231769561767578,197,9,,,,,
0.18474332988262177,198,9,,,,,
0.14945806562900543,199,9,,,,,
,27,,0.0768636018037796,,,,
,28,,0.14524663984775543,,,,
,29,,0.07699954509735107,,,,
,199,9,,0.10424400866031647,,,
,199,9,,,0.18629157543182373,0.765625,0.5885416865348816
0.2037898600101471,200,10,,,,,
0.20576247572898865,201,10,,,,,
0.1868588775396347,202,10,,,,,
0.16811102628707886,203,10,,,,,
0.19936366379261017,204,10,,,,,
0.16103720664978027,205,10,,,,,
0.18874773383140564,206,10,,,,,
0.14954902231693268,207,10,,,,,
0.18288210034370422,208,10,,,,,
0.17130902409553528,209,10,,,,,
0.18601970374584198,210,10,,,,,
0.171430766582489,211,10,,,,,
0.09557393193244934,212,10,,,,,
0.17230883240699768,213,10,,,,,
0.1747792512178421,214,10,,,,,
0.1784733086824417,215,10,,,,,
0.1658935546875,216,10,,,,,
0.159462571144104,217,10,,,,,
0.22335122525691986,218,10,,,,,
0.11922245472669601,219,10,,,,,
,30,,0.06855303049087524,,,,
,31,,0.1349659264087677,,,,
,32,,0.0688236802816391,,,,
,219,10,,0.09517233073711395,,,
,219,10,,,0.17319634556770325,0.765625,0.5729166865348816
0.16649401187896729,220,11,,,,,
0.11582273989915848,221,11,,,,,
0.13874776661396027,222,11,,,,,
0.19328878819942474,223,11,,,,,
0.13978096842765808,224,11,,,,,
0.16301874816417694,225,11,,,,,
0.1492442488670349,226,11,,,,,
0.17005108296871185,227,11,,,,,
0.1585751175880432,228,11,,,,,
0.13200131058692932,229,11,,,,,
0.17238213121891022,230,11,,,,,
0.12495528161525726,231,11,,,,,
0.18350589275360107,232,11,,,,,
0.20350897312164307,233,11,,,,,
0.13770192861557007,234,11,,,,,
0.15896128118038177,235,11,,,,,
0.21029269695281982,236,11,,,,,
0.1573079526424408,237,11,,,,,
0.17682312428951263,238,11,,,,,
0.1338769644498825,239,11,,,,,
,33,,0.07072274386882782,,,,
,34,,0.13049040734767914,,,,
,35,,0.06600610166788101,,,,
,239,11,,0.09368649125099182,,,
,239,11,,,0.15931706130504608,0.703125,0.5416666865348816
0.14040160179138184,240,12,,,,,
0.15833790600299835,241,12,,,,,
0.20655059814453125,242,12,,,,,
0.13556766510009766,243,12,,,,,
0.17341504991054535,244,12,,,,,
0.14257760345935822,245,12,,,,,
0.11851976066827774,246,12,,,,,
0.11381296068429947,247,12,,,,,
0.14757956564426422,248,12,,,,,
0.1616220474243164,249,12,,,,,
0.12264331430196762,250,12,,,,,
0.1608799248933792,251,12,,,,,
0.12934695184230804,252,12,,,,,
0.16104035079479218,253,12,,,,,
0.16165043413639069,254,12,,,,,
0.19683650135993958,255,12,,,,,
0.1525125503540039,256,12,,,,,
0.15014520287513733,257,12,,,,,
0.12989026308059692,258,12,,,,,
0.16039156913757324,259,12,,,,,
,36,,0.06650183349847794,,,,
,37,,0.11986158788204193,,,,
,38,,0.05995338037610054,,,,
,259,12,,0.08653604984283447,,,
,259,12,,,0.15118607878684998,0.7552083134651184,0.609375
0.16420301795005798,260,13,,,,,
0.1234370693564415,261,13,,,,,
0.14359897375106812,262,13,,,,,
0.13757161796092987,263,13,,,,,
0.1390131264925003,264,13,,,,,
0.07766476273536682,265,13,,,,,
0.1332150548696518,266,13,,,,,
0.10473684966564178,267,13,,,,,
0.16748203337192535,268,13,,,,,
0.17266425490379333,269,13,,,,,
0.15599359571933746,270,13,,,,,
0.129513218998909,271,13,,,,,
0.14298085868358612,272,13,,,,,
0.10983099043369293,273,13,,,,,
0.15402312576770782,274,13,,,,,
0.1341620534658432,275,13,,,,,
0.14597377181053162,276,13,,,,,
0.12314513325691223,277,13,,,,,
0.17131344974040985,278,13,,,,,
0.1668964922428131,279,13,,,,,
,39,,0.06473620235919952,,,,
,40,,0.11362423002719879,,,,
,41,,0.05830921232700348,,,,
,279,13,,0.08300600945949554,,,
,279,13,,,0.13987097144126892,0.7708333134651184,0.5989583134651184
0.1639034003019333,280,14,,,,,
0.11807000637054443,281,14,,,,,
0.18537014722824097,282,14,,,,,
0.12496931105852127,283,14,,,,,
0.1022726371884346,284,14,,,,,
0.1098814383149147,285,14,,,,,
0.17990443110466003,286,14,,,,,
0.10311634093523026,287,14,,,,,
0.17221775650978088,288,14,,,,,
0.13719114661216736,289,14,,,,,
0.1533403992652893,290,14,,,,,
0.14140179753303528,291,14,,,,,
0.1280091106891632,292,14,,,,,
0.11688249558210373,293,14,,,,,
0.12597045302391052,294,14,,,,,
0.12041304260492325,295,14,,,,,
0.15434148907661438,296,14,,,,,
0.14448632299900055,297,14,,,,,
0.07942742109298706,298,14,,,,,
0.09360720962285995,299,14,,,,,
,42,,0.057869911193847656,,,,
,43,,0.10159777104854584,,,,
,44,,0.05039430409669876,,,,
,299,14,,0.07386593520641327,,,
,299,14,,,0.13273879885673523,0.828125,0.6614583134651184
0.0939079001545906,300,15,,,,,
0.1285448670387268,301,15,,,,,
0.132552832365036,302,15,,,,,
0.1412995606660843,303,15,,,,,
0.1479959487915039,304,15,,,,,
0.11635109037160873,305,15,,,,,
0.12825827300548553,306,15,,,,,
0.12608171999454498,307,15,,,,,
0.1417592614889145,308,15,,,,,
0.1179434061050415,309,15,,,,,
0.13945166766643524,310,15,,,,,
0.12663483619689941,311,15,,,,,
0.08919291943311691,312,15,,,,,
0.10402408987283707,313,15,,,,,
0.12847352027893066,314,15,,,,,
0.10793127864599228,315,15,,,,,
0.1371181309223175,316,15,,,,,
0.12633967399597168,317,15,,,,,
0.12037792801856995,318,15,,,,,
0.11909471452236176,319,15,,,,,
,45,,0.053410932421684265,,,,
,46,,0.09424661099910736,,,,
,47,,0.04312458634376526,,,,
,319,15,,0.06768792867660522,,,
,319,15,,,0.1236666664481163,0.8697916865348816,0.6822916865348816
0.11146800220012665,320,16,,,,,
0.1293761283159256,321,16,,,,,
0.08911558985710144,322,16,,,,,
0.1183503046631813,323,16,,,,,
0.15004228055477142,324,16,,,,,
0.10972325503826141,325,16,,,,,
0.12204410135746002,326,16,,,,,
0.12113140523433685,327,16,,,,,
0.1174168735742569,328,16,,,,,
0.0903858095407486,329,16,,,,,
0.11743317544460297,330,16,,,,,
0.09465185552835464,331,16,,,,,
0.1279580295085907,332,16,,,,,
0.08124752342700958,333,16,,,,,
0.12379153817892075,334,16,,,,,
0.1084132045507431,335,16,,,,,
0.11026962846517563,336,16,,,,,
0.12306804209947586,337,16,,,,,
0.14087752997875214,338,16,,,,,
0.10883455723524094,339,16,,,,,
,48,,0.05236189067363739,,,,
,49,,0.09061766415834427,,,,
,50,,0.04126403108239174,,,,
,339,16,,0.06544462591409683,,,
,339,16,,,0.11477993428707123,0.859375,0.6927083134651184
0.09780284762382507,340,17,,,,,
0.11394480615854263,341,17,,,,,
0.11963271349668503,342,17,,,,,
0.08993692696094513,343,17,,,,,
0.0939367264509201,344,17,,,,,
0.15053004026412964,345,17,,,,,
0.1242581158876419,346,17,,,,,
0.08606956154108047,347,17,,,,,
0.1461801677942276,348,17,,,,,
0.06683024764060974,349,17,,,,,
0.13196010887622833,350,17,,,,,
0.0947558805346489,351,17,,,,,
0.10232886672019958,352,17,,,,,
0.11734697222709656,353,17,,,,,
0.12734054028987885,354,17,,,,,
0.1006450280547142,355,17,,,,,
0.10283651202917099,356,17,,,,,
0.1360284388065338,357,17,,,,,
0.10445420444011688,358,17,,,,,
0.10335859656333923,359,17,,,,,
,51,,0.047785189002752304,,,,
,52,,0.08550328016281128,,,,
,53,,0.039966780692338943,,,,
,359,17,,0.06130874156951904,,,
,359,17,,,0.11050887405872345,0.8541666865348816,0.7395833134651184
0.11674930155277252,360,18,,,,,
0.09198318421840668,361,18,,,,,
0.15157940983772278,362,18,,,,,
0.07506588101387024,363,18,,,,,
0.08208705484867096,364,18,,,,,
0.14274142682552338,365,18,,,,,
0.13557712733745575,366,18,,,,,
0.11162570118904114,367,18,,,,,
0.10492715984582901,368,18,,,,,
0.08254430443048477,369,18,,,,,
0.06273981183767319,370,18,,,,,
0.11124522984027863,371,18,,,,,
0.0895000547170639,372,18,,,,,
0.10450494289398193,373,18,,,,,
0.07656809687614441,374,18,,,,,
0.13249748945236206,375,18,,,,,
0.10595361143350601,376,18,,,,,
0.09126146882772446,377,18,,,,,
0.09856494516134262,378,18,,,,,
0.09835466742515564,379,18,,,,,
,54,,0.05026620253920555,,,,
,55,,0.08470158278942108,,,,
,56,,0.04086298495531082,,,,
,379,18,,0.0621597096323967,,,
,379,18,,,0.10330355167388916,0.8541666865348816,0.6614583134651184
0.11417738348245621,380,19,,,,,
0.1061829999089241,381,19,,,,,
0.09735734760761261,382,19,,,,,
0.11798751354217529,383,19,,,,,
0.11766596138477325,384,19,,,,,
0.10950249433517456,385,19,,,,,
0.08616755157709122,386,19,,,,,
0.09599220007658005,387,19,,,,,
0.08680129796266556,388,19,,,,,
0.12437562644481659,389,19,,,,,
0.10942933708429337,390,19,,,,,
0.10256923735141754,391,19,,,,,
0.10280221700668335,392,19,,,,,
0.06468155980110168,393,19,,,,,
0.079512819647789,394,19,,,,,
0.09269926697015762,395,19,,,,,
0.10602234303951263,396,19,,,,,
0.11258228868246078,397,19,,,,,
0.07890841364860535,398,19,,,,,
0.0817188173532486,399,19,,,,,
,57,,0.05070720240473747,,,,
,58,,0.08096005767583847,,,,
,59,,0.040170468389987946,,,,
,399,19,,0.060701001435518265,,,
,399,19,,,0.09935683757066727,0.828125,0.6822916865348816
0.1038157120347023,400,20,,,,,
0.10166586935520172,401,20,,,,,
0.09821724146604538,402,20,,,,,
0.07445193827152252,403,20,,,,,
0.07040198147296906,404,20,,,,,
0.12030390650033951,405,20,,,,,
0.10183600336313248,406,20,,,,,
0.08549254387617111,407,20,,,,,
0.08705505728721619,408,20,,,,,
0.09231317043304443,409,20,,,,,
0.09467608481645584,410,20,,,,,
0.08550756424665451,411,20,,,,,
0.05689920485019684,412,20,,,,,
0.1301722526550293,413,20,,,,,
0.07371018826961517,414,20,,,,,
0.03852231800556183,415,20,,,,,
0.07376328855752945,416,20,,,,,
0.13724498450756073,417,20,,,,,
0.08794987201690674,418,20,,,,,
0.10138299316167831,419,20,,,,,
,60,,0.046109672635793686,,,,
,61,,0.07870221883058548,,,,
,62,,0.03666279837489128,,,,
,419,20,,0.05725731700658798,,,
,419,20,,,0.09076911211013794,0.8385416865348816,0.7291666865348816
0.07082676887512207,420,21,,,,,
0.103497713804245,421,21,,,,,
0.07348227500915527,422,21,,,,,
0.11332272738218307,423,21,,,,,
0.07646208256483078,424,21,,,,,
0.10162007808685303,425,21,,,,,
0.12827832996845245,426,21,,,,,
0.08386175334453583,427,21,,,,,
0.1094636470079422,428,21,,,,,
0.08384755253791809,429,21,,,,,
0.08231989294290543,430,21,,,,,
0.05993657559156418,431,21,,,,,
0.10401415824890137,432,21,,,,,
0.08393634855747223,433,21,,,,,
0.05267041549086571,434,21,,,,,
0.08898919820785522,435,21,,,,,
0.08549133688211441,436,21,,,,,
0.11506212502717972,437,21,,,,,
0.08657395839691162,438,21,,,,,
0.05319094657897949,439,21,,,,,
,63,,0.042204350233078,,,,
,64,,0.07294288277626038,,,,
,65,,0.03365406021475792,,,,
,439,21,,0.052789706736803055,,,
,439,21,,,0.08784238994121552,0.8958333134651184,0.75
0.07992832362651825,440,22,,,,,
0.08624810725450516,441,22,,,,,
0.0927203968167305,442,22,,,,,
0.06307772547006607,443,22,,,,,
0.09152744710445404,444,22,,,,,
0.10433904081583023,445,22,,,,,
0.11068935692310333,446,22,,,,,
0.07764984667301178,447,22,,,,,
0.08157538622617722,448,22,,,,,
0.08854041993618011,449,22,,,,,
0.1090756356716156,450,22,,,,,
0.08543078601360321,451,22,,,,,
0.07204259932041168,452,22,,,,,
0.05824481323361397,453,22,,,,,
0.0881083607673645,454,22,,,,,
0.09231392294168472,455,22,,,,,
0.08923374116420746,456,22,,,,,
0.08093179017305374,457,22,,,,,
0.10044767707586288,458,22,,,,,
0.08812536299228668,459,22,,,,,
,66,,0.03892842307686806,,,,
,67,,0.06910660117864609,,,,
,68,,0.032102134078741074,,,,
,459,22,,0.049634434282779694,,,
,459,22,,,0.08701253682374954,0.9114583134651184,0.765625
0.10309296101331711,460,23,,,,,
0.08200308680534363,461,23,,,,,
0.06628735363483429,462,23,,,,,
0.06362569332122803,463,23,,,,,
0.07570307701826096,464,23,,,,,
0.07194489240646362,465,23,,,,,
0.07371226698160172,466,23,,,,,
0.08312368392944336,467,23,,,,,
0.07502257823944092,468,23,,,,,
0.06672891974449158,469,23,,,,,
0.10224977880716324,470,23,,,,,
0.10336989909410477,471,23,,,,,
0.07797805964946747,472,23,,,,,
0.07005975395441055,473,23,,,,,
0.09201626479625702,474,23,,,,,
0.07822921127080917,475,23,,,,,
0.09486182779073715,476,23,,,,,
0.06337393820285797,477,23,,,,,
0.08963752537965775,478,23,,,,,
0.08972865343093872,479,23,,,,,
,69,,0.0390738919377327,,,,
,70,,0.06938663125038147,,,,
,71,,0.03227861598134041,,,,
,479,23,,0.04983993247151375,,,
,479,23,,,0.08113747090101242,0.8541666865348816,0.7552083134651184
0.0815647542476654,480,24,,,,,
0.1226421594619751,481,24,,,,,
0.04711366072297096,482,24,,,,,
0.07170667499303818,483,24,,,,,
0.08071441203355789,484,24,,,,,
0.07674630731344223,485,24,,,,,
0.08701646327972412,486,24,,,,,
0.09166540205478668,487,24,,,,,
0.05898197740316391,488,24,,,,,
0.06288503110408783,489,24,,,,,
0.07308290153741837,490,24,,,,,
0.08461517095565796,491,24,,,,,
0.108608178794384,492,24,,,,,
0.10091164708137512,493,24,,,,,
0.09664978086948395,494,24,,,,,
0.05956261605024338,495,24,,,,,
0.06845159828662872,496,24,,,,,
0.0823255255818367,497,24,,,,,
0.05111318081617355,498,24,,,,,
0.07872134447097778,499,24,,,,,
,72,,0.03176845610141754,,,,
,73,,0.06377892941236496,,,,
,74,,0.025787007063627243,,,,
,499,24,,0.04337635636329651,,,
,499,24,,,0.07925394177436829,0.9375,0.7864583134651184
0.06107952818274498,500,25,,,,,
0.10301356017589569,501,25,,,,,
0.06516792625188828,502,25,,,,,
0.07448816299438477,503,25,,,,,
0.09385110437870026,504,25,,,,,
0.07871922850608826,505,25,,,,,
0.04536304250359535,506,25,,,,,
0.059210363775491714,507,25,,,,,
0.07509780675172806,508,25,,,,,
0.06439915299415588,509,25,,,,,
0.06912333518266678,510,25,,,,,
0.04552306979894638,511,25,,,,,
0.0982421264052391,512,25,,,,,
0.04796399921178818,513,25,,,,,
0.05104146525263786,514,25,,,,,
0.08293874561786652,515,25,,,,,
0.0685572400689125,516,25,,,,,
0.08683871477842331,517,25,,,,,
0.10814610123634338,518,25,,,,,
0.07934845238924026,519,25,,,,,
,75,,0.029034985229372978,,,,
,76,,0.061436817049980164,,,,
,77,,0.022812917828559875,,,,
,519,25,,0.04075130447745323,,,
,519,25,,,0.07290565967559814,0.953125,0.7864583134651184
0.055483195930719376,520,26,,,,,
0.09234648942947388,521,26,,,,,
0.04962620511651039,522,26,,,,,
0.05120484158396721,523,26,,,,,
0.0840068981051445,524,26,,,,,
0.05969361215829849,525,26,,,,,
0.09269097447395325,526,26,,,,,
0.0548308826982975,527,26,,,,,
0.06333010643720627,528,26,,,,,
0.049623943865299225,529,26,,,,,
0.07857094705104828,530,26,,,,,
0.0794648602604866,531,26,,,,,
0.07123646140098572,532,26,,,,,
0.08060901612043381,533,26,,,,,
0.06491249799728394,534,26,,,,,
0.07573655992746353,535,26,,,,,
0.05640888586640358,536,26,,,,,
0.08210640400648117,537,26,,,,,
0.06878449767827988,538,26,,,,,
0.0613444484770298,539,26,,,,,
,78,,0.028729168698191643,,,,
,79,,0.059101372957229614,,,,
,80,,0.022273145616054535,,,,
,539,26,,0.03958684578537941,,,
,539,26,,,0.06860058754682541,0.9375,0.8020833134651184
0.05582241714000702,540,27,,,,,
0.06446206569671631,541,27,,,,,
0.07107240706682205,542,27,,,,,
0.07516635209321976,543,27,,,,,
0.07015670090913773,544,27,,,,,
0.06682031601667404,545,27,,,,,
0.06504867970943451,546,27,,,,,
0.02606504037976265,547,27,,,,,
0.055423811078071594,548,27,,,,,
0.08685611188411713,549,27,,,,,
0.06895561516284943,550,27,,,,,
0.07766889780759811,551,27,,,,,
0.07083597779273987,552,27,,,,,
0.061702001839876175,553,27,,,,,
0.033327601850032806,554,27,,,,,
0.07832054793834686,555,27,,,,,
0.06645023822784424,556,27,,,,,
0.08185765892267227,557,27,,,,,
0.07089429348707199,558,27,,,,,
0.05655145272612572,559,27,,,,,
,81,,0.026500606909394264,,,,
,82,,0.05304443836212158,,,,
,83,,0.020940693095326424,,,,
,559,27,,0.03600615635514259,,,
,559,27,,,0.06517291069030762,0.9375,0.7864583134651184
0.053464461117982864,560,28,,,,,
0.06507166475057602,561,28,,,,,
0.07225234061479568,562,28,,,,,
0.039928656071424484,563,28,,,,,
0.08090323954820633,564,28,,,,,
0.07031889259815216,565,28,,,,,
0.07532847672700882,566,28,,,,,
0.05602360889315605,567,28,,,,,
0.051546406000852585,568,28,,,,,
0.069503553211689,569,28,,,,,
0.06750909239053726,570,28,,,,,
0.04706168919801712,571,28,,,,,
0.06386605650186539,572,28,,,,,
0.051920872181653976,573,28,,,,,
0.049741122871637344,574,28,,,,,
0.037836894392967224,575,28,,,,,
0.07330018281936646,576,28,,,,,
0.0824563056230545,577,28,,,,,
0.04381303861737251,578,28,,,,,
0.050848837941884995,579,28,,,,,
,84,,0.02588839642703533,,,,
,85,,0.05204746499657631,,,,
,86,,0.019056104123592377,,,,
,579,28,,0.03498556464910507,,,
,579,28,,,0.060134775936603546,0.9322916865348816,0.7916666865348816
0.07064932584762573,580,29,,,,,
0.055626653134822845,581,29,,,,,
0.05529816448688507,582,29,,,,,
0.06799657642841339,583,29,,,,,
0.05472634732723236,584,29,,,,,
0.058205049484968185,585,29,,,,,
0.0910649448633194,586,29,,,,,
0.08612250536680222,587,29,,,,,
0.058179400861263275,588,29,,,,,
0.07119175046682358,589,29,,,,,
0.03812454268336296,590,29,,,,,
0.0656340941786766,591,29,,,,,
0.04959039017558098,592,29,,,,,
0.07273407280445099,593,29,,,,,
0.06228330731391907,594,29,,,,,
0.0749347060918808,595,29,,,,,
0.04996249079704285,596,29,,,,,
0.06683827936649323,597,29,,,,,
0.053689200431108475,598,29,,,,,
0.046023041009902954,599,29,,,,,
,87,,0.024543913081288338,,,,
,88,,0.04916861653327942,,,,
,89,,0.019473399966955185,,,,
,599,29,,0.0333796925842762,,,
,599,29,,,0.06244374439120293,0.9791666865348816,0.796875
0.041629865765571594,600,30,,,,,
0.05675642192363739,601,30,,,,,
0.05000244453549385,602,30,,,,,
0.045822322368621826,603,30,,,,,
0.10140222311019897,604,30,,,,,
0.06653863191604614,605,30,,,,,
0.06780830025672913,606,30,,,,,
0.03668632358312607,607,30,,,,,
0.032327473163604736,608,30,,,,,
0.04675155133008957,609,30,,,,,
0.04344139248132706,610,30,,,,,
0.056511037051677704,611,30,,,,,
0.05023929849267006,612,30,,,,,
0.055387623608112335,613,30,,,,,
0.05301392450928688,614,30,,,,,
0.03326566889882088,615,30,,,,,
0.0709807276725769,616,30,,,,,
0.0793740376830101,617,30,,,,,
0.06534922122955322,618,30,,,,,
0.039629124104976654,619,30,,,,,
,90,,0.02382052317261696,,,,
,91,,0.04764764383435249,,,,
,92,,0.01740088500082493,,,,
,619,30,,0.032067447900772095,,,
,619,30,,,0.05464588478207588,0.9635416865348816,0.8020833134651184
0.08912426978349686,620,31,,,,,
0.04456264525651932,621,31,,,,,
0.05283629521727562,622,31,,,,,
0.05005780607461929,623,31,,,,,
0.05787118151783943,624,31,,,,,
0.0975513607263565,625,31,,,,,
0.06107480078935623,626,31,,,,,
0.05398446321487427,627,31,,,,,
0.047669969499111176,628,31,,,,,
0.04664454609155655,629,31,,,,,
0.04595476761460304,630,31,,,,,
0.048195574432611465,631,31,,,,,
0.05269259214401245,632,31,,,,,
0.06617642194032669,633,31,,,,,
0.06920433044433594,634,31,,,,,
0.06764954328536987,635,31,,,,,
0.044991590082645416,636,31,,,,,
0.04783645644783974,637,31,,,,,
0.05005350336432457,638,31,,,,,
0.04267324134707451,639,31,,,,,
,93,,0.02207835391163826,,,,
,94,,0.046751607209444046,,,,
,95,,0.016815755516290665,,,,
,639,31,,0.030895134434103966,,,
,639,31,,,0.056840263307094574,0.9947916865348816,0.828125
0.043571267277002335,640,32,,,,,
0.06031215190887451,641,32,,,,,
0.04810474440455437,642,32,,,,,
0.04971752688288689,643,32,,,,,
0.04038432985544205,644,32,,,,,
0.041523389518260956,645,32,,,,,
0.03744024038314819,646,32,,,,,
0.0808679610490799,647,32,,,,,
0.07250242680311203,648,32,,,,,
0.050487224012613297,649,32,,,,,
0.03662808984518051,650,32,,,,,
0.04690389335155487,651,32,,,,,
0.04901355132460594,652,32,,,,,
0.04765637218952179,653,32,,,,,
0.07958535104990005,654,32,,,,,
0.044749561697244644,655,32,,,,,
0.058070093393325806,656,32,,,,,
0.06435815989971161,657,32,,,,,
0.06255318224430084,658,32,,,,,
0.05283863842487335,659,32,,,,,
,96,,0.020793747156858444,,,,
,97,,0.044090572744607925,,,,
,98,,0.016508255153894424,,,,
,659,32,,0.029255375266075134,,,
,659,32,,,0.05336340516805649,0.9895833134651184,0.8229166865348816
0.042165085673332214,660,33,,,,,
0.04934653267264366,661,33,,,,,
0.04093669727444649,662,33,,,,,
0.05574942007660866,663,33,,,,,
0.05116793140769005,664,33,,,,,
0.038547564297914505,665,33,,,,,
0.04053802415728569,666,33,,,,,
0.05608198419213295,667,33,,,,,
0.051377467811107635,668,33,,,,,
0.04674057289958,669,33,,,,,
0.04931794852018356,670,33,,,,,
0.043087344616651535,671,33,,,,,
0.06812331080436707,672,33,,,,,
0.055540554225444794,673,33,,,,,
0.05132265016436577,674,33,,,,,
0.050588350743055344,675,33,,,,,
0.05404764413833618,676,33,,,,,
0.05462011694908142,677,33,,,,,
0.060062605887651443,678,33,,,,,
0.05752197280526161,679,33,,,,,
,99,,0.02189313992857933,,,,
,100,,0.04489583149552345,,,,
,101,,0.01667928695678711,,,,
,679,33,,0.030051445588469505,,,
,679,33,,,0.05084419250488281,0.9791666865348816,0.84375
0.04081175848841667,680,34,,,,,
0.08134478330612183,681,34,,,,,
0.03690659627318382,682,34,,,,,
0.04408220946788788,683,34,,,,,
0.03885999694466591,684,34,,,,,
0.04343854635953903,685,34,,,,,
0.06460049748420715,686,34,,,,,
0.060720767825841904,687,34,,,,,
0.05473586916923523,688,34,,,,,
0.047562308609485626,689,34,,,,,
0.029463838785886765,690,34,,,,,
0.046066924929618835,691,34,,,,,
0.0578785240650177,692,34,,,,,
0.04522908851504326,693,34,,,,,
0.03732243925333023,694,34,,,,,
0.05413604900240898,695,34,,,,,
0.05335569381713867,696,34,,,,,
0.0346422977745533,697,34,,,,,
0.04219479486346245,698,34,,,,,
0.036987029016017914,699,34,,,,,
,102,,0.021293990314006805,,,,
,103,,0.04452922195196152,,,,
,104,,0.01775709167122841,,,,
,699,34,,0.02988070622086525,,,
,699,34,,,0.047516994178295135,0.9791666865348816,0.8177083134651184
0.030490582808852196,700,35,,,,,
0.048639003187417984,701,35,,,,,
0.02814791165292263,702,35,,,,,
0.04933120310306549,703,35,,,,,
0.028829021379351616,704,35,,,,,
0.049695566296577454,705,35,,,,,
0.04136815667152405,706,35,,,,,
0.062058962881565094,707,35,,,,,
0.06621295213699341,708,35,,,,,
0.042116787284612656,709,35,,,,,
0.049156781286001205,710,35,,,,,
0.037437960505485535,711,35,,,,,
0.06621185690164566,712,35,,,,,
0.03190341964364052,713,35,,,,,
0.048737142235040665,714,35,,,,,
0.05365220084786415,715,35,,,,,
0.029094643890857697,716,35,,,,,
0.048841726034879684,717,35,,,,,
0.04084208607673645,718,35,,,,,
0.06778467446565628,719,35,,,,,
,105,,0.01995672658085823,,,,
,106,,0.04428274929523468,,,,
,107,,0.016600554808974266,,,,
,719,35,,0.029015902429819107,,,
,719,35,,,0.04602763429284096,0.9895833134651184,0.828125
0.04951116070151329,720,36,,,,,
0.039882972836494446,721,36,,,,,
0.04935739189386368,722,36,,,,,
0.053920455276966095,723,36,,,,,
0.0361165925860405,724,36,,,,,
0.04223235324025154,725,36,,,,,
0.06346096843481064,726,36,,,,,
0.03591509908437729,727,36,,,,,
0.039423972368240356,728,36,,,,,
0.04730123654007912,729,36,,,,,
0.036894481629133224,730,36,,,,,
0.0654345154762268,731,36,,,,,
0.055702030658721924,732,36,,,,,
0.0430632084608078,733,36,,,,,
0.029543349519371986,734,36,,,,,
0.040794555097818375,735,36,,,,,
0.04149296507239342,736,36,,,,,
0.037099700421094894,737,36,,,,,
0.04237813130021095,738,36,,,,,
0.03658441826701164,739,36,,,,,
,108,,0.021230189129710197,,,,
,109,,0.04329434782266617,,,,
,110,,0.0175782423466444,,,,
,739,36,,0.029325464740395546,,,
,739,36,,,0.044305481016635895,0.9791666865348816,0.828125
0.05032766982913017,740,37,,,,,
0.048153579235076904,741,37,,,,,
0.056501418352127075,742,37,,,,,
0.052706822752952576,743,37,,,,,
0.03779815137386322,744,37,,,,,
0.04747910052537918,745,37,,,,,
0.04763112962245941,746,37,,,,,
0.021970948204398155,747,37,,,,,
0.027184676378965378,748,37,,,,,
0.03662247955799103,749,37,,,,,
0.030620872974395752,750,37,,,,,
0.018823498860001564,751,37,,,,,
0.06077984347939491,752,37,,,,,
0.052312012761831284,753,37,,,,,
0.03586100414395332,754,37,,,,,
0.03313155844807625,755,37,,,,,
0.05170849710702896,756,37,,,,,
0.05832215026021004,757,37,,,,,
0.05543580651283264,758,37,,,,,
0.0507466122508049,759,37,,,,,
,111,,0.01911948248744011,,,,
,112,,0.043128352612257004,,,,
,113,,0.016060704365372658,,,,
,759,37,,0.028111279010772705,,,
,759,37,,,0.04370588809251785,0.9947916865348816,0.84375
0.06722559034824371,760,38,,,,,
0.03176076337695122,761,38,,,,,
0.05183905363082886,762,38,,,,,
0.0391509123146534,763,38,,,,,
0.036344416439533234,764,38,,,,,
0.04140743613243103,765,38,,,,,
0.01893422193825245,766,38,,,,,
0.05174793303012848,767,38,,,,,
0.04987697675824165,768,38,,,,,
0.03488127514719963,769,38,,,,,
0.04533872380852699,770,38,,,,,
0.02660176530480385,771,38,,,,,
0.04512849077582359,772,38,,,,,
0.04733957722783089,773,38,,,,,
0.0635295882821083,774,38,,,,,
0.04781661555171013,775,38,,,,,
0.0209239162504673,776,38,,,,,
0.06343530118465424,777,38,,,,,
0.03392835333943367,778,38,,,,,
0.030833948403596878,779,38,,,,,
,114,,0.019176892936229706,,,,
,115,,0.04284169152379036,,,,
,116,,0.01650238409638405,,,,
,779,38,,0.028107911348342896,,,
,779,38,,,0.0424022451043129,0.9947916865348816,0.8489583134651184
0.041059039533138275,780,39,,,,,
0.046929795295000076,781,39,,,,,
0.05006847530603409,782,39,,,,,
0.04011201858520508,783,39,,,,,
0.037199489772319794,784,39,,,,,
0.0370926596224308,785,39,,,,,
0.018528614193201065,786,39,,,,,
0.052754249423742294,787,39,,,,,
0.05580168217420578,788,39,,,,,
0.037378884851932526,789,39,,,,,
0.04141689091920853,790,39,,,,,
0.03453090041875839,791,39,,,,,
0.029508721083402634,792,39,,,,,
0.05173733830451965,793,39,,,,,
0.050074707716703415,794,39,,,,,
0.023862473666667938,795,39,,,,,
0.034873805940151215,796,39,,,,,
0.04827887564897537,797,39,,,,,
0.017585264518857002,798,39,,,,,
0.04677612707018852,799,39,,,,,
,117,,0.019163379445672035,,,,
,118,,0.04317045211791992,,,,
,119,,0.01549975574016571,,,,
,799,39,,0.028033483773469925,,,
,799,39,,,0.03977850079536438,1.0,0.8541666865348816
0.042948126792907715,800,40,,,,,
0.0440635047852993,801,40,,,,,
0.05812074989080429,802,40,,,,,
0.022234871983528137,803,40,,,,,
0.016000138595700264,804,40,,,,,
0.04047870635986328,805,40,,,,,
0.03997914120554924,806,40,,,,,
0.052618976682424545,807,40,,,,,
0.051532767713069916,808,40,,,,,
0.04292232170701027,809,40,,,,,
0.05979671701788902,810,40,,,,,
0.037599850445985794,811,40,,,,,
0.024423183873295784,812,40,,,,,
0.03205760940909386,813,40,,,,,
0.044177502393722534,814,40,,,,,
0.0378585010766983,815,40,,,,,
0.04520483314990997,816,40,,,,,
0.03232359141111374,817,40,,,,,
0.049034155905246735,818,40,,,,,
0.042831890285015106,819,40,,,,,
,120,,0.018997319042682648,,,,
,121,,0.04160705953836441,,,,
,122,,0.015855878591537476,,,,
,819,40,,0.02741292677819729,,,
,819,40,,,0.04081035405397415,1.0,0.859375
0.04846057668328285,820,41,,,,,
0.045800790190696716,821,41,,,,,
0.04626679793000221,822,41,,,,,
0.024210337549448013,823,41,,,,,
0.04100892320275307,824,41,,,,,
0.028248468413949013,825,41,,,,,
0.018698161467909813,826,41,,,,,
0.0725928395986557,827,41,,,,,
0.031207643449306488,828,41,,,,,
0.04563361406326294,829,41,,,,,
0.030747495591640472,830,41,,,,,
0.024846550077199936,831,41,,,,,
0.04853829741477966,832,41,,,,,
0.03636114299297333,833,41,,,,,
0.04493256285786629,834,41,,,,,
0.03136427327990532,835,41,,,,,
0.04056223854422569,836,41,,,,,
0.03402502089738846,837,41,,,,,
0.026966702193021774,838,41,,,,,
0.029896218329668045,839,41,,,,,
,123,,0.01943977177143097,,,,
,124,,0.04141652211546898,,,,
,125,,0.015527437441051006,,,,
,839,41,,0.027448004111647606,,,
,839,41,,,0.03751843050122261,0.984375,0.828125
0.02943350374698639,840,42,,,,,
0.05429665744304657,841,42,,,,,
0.03294727951288223,842,42,,,,,
0.04299278184771538,843,42,,,,,
0.04770443215966225,844,42,,,,,
0.028382819145917892,845,42,,,,,
0.029356328770518303,846,42,,,,,
0.02921401709318161,847,42,,,,,
0.04657132551074028,848,42,,,,,
0.04307074844837189,849,42,,,,,
0.032034680247306824,850,42,,,,,
0.01844247244298458,851,42,,,,,
0.045381732285022736,852,42,,,,,
0.03987083211541176,853,42,,,,,
0.02989303506910801,854,42,,,,,
0.0457625649869442,855,42,,,,,
0.04605001583695412,856,42,,,,,
0.06074109673500061,857,42,,,,,
0.05862011760473251,858,42,,,,,
0.04569372162222862,859,42,,,,,
,126,,0.01885400153696537,,,,
,127,,0.040346693247556686,,,,
,128,,0.016218600794672966,,,,
,859,42,,0.026923999190330505,,,
,859,42,,,0.040323007851839066,1.0,0.8541666865348816
0.03476167097687721,860,43,,,,,
0.03044084832072258,861,43,,,,,
0.03670543432235718,862,43,,,,,
0.03978130966424942,863,43,,,,,
0.055379632860422134,864,43,,,,,
0.024253809824585915,865,43,,,,,
0.046122241765260696,866,43,,,,,
0.0500975027680397,867,43,,,,,
0.0427236333489418,868,43,,,,,
0.04732662811875343,869,43,,,,,
0.025280777364969254,870,43,,,,,
0.043728794902563095,871,43,,,,,
0.047105781733989716,872,43,,,,,
0.04794556647539139,873,43,,,,,
0.025575442239642143,874,43,,,,,
0.03600069135427475,875,43,,,,,
0.02872173860669136,876,43,,,,,
0.051705170422792435,877,43,,,,,
0.07026106864213943,878,43,,,,,
0.029499229043722153,879,43,,,,,
,129,,0.01971754990518093,,,,
,130,,0.040554191917181015,,,,
,131,,0.015618967823684216,,,,
,879,43,,0.027232488617300987,,,
,879,43,,,0.04067084565758705,1.0,0.8385416865348816
0.03447427973151207,880,44,,,,,
0.03967723250389099,881,44,,,,,
0.040136441588401794,882,44,,,,,
0.054172564297914505,883,44,,,,,
0.027764789760112762,884,44,,,,,
0.053550418466329575,885,44,,,,,
0.06095926836133003,886,44,,,,,
0.04276355728507042,887,44,,,,,
0.027690526098012924,888,44,,,,,
0.04258664697408676,889,44,,,,,
0.037416934967041016,890,44,,,,,
0.035034891217947006,891,44,,,,,
0.042470525950193405,892,44,,,,,
0.029239093884825706,893,44,,,,,
0.019603269174695015,894,44,,,,,
0.032662153244018555,895,44,,,,,
0.031746912747621536,896,44,,,,,
0.0404665544629097,897,44,,,,,
0.044798944145441055,898,44,,,,,
0.034549541771411896,899,44,,,,,
,132,,0.019953638315200806,,,,
,133,,0.04309973120689392,,,,
,134,,0.015145943500101566,,,,
,899,44,,0.02825053595006466,,,
,899,44,,,0.03858822584152222,0.9739583134651184,0.8541666865348816
0.03229153901338577,900,45,,,,,
0.059213802218437195,901,45,,,,,
0.03614681959152222,902,45,,,,,
0.04071642458438873,903,45,,,,,
0.04716905206441879,904,45,,,,,
0.046379610896110535,905,45,,,,,
0.04788960888981819,906,45,,,,,
0.0413433238863945,907,45,,,,,
0.03123469650745392,908,45,,,,,
0.038860976696014404,909,45,,,,,
0.04356060549616814,910,45,,,,,
0.03939881548285484,911,45,,,,,
0.04056064039468765,912,45,,,,,
0.03044094331562519,913,45,,,,,
0.041265446692705154,914,45,,,,,
0.05539102479815483,915,45,,,,,
0.047579698264598846,916,45,,,,,
0.02639857307076454,917,45,,,,,
0.018154606223106384,918,45,,,,,
0.03719020634889603,919,45,,,,,
,135,,0.019747188314795494,,,,
,136,,0.04576323181390762,,,,
,137,,0.01613249070942402,,,,
,919,45,,0.02943066693842411,,,
,919,45,,,0.040059320628643036,0.984375,0.8385416865348816
0.0307772234082222,920,46,,,,,
0.05477125942707062,921,46,,,,,
0.02347787469625473,922,46,,,,,
0.04346830025315285,923,46,,,,,
0.03023483045399189,924,46,,,,,
0.03360408917069435,925,46,,,,,
0.05576586350798607,926,46,,,,,
0.029723016545176506,927,46,,,,,
0.040282417088747025,928,46,,,,,
0.03760116174817085,929,46,,,,,
0.03946148604154587,930,46,,,,,
0.04988456517457962,931,46,,,,,
0.02266755886375904,932,46,,,,,
0.03309796005487442,933,46,,,,,
0.07200759649276733,934,46,,,,,
0.03534337878227234,935,46,,,,,
0.038667984306812286,936,46,,,,,
0.022374197840690613,937,46,,,,,
0.042826294898986816,938,46,,,,,
0.025690535083413124,939,46,,,,,
,138,,0.019129177555441856,,,,
,139,,0.04091212898492813,,,,
,140,,0.01598784141242504,,,,
,939,46,,0.027214091271162033,,,
,939,46,,,0.03808637708425522,1.0,0.8645833134651184
0.029297586530447006,940,47,,,,,
0.027538515627384186,941,47,,,,,
0.020406272262334824,942,47,,,,,
0.05553309991955757,943,47,,,,,
0.024516142904758453,944,47,,,,,
0.03495166450738907,945,47,,,,,
0.03971496969461441,946,47,,,,,
0.046901918947696686,947,47,,,,,
0.04357627034187317,948,47,,,,,
0.030224589630961418,949,47,,,,,
0.01838616095483303,950,47,,,,,
0.0307793989777565,951,47,,,,,
0.024762162938714027,952,47,,,,,
0.032842203974723816,953,47,,,,,
0.04740665480494499,954,47,,,,,
0.031076451763510704,955,47,,,,,
0.046681057661771774,956,47,,,,,
0.04067075997591019,957,47,,,,,
0.02293584495782852,958,47,,,,,
0.036146048456430435,959,47,,,,,
,141,,0.019135624170303345,,,,
,142,,0.042220089584589005,,,,
,143,,0.016287147998809814,,,,
,959,47,,0.027799714356660843,,,
,959,47,,,0.034217387437820435,0.9947916865348816,0.8489583134651184
