csv-epoch,step,csv-train_loss_step,csv-val_loss_step,csv-val_loss_epoch,csv-accuracy/exact,csv-train_loss_epoch
0,0,7.378547668457031,,,,
0,1,7.562242031097412,,,,
0,2,7.3624420166015625,,,,
0,3,6.543473243713379,,,,
0,4,6.232999801635742,,,,
0,5,5.97472620010376,,,,
0,6,5.891139507293701,,,,
0,7,5.466648578643799,,,,
0,8,5.339524269104004,,,,
0,9,4.896312713623047,,,,
0,10,5.008829593658447,,,,
0,11,4.503014087677002,,,,
0,12,5.0407280921936035,,,,
0,13,4.600806713104248,,,,
0,14,4.397350311279297,,,,
0,15,4.491843223571777,,,,
0,16,3.9372687339782715,,,,
0,17,3.9790191650390625,,,,
0,18,3.7262930870056152,,,,
0,19,3.6915340423583984,,,,
0,20,3.5527470111846924,,,,
0,21,3.6193318367004395,,,,
0,22,3.3913803100585938,,,,
0,23,3.380709171295166,,,,
0,24,3.161202907562256,,,,
0,25,2.9947900772094727,,,,
0,26,3.149484872817993,,,,
0,27,2.94477915763855,,,,
0,28,3.044966697692871,,,,
0,29,2.8131182193756104,,,,
0,30,2.6674644947052,,,,
0,31,2.662670135498047,,,,
0,32,2.5744409561157227,,,,
0,33,2.5571279525756836,,,,
0,34,2.5346171855926514,,,,
0,35,2.454542875289917,,,,
0,36,2.3411242961883545,,,,
0,37,2.339841842651367,,,,
0,38,2.3925929069519043,,,,
0,39,2.4033946990966797,,,,
0,40,2.3220603466033936,,,,
0,41,2.244901657104492,,,,
0,42,2.2507500648498535,,,,
0,43,2.2838289737701416,,,,
0,44,2.0988826751708984,,,,
0,45,2.236050605773926,,,,
0,46,2.206045627593994,,,,
0,47,2.3262696266174316,,,,
0,48,2.2699637413024902,,,,
0,49,2.0768861770629883,,,,
0,50,2.272644281387329,,,,
0,51,2.0738208293914795,,,,
0,52,2.091613531112671,,,,
0,53,2.1216087341308594,,,,
0,54,2.259969711303711,,,,
0,55,2.2820072174072266,,,,
0,56,2.0719516277313232,,,,
0,57,2.081350326538086,,,,
0,58,2.102590799331665,,,,
0,59,2.2041447162628174,,,,
0,60,2.101395606994629,,,,
0,61,2.10858154296875,,,,
0,62,2.184628486633301,,,,
0,63,2.284748077392578,,,,
0,64,2.200305461883545,,,,
0,65,2.1488993167877197,,,,
0,66,2.0196995735168457,,,,
0,67,1.9691351652145386,,,,
0,68,2.220503091812134,,,,
0,69,2.0397207736968994,,,,
0,70,2.007949113845825,,,,
0,71,2.0247888565063477,,,,
0,72,2.0212552547454834,,,,
0,73,2.1796417236328125,,,,
0,74,2.045410633087158,,,,
0,75,2.0047905445098877,,,,
0,76,1.9263752698898315,,,,
0,77,2.0953807830810547,,,,
0,78,2.0942397117614746,,,,
0,79,2.1241912841796875,,,,
0,80,2.026900291442871,,,,
0,81,2.0589091777801514,,,,
0,82,1.9097256660461426,,,,
0,83,1.9857054948806763,,,,
0,84,2.0204358100891113,,,,
0,85,1.872633457183838,,,,
0,86,1.930145263671875,,,,
0,87,2.0588083267211914,,,,
0,88,1.8825032711029053,,,,
0,89,1.843455195426941,,,,
0,90,1.7709535360336304,,,,
0,91,1.9494746923446655,,,,
0,92,1.941054344177246,,,,
0,93,1.829310417175293,,,,
0,94,1.8165496587753296,,,,
0,95,1.9313359260559082,,,,
0,96,1.8321127891540527,,,,
0,97,1.9756362438201904,,,,
0,98,1.9070820808410645,,,,
0,99,1.9984440803527832,,,,
0,100,1.9343153238296509,,,,
0,101,1.951587200164795,,,,
0,102,2.0284423828125,,,,
0,103,1.8707270622253418,,,,
0,104,1.7003073692321777,,,,
0,105,2.0904324054718018,,,,
0,106,1.846697211265564,,,,
0,107,1.9286056756973267,,,,
0,108,1.916028618812561,,,,
0,109,1.8560084104537964,,,,
0,110,1.990780234336853,,,,
0,111,1.7254191637039185,,,,
0,112,2.002894878387451,,,,
0,113,1.7562142610549927,,,,
0,114,1.866967797279358,,,,
0,115,1.7952055931091309,,,,
0,116,1.90245521068573,,,,
0,117,1.866804599761963,,,,
0,118,1.9342526197433472,,,,
0,119,1.8831936120986938,,,,
0,120,1.838181495666504,,,,
0,121,1.7318475246429443,,,,
0,122,1.8945393562316895,,,,
0,123,1.9668974876403809,,,,
0,124,1.8517217636108398,,,,
,0,,1.883939504623413,,,
,1,,1.6794862747192383,,,
,2,,1.7963457107543945,,,
,3,,1.639149785041809,,,
,4,,1.6856629848480225,,,
,5,,1.7672230005264282,,,
,6,,1.9193605184555054,,,
,7,,1.8238086700439453,,,
,8,,1.5710506439208984,,,
,9,,1.8913191556930542,,,
,10,,1.622144103050232,,,
,11,,1.5622838735580444,,,
,12,,1.7553726434707642,,,
,13,,1.6637662649154663,,,
,14,,1.6833524703979492,,,
,15,,1.7414265871047974,,,
0,124,,,1.7300901412963867,,
0,124,,,,0.2806640565395355,2.6748461723327637
1,125,1.7655694484710693,,,,
1,126,1.76216721534729,,,,
1,127,1.8678460121154785,,,,
1,128,1.6833335161209106,,,,
1,129,1.988440752029419,,,,
1,130,1.7701711654663086,,,,
1,131,1.7648814916610718,,,,
1,132,1.8242316246032715,,,,
1,133,1.8485581874847412,,,,
1,134,1.7361595630645752,,,,
1,135,1.7280187606811523,,,,
1,136,1.8786875009536743,,,,
1,137,1.9330860376358032,,,,
1,138,1.8354038000106812,,,,
1,139,1.7113444805145264,,,,
1,140,1.9177372455596924,,,,
1,141,1.8718092441558838,,,,
1,142,1.7327228784561157,,,,
1,143,1.8260092735290527,,,,
1,144,1.8809103965759277,,,,
1,145,1.7235608100891113,,,,
1,146,1.5738774538040161,,,,
1,147,1.9153800010681152,,,,
1,148,1.9097943305969238,,,,
1,149,1.9144258499145508,,,,
1,150,2.0175907611846924,,,,
1,151,1.7636067867279053,,,,
1,152,1.8193385601043701,,,,
1,153,1.930211067199707,,,,
1,154,1.7000681161880493,,,,
1,155,1.894470453262329,,,,
1,156,1.7253893613815308,,,,
1,157,1.8364999294281006,,,,
1,158,1.816267490386963,,,,
1,159,1.7484103441238403,,,,
1,160,1.9134907722473145,,,,
1,161,1.7143518924713135,,,,
1,162,1.912501573562622,,,,
1,163,1.7200210094451904,,,,
1,164,1.7053030729293823,,,,
1,165,1.835160493850708,,,,
1,166,1.7662590742111206,,,,
1,167,1.7471238374710083,,,,
1,168,1.7533252239227295,,,,
1,169,1.8276052474975586,,,,
1,170,1.7834755182266235,,,,
1,171,1.721825122833252,,,,
1,172,1.7544662952423096,,,,
1,173,1.962082028388977,,,,
1,174,1.85798978805542,,,,
1,175,1.8873038291931152,,,,
1,176,1.5958772897720337,,,,
1,177,1.8611829280853271,,,,
1,178,1.8423535823822021,,,,
1,179,1.7133415937423706,,,,
1,180,1.7536587715148926,,,,
1,181,1.845778465270996,,,,
1,182,1.8656902313232422,,,,
1,183,1.8373494148254395,,,,
1,184,1.9985262155532837,,,,
1,185,1.8689343929290771,,,,
1,186,1.7818036079406738,,,,
1,187,1.7408039569854736,,,,
1,188,1.8131704330444336,,,,
1,189,1.8625168800354004,,,,
1,190,1.8430715799331665,,,,
1,191,1.6573506593704224,,,,
1,192,1.8067502975463867,,,,
1,193,1.9187016487121582,,,,
1,194,1.7387471199035645,,,,
1,195,1.6699970960617065,,,,
1,196,1.7399461269378662,,,,
1,197,1.768813133239746,,,,
1,198,1.7528233528137207,,,,
1,199,1.8813323974609375,,,,
1,200,1.764657735824585,,,,
1,201,2.004946231842041,,,,
1,202,1.7102971076965332,,,,
1,203,1.7873480319976807,,,,
1,204,1.795859932899475,,,,
1,205,1.798473596572876,,,,
1,206,1.7971906661987305,,,,
1,207,1.8116875886917114,,,,
1,208,1.7463022470474243,,,,
1,209,1.63833749294281,,,,
1,210,1.8248727321624756,,,,
1,211,1.7661646604537964,,,,
1,212,1.619221568107605,,,,
1,213,1.6883840560913086,,,,
1,214,1.605650782585144,,,,
1,215,1.7425919771194458,,,,
1,216,1.8749521970748901,,,,
1,217,1.6923673152923584,,,,
1,218,1.7979650497436523,,,,
1,219,1.6825629472732544,,,,
1,220,1.7893831729888916,,,,
1,221,1.658958911895752,,,,
1,222,1.8694967031478882,,,,
1,223,1.7571136951446533,,,,
1,224,1.6246765851974487,,,,
1,225,1.7194643020629883,,,,
1,226,1.7924717664718628,,,,
1,227,1.7748609781265259,,,,
1,228,1.723558783531189,,,,
1,229,1.642092227935791,,,,
1,230,1.763767123222351,,,,
1,231,1.8168829679489136,,,,
1,232,1.7937723398208618,,,,
1,233,1.722400188446045,,,,
1,234,1.792626142501831,,,,
1,235,1.738993525505066,,,,
1,236,1.7610198259353638,,,,
1,237,1.7762902975082397,,,,
1,238,1.4926247596740723,,,,
1,239,1.7300719022750854,,,,
1,240,1.5491400957107544,,,,
1,241,1.8584632873535156,,,,
1,242,1.7415072917938232,,,,
1,243,1.9047563076019287,,,,
1,244,1.7160614728927612,,,,
1,245,1.7413638830184937,,,,
1,246,1.795048475265503,,,,
1,247,1.7322654724121094,,,,
1,248,1.5129226446151733,,,,
1,249,1.7309291362762451,,,,
,16,,1.824220895767212,,,
,17,,1.5963188409805298,,,
,18,,1.7306790351867676,,,
,19,,1.5526173114776611,,,
,20,,1.6033624410629272,,,
,21,,1.706006407737732,,,
,22,,1.8699158430099487,,,
,23,,1.7590464353561401,,,
,24,,1.5000901222229004,,,
,25,,1.8391958475112915,,,
,26,,1.566274881362915,,,
,27,,1.491335391998291,,,
,28,,1.6873016357421875,,,
,29,,1.6039490699768066,,,
,30,,1.6068072319030762,,,
,31,,1.66194486618042,,,
1,249,,,1.6624537706375122,,
1,249,,,,0.2845703065395355,1.7824769020080566
2,250,1.8062011003494263,,,,
2,251,1.7775516510009766,,,,
2,252,1.5391278266906738,,,,
2,253,1.6683685779571533,,,,
2,254,1.7829139232635498,,,,
2,255,1.5542316436767578,,,,
2,256,1.7227638959884644,,,,
2,257,1.684431791305542,,,,
2,258,1.7436426877975464,,,,
2,259,1.630429744720459,,,,
2,260,1.6199063062667847,,,,
2,261,1.8228785991668701,,,,
2,262,1.7298352718353271,,,,
2,263,1.6034533977508545,,,,
2,264,1.7934470176696777,,,,
2,265,1.8724262714385986,,,,
2,266,1.6511013507843018,,,,
2,267,1.772383213043213,,,,
2,268,1.7665749788284302,,,,
2,269,1.759482741355896,,,,
2,270,1.8102407455444336,,,,
2,271,1.569740891456604,,,,
2,272,1.7488648891448975,,,,
2,273,1.8363646268844604,,,,
2,274,1.737849473953247,,,,
2,275,1.8943579196929932,,,,
2,276,1.7663426399230957,,,,
2,277,1.674680471420288,,,,
2,278,1.8069531917572021,,,,
2,279,1.8071057796478271,,,,
2,280,1.7538609504699707,,,,
2,281,1.6778773069381714,,,,
2,282,1.7355594635009766,,,,
2,283,1.6823227405548096,,,,
2,284,1.5560983419418335,,,,
2,285,1.6565979719161987,,,,
2,286,1.781160593032837,,,,
2,287,1.8502658605575562,,,,
2,288,1.651624321937561,,,,
2,289,1.531103491783142,,,,
2,290,1.5354270935058594,,,,
2,291,1.7897412776947021,,,,
2,292,1.689797282218933,,,,
2,293,1.6534734964370728,,,,
2,294,1.7419887781143188,,,,
2,295,1.6323636770248413,,,,
2,296,1.6647359132766724,,,,
2,297,1.484010934829712,,,,
2,298,1.6763417720794678,,,,
2,299,1.7807509899139404,,,,
2,300,1.6786887645721436,,,,
2,301,1.7673345804214478,,,,
2,302,1.7520633935928345,,,,
2,303,1.6742430925369263,,,,
2,304,1.5787988901138306,,,,
2,305,1.6494206190109253,,,,
2,306,1.7309926748275757,,,,
2,307,1.6193219423294067,,,,
2,308,1.6413767337799072,,,,
2,309,1.7505278587341309,,,,
2,310,1.5172901153564453,,,,
2,311,1.8645811080932617,,,,
2,312,1.5370025634765625,,,,
2,313,1.642617106437683,,,,
2,314,1.6670589447021484,,,,
2,315,1.7759332656860352,,,,
2,316,1.7089354991912842,,,,
2,317,1.6610244512557983,,,,
2,318,1.5834486484527588,,,,
2,319,1.6870572566986084,,,,
2,320,1.6502496004104614,,,,
2,321,1.6325336694717407,,,,
2,322,1.6049107313156128,,,,
2,323,1.713857650756836,,,,
2,324,1.7172316312789917,,,,
2,325,1.6874125003814697,,,,
2,326,1.671568751335144,,,,
2,327,1.6688880920410156,,,,
2,328,1.7134968042373657,,,,
2,329,1.70139479637146,,,,
2,330,1.8017622232437134,,,,
2,331,1.7074791193008423,,,,
2,332,1.6005531549453735,,,,
2,333,1.5714478492736816,,,,
2,334,1.663496732711792,,,,
2,335,1.754363775253296,,,,
2,336,1.695481300354004,,,,
2,337,1.5514676570892334,,,,
2,338,1.7448360919952393,,,,
2,339,1.3667240142822266,,,,
2,340,1.6558531522750854,,,,
2,341,1.6624053716659546,,,,
2,342,1.749119520187378,,,,
2,343,1.6056362390518188,,,,
2,344,1.6557588577270508,,,,
2,345,1.372349500656128,,,,
2,346,1.5796445608139038,,,,
2,347,1.8174116611480713,,,,
2,348,1.6825323104858398,,,,
2,349,1.5044498443603516,,,,
2,350,1.726679801940918,,,,
2,351,1.656712532043457,,,,
2,352,1.6019012928009033,,,,
2,353,1.556308388710022,,,,
2,354,1.7410461902618408,,,,
2,355,1.6386539936065674,,,,
2,356,1.7139995098114014,,,,
2,357,1.6429486274719238,,,,
2,358,1.615539789199829,,,,
2,359,1.6162594556808472,,,,
2,360,1.7247254848480225,,,,
2,361,1.7796118259429932,,,,
2,362,1.6333286762237549,,,,
2,363,1.3519912958145142,,,,
2,364,1.626896619796753,,,,
2,365,1.7597553730010986,,,,
2,366,1.648958683013916,,,,
2,367,1.6322957277297974,,,,
2,368,1.4994380474090576,,,,
2,369,1.5285226106643677,,,,
2,370,1.70082426071167,,,,
2,371,1.7097818851470947,,,,
2,372,1.5576553344726562,,,,
2,373,1.5274012088775635,,,,
2,374,1.5638474225997925,,,,
,32,,1.6949188709259033,,,
,33,,1.467588186264038,,,
,34,,1.617417335510254,,,
,35,,1.4289696216583252,,,
,36,,1.492074728012085,,,
,37,,1.57792067527771,,,
,38,,1.730566143989563,,,
,39,,1.6353669166564941,,,
,40,,1.3736293315887451,,,
,41,,1.7189743518829346,,,
,42,,1.4321759939193726,,,
,43,,1.3678017854690552,,,
,44,,1.564584732055664,,,
,45,,1.4634997844696045,,,
,46,,1.4801398515701294,,,
,47,,1.529712438583374,,,
2,374,,,1.5361086130142212,,
2,374,,,,0.2845703065395355,1.67380690574646
3,375,1.5771112442016602,,,,
3,376,1.7154967784881592,,,,
3,377,1.5198038816452026,,,,
3,378,1.6986011266708374,,,,
3,379,1.7158892154693604,,,,
3,380,1.6344268321990967,,,,
3,381,1.5584750175476074,,,,
3,382,1.611162781715393,,,,
3,383,1.6297881603240967,,,,
3,384,1.533448338508606,,,,
3,385,1.6280136108398438,,,,
3,386,1.663558006286621,,,,
3,387,1.5680207014083862,,,,
3,388,1.5896142721176147,,,,
3,389,1.5400060415267944,,,,
3,390,1.6935776472091675,,,,
3,391,1.7330889701843262,,,,
3,392,1.5637003183364868,,,,
3,393,1.5625663995742798,,,,
3,394,1.7304885387420654,,,,
3,395,1.5271153450012207,,,,
3,396,1.6736111640930176,,,,
3,397,1.545710802078247,,,,
3,398,1.7476356029510498,,,,
3,399,1.4304466247558594,,,,
3,400,1.339486002922058,,,,
3,401,1.486601710319519,,,,
3,402,1.5317915678024292,,,,
3,403,1.6299047470092773,,,,
3,404,1.5108327865600586,,,,
3,405,1.6394493579864502,,,,
3,406,1.6289618015289307,,,,
3,407,1.5849521160125732,,,,
3,408,1.7014737129211426,,,,
3,409,1.6930598020553589,,,,
3,410,1.6286485195159912,,,,
3,411,1.5606834888458252,,,,
3,412,1.4137287139892578,,,,
3,413,1.4366869926452637,,,,
3,414,1.4906067848205566,,,,
3,415,1.6372493505477905,,,,
3,416,1.640853762626648,,,,
3,417,1.59446382522583,,,,
3,418,1.4267349243164062,,,,
3,419,1.434770941734314,,,,
3,420,1.6212753057479858,,,,
3,421,1.5364553928375244,,,,
3,422,1.5411419868469238,,,,
3,423,1.4751298427581787,,,,
3,424,1.6813703775405884,,,,
3,425,1.6265981197357178,,,,
3,426,1.7600029706954956,,,,
3,427,1.281955361366272,,,,
3,428,1.5682951211929321,,,,
3,429,1.6497511863708496,,,,
3,430,1.4252769947052002,,,,
3,431,1.6488324403762817,,,,
3,432,1.5016554594039917,,,,
3,433,1.6155014038085938,,,,
3,434,1.5127426385879517,,,,
3,435,1.3481817245483398,,,,
3,436,1.5701614618301392,,,,
3,437,1.6571086645126343,,,,
3,438,1.578590750694275,,,,
3,439,1.6146705150604248,,,,
3,440,1.5774401426315308,,,,
3,441,1.5034428834915161,,,,
3,442,1.6892151832580566,,,,
3,443,1.5900624990463257,,,,
3,444,1.676692247390747,,,,
3,445,1.572263240814209,,,,
3,446,1.5323197841644287,,,,
3,447,1.5083332061767578,,,,
3,448,1.704672932624817,,,,
3,449,1.4868732690811157,,,,
3,450,1.6221917867660522,,,,
3,451,1.3791933059692383,,,,
3,452,1.3897252082824707,,,,
3,453,1.7270588874816895,,,,
3,454,1.6517281532287598,,,,
3,455,1.6628001928329468,,,,
3,456,1.522695541381836,,,,
3,457,1.5245318412780762,,,,
3,458,1.5307626724243164,,,,
3,459,1.6140528917312622,,,,
3,460,1.6207103729248047,,,,
3,461,1.3923346996307373,,,,
3,462,1.6162443161010742,,,,
3,463,1.4728296995162964,,,,
3,464,1.4563038349151611,,,,
3,465,1.4864039421081543,,,,
3,466,1.4390193223953247,,,,
3,467,1.5765782594680786,,,,
3,468,1.4538642168045044,,,,
3,469,1.5472444295883179,,,,
3,470,1.457103967666626,,,,
3,471,1.5237107276916504,,,,
3,472,1.4983216524124146,,,,
3,473,1.4683284759521484,,,,
3,474,1.4181379079818726,,,,
3,475,1.6717424392700195,,,,
3,476,1.5501118898391724,,,,
3,477,1.5776959657669067,,,,
3,478,1.5340907573699951,,,,
3,479,1.4432380199432373,,,,
3,480,1.6016032695770264,,,,
3,481,1.580845594406128,,,,
3,482,1.488431692123413,,,,
3,483,1.458365559577942,,,,
3,484,1.3626056909561157,,,,
3,485,1.5080476999282837,,,,
3,486,1.511606216430664,,,,
3,487,1.4384814500808716,,,,
3,488,1.5620700120925903,,,,
3,489,1.4841433763504028,,,,
3,490,1.489659070968628,,,,
3,491,1.4622092247009277,,,,
3,492,1.3458964824676514,,,,
3,493,1.5592856407165527,,,,
3,494,1.5761698484420776,,,,
3,495,1.3627815246582031,,,,
3,496,1.4104893207550049,,,,
3,497,1.4536241292953491,,,,
3,498,1.6782314777374268,,,,
3,499,1.437340259552002,,,,
,48,,1.5545899868011475,,,
,49,,1.334337592124939,,,
,50,,1.4920681715011597,,,
,51,,1.3061610460281372,,,
,52,,1.3738362789154053,,,
,53,,1.446602702140808,,,
,54,,1.6046454906463623,,,
,55,,1.5083427429199219,,,
,56,,1.2452560663223267,,,
,57,,1.5844594240188599,,,
,58,,1.3174047470092773,,,
,59,,1.2361674308776855,,,
,60,,1.446565866470337,,,
,61,,1.3417078256607056,,,
,62,,1.3482117652893066,,,
,63,,1.3702192306518555,,,
3,499,,,1.4077916145324707,,
3,499,,,,0.2958984375,1.55247163772583
4,500,1.4899555444717407,,,,
4,501,1.5513170957565308,,,,
4,502,1.251306414604187,,,,
4,503,1.4996776580810547,,,,
4,504,1.4124528169631958,,,,
4,505,1.487208366394043,,,,
4,506,1.601904034614563,,,,
4,507,1.5616981983184814,,,,
4,508,1.4544415473937988,,,,
4,509,1.5198936462402344,,,,
4,510,1.578473687171936,,,,
4,511,1.520241379737854,,,,
4,512,1.6179736852645874,,,,
4,513,1.4904470443725586,,,,
4,514,1.505029559135437,,,,
4,515,1.5745434761047363,,,,
4,516,1.3657240867614746,,,,
4,517,1.4915096759796143,,,,
4,518,1.4484500885009766,,,,
4,519,1.3227276802062988,,,,
4,520,1.446141004562378,,,,
4,521,1.3758370876312256,,,,
4,522,1.5355377197265625,,,,
4,523,1.5851197242736816,,,,
4,524,1.3826409578323364,,,,
4,525,1.4635522365570068,,,,
4,526,1.5310747623443604,,,,
4,527,1.4280693531036377,,,,
4,528,1.386066198348999,,,,
4,529,1.58740234375,,,,
4,530,1.3210521936416626,,,,
4,531,1.5495096445083618,,,,
4,532,1.5147780179977417,,,,
4,533,1.6137841939926147,,,,
4,534,1.4028676748275757,,,,
4,535,1.3803684711456299,,,,
4,536,1.4070866107940674,,,,
4,537,1.6577224731445312,,,,
4,538,1.4761756658554077,,,,
4,539,1.4663524627685547,,,,
4,540,1.444625973701477,,,,
4,541,1.448123574256897,,,,
4,542,1.485483169555664,,,,
4,543,1.459558367729187,,,,
4,544,1.4202632904052734,,,,
4,545,1.3794316053390503,,,,
4,546,1.5765981674194336,,,,
4,547,1.3598905801773071,,,,
4,548,1.3722302913665771,,,,
4,549,1.4254324436187744,,,,
4,550,1.4907373189926147,,,,
4,551,1.354993224143982,,,,
4,552,1.3829413652420044,,,,
4,553,1.433419108390808,,,,
4,554,1.3644335269927979,,,,
4,555,1.4848426580429077,,,,
4,556,1.5999109745025635,,,,
4,557,1.505717396736145,,,,
4,558,1.330173134803772,,,,
4,559,1.4697022438049316,,,,
4,560,1.1855504512786865,,,,
4,561,1.5105706453323364,,,,
4,562,1.367258906364441,,,,
4,563,1.5266592502593994,,,,
4,564,1.431624174118042,,,,
4,565,1.4295157194137573,,,,
4,566,1.5344395637512207,,,,
4,567,1.512574315071106,,,,
4,568,1.3910902738571167,,,,
4,569,1.4504534006118774,,,,
4,570,1.4072366952896118,,,,
4,571,1.5212478637695312,,,,
4,572,1.4509047269821167,,,,
4,573,1.4438821077346802,,,,
4,574,1.4390243291854858,,,,
4,575,1.4470915794372559,,,,
4,576,1.3599793910980225,,,,
4,577,1.4528520107269287,,,,
4,578,1.461554765701294,,,,
4,579,1.366156816482544,,,,
4,580,1.4186992645263672,,,,
4,581,1.4269235134124756,,,,
4,582,1.605214238166809,,,,
4,583,1.2751352787017822,,,,
4,584,1.3920202255249023,,,,
4,585,1.3783973455429077,,,,
4,586,1.4738283157348633,,,,
4,587,1.484087347984314,,,,
4,588,1.2525073289871216,,,,
4,589,1.4695039987564087,,,,
4,590,1.4214590787887573,,,,
4,591,1.3391101360321045,,,,
4,592,1.5419108867645264,,,,
4,593,1.4747551679611206,,,,
4,594,1.4246751070022583,,,,
4,595,1.4403936862945557,,,,
4,596,1.4454350471496582,,,,
4,597,1.50319504737854,,,,
4,598,1.5632336139678955,,,,
4,599,1.309019923210144,,,,
4,600,1.4403760433197021,,,,
4,601,1.5671240091323853,,,,
4,602,1.5153104066848755,,,,
4,603,1.4027191400527954,,,,
4,604,1.5311005115509033,,,,
4,605,1.3373335599899292,,,,
4,606,1.3625750541687012,,,,
4,607,1.471298336982727,,,,
4,608,1.4611847400665283,,,,
4,609,1.4665013551712036,,,,
4,610,1.4539908170700073,,,,
4,611,1.3775748014450073,,,,
4,612,1.4010798931121826,,,,
4,613,1.4183330535888672,,,,
4,614,1.5161850452423096,,,,
4,615,1.490492820739746,,,,
4,616,1.3914406299591064,,,,
4,617,1.420466661453247,,,,
4,618,1.2418596744537354,,,,
4,619,1.301034688949585,,,,
4,620,1.492387056350708,,,,
4,621,1.297493577003479,,,,
4,622,1.4550496339797974,,,,
4,623,1.558820366859436,,,,
4,624,1.395400047302246,,,,
,64,,1.5005674362182617,,,
,65,,1.2794358730316162,,,
,66,,1.43984854221344,,,
,67,,1.2519111633300781,,,
,68,,1.3193076848983765,,,
,69,,1.3717018365859985,,,
,70,,1.5286120176315308,,,
,71,,1.4500552415847778,,,
,72,,1.2042113542556763,,,
,73,,1.5318838357925415,,,
,74,,1.2423359155654907,,,
,75,,1.1882139444351196,,,
,76,,1.3924518823623657,,,
,77,,1.2835991382598877,,,
,78,,1.2876315116882324,,,
,79,,1.325714349746704,,,
4,624,,,1.3504217863082886,,
4,624,,,,0.296875,1.449127435684204
5,625,1.4256706237792969,,,,
5,626,1.5610220432281494,,,,
5,627,1.3540410995483398,,,,
5,628,1.5293664932250977,,,,
5,629,1.5007492303848267,,,,
5,630,1.5085117816925049,,,,
5,631,1.3557519912719727,,,,
5,632,1.3934820890426636,,,,
5,633,1.3318026065826416,,,,
5,634,1.381041407585144,,,,
5,635,1.3180631399154663,,,,
5,636,1.3705607652664185,,,,
5,637,1.464483618736267,,,,
5,638,1.4614061117172241,,,,
5,639,1.3989895582199097,,,,
5,640,1.3980754613876343,,,,
5,641,1.5314816236495972,,,,
5,642,1.4723633527755737,,,,
5,643,1.332953691482544,,,,
5,644,1.4559766054153442,,,,
5,645,1.4869163036346436,,,,
5,646,1.5019270181655884,,,,
5,647,1.4840888977050781,,,,
5,648,1.3412258625030518,,,,
5,649,1.367721676826477,,,,
5,650,1.291365385055542,,,,
5,651,1.2454719543457031,,,,
5,652,1.443068027496338,,,,
5,653,1.3878804445266724,,,,
5,654,1.5756956338882446,,,,
5,655,1.6029688119888306,,,,
5,656,1.205397129058838,,,,
5,657,1.4745550155639648,,,,
5,658,1.341504693031311,,,,
5,659,1.2936334609985352,,,,
5,660,1.3157806396484375,,,,
5,661,1.5224738121032715,,,,
5,662,1.443875789642334,,,,
5,663,1.09206223487854,,,,
5,664,1.4116973876953125,,,,
5,665,1.3925973176956177,,,,
5,666,1.3369535207748413,,,,
5,667,1.4212260246276855,,,,
5,668,1.411022424697876,,,,
5,669,1.4979982376098633,,,,
5,670,1.3775936365127563,,,,
5,671,1.3672465085983276,,,,
5,672,1.283758521080017,,,,
5,673,1.365666151046753,,,,
5,674,1.3234994411468506,,,,
5,675,1.380036473274231,,,,
5,676,1.4622752666473389,,,,
5,677,1.4675017595291138,,,,
5,678,1.4111170768737793,,,,
5,679,1.4339624643325806,,,,
5,680,1.3547439575195312,,,,
5,681,1.3008841276168823,,,,
5,682,1.4948482513427734,,,,
5,683,1.3708794116973877,,,,
5,684,1.3529977798461914,,,,
5,685,1.487972378730774,,,,
5,686,1.3750399351119995,,,,
5,687,1.3222588300704956,,,,
5,688,1.422492504119873,,,,
5,689,1.4047473669052124,,,,
5,690,1.2616294622421265,,,,
5,691,1.4529027938842773,,,,
5,692,1.363952875137329,,,,
5,693,1.4297698736190796,,,,
5,694,1.3290913105010986,,,,
5,695,1.4516828060150146,,,,
5,696,1.348897099494934,,,,
5,697,1.4608790874481201,,,,
5,698,1.4067600965499878,,,,
5,699,1.4873621463775635,,,,
5,700,1.3761025667190552,,,,
5,701,1.342333197593689,,,,
5,702,1.2059296369552612,,,,
5,703,1.3081212043762207,,,,
5,704,1.3991219997406006,,,,
5,705,1.5422292947769165,,,,
5,706,1.1738121509552002,,,,
5,707,1.2326147556304932,,,,
5,708,1.3403724431991577,,,,
5,709,1.3553767204284668,,,,
5,710,1.1586240530014038,,,,
5,711,1.2493181228637695,,,,
5,712,1.3626526594161987,,,,
5,713,1.303938865661621,,,,
5,714,1.3360011577606201,,,,
5,715,1.510507345199585,,,,
5,716,1.2730388641357422,,,,
5,717,1.4479234218597412,,,,
5,718,1.3463128805160522,,,,
5,719,1.5492947101593018,,,,
5,720,1.447160005569458,,,,
5,721,1.33905029296875,,,,
5,722,1.3900052309036255,,,,
5,723,1.4014657735824585,,,,
5,724,1.391552448272705,,,,
5,725,1.4232323169708252,,,,
5,726,1.5142382383346558,,,,
5,727,1.3691099882125854,,,,
5,728,1.3146377801895142,,,,
5,729,1.2925137281417847,,,,
5,730,1.5772346258163452,,,,
5,731,1.2398419380187988,,,,
5,732,1.3370026350021362,,,,
5,733,1.2196956872940063,,,,
5,734,1.435706615447998,,,,
5,735,1.2529349327087402,,,,
5,736,1.4943169355392456,,,,
5,737,1.5125727653503418,,,,
5,738,1.3537631034851074,,,,
5,739,1.464817762374878,,,,
5,740,1.2662571668624878,,,,
5,741,1.57949697971344,,,,
5,742,1.44656503200531,,,,
5,743,1.4286487102508545,,,,
5,744,1.3785572052001953,,,,
5,745,1.2879469394683838,,,,
5,746,1.3526861667633057,,,,
5,747,1.3912341594696045,,,,
5,748,1.514542579650879,,,,
5,749,1.2083919048309326,,,,
,80,,1.482085108757019,,,
,81,,1.2613425254821777,,,
,82,,1.4151966571807861,,,
,83,,1.2398321628570557,,,
,84,,1.3034400939941406,,,
,85,,1.3597960472106934,,,
,86,,1.5191292762756348,,,
,87,,1.4490256309509277,,,
,88,,1.2056560516357422,,,
,89,,1.5158791542053223,,,
,90,,1.2244242429733276,,,
,91,,1.159631371498108,,,
,92,,1.3858447074890137,,,
,93,,1.2624139785766602,,,
,94,,1.2780081033706665,,,
,95,,1.2871170043945312,,,
5,749,,,1.335433840751648,,
5,749,,,,0.306640625,1.3890089988708496
6,750,1.4719600677490234,,,,
6,751,1.3354732990264893,,,,
6,752,1.3844339847564697,,,,
6,753,1.4105154275894165,,,,
6,754,1.3751928806304932,,,,
6,755,1.3202779293060303,,,,
6,756,1.4549180269241333,,,,
6,757,1.4629180431365967,,,,
6,758,1.4035682678222656,,,,
6,759,1.5192972421646118,,,,
6,760,1.3083603382110596,,,,
6,761,1.2012861967086792,,,,
6,762,1.3013966083526611,,,,
6,763,1.4190870523452759,,,,
6,764,1.3788909912109375,,,,
6,765,1.3317886590957642,,,,
6,766,1.28526771068573,,,,
6,767,1.2612099647521973,,,,
6,768,1.2930376529693604,,,,
6,769,1.4166837930679321,,,,
6,770,1.4062618017196655,,,,
6,771,1.5558340549468994,,,,
6,772,1.1859155893325806,,,,
6,773,1.5497002601623535,,,,
6,774,1.2303565740585327,,,,
6,775,1.488495945930481,,,,
6,776,1.359884262084961,,,,
6,777,1.4248733520507812,,,,
6,778,1.2694814205169678,,,,
6,779,1.2803987264633179,,,,
6,780,1.3763139247894287,,,,
6,781,1.2128311395645142,,,,
6,782,1.4646451473236084,,,,
6,783,1.3259268999099731,,,,
6,784,1.1113173961639404,,,,
6,785,1.2739641666412354,,,,
6,786,1.5087686777114868,,,,
6,787,1.3678101301193237,,,,
6,788,1.2542487382888794,,,,
6,789,1.3947622776031494,,,,
6,790,1.3932853937149048,,,,
6,791,1.3264309167861938,,,,
6,792,1.3259210586547852,,,,
6,793,1.3549383878707886,,,,
6,794,1.3224501609802246,,,,
6,795,1.0909477472305298,,,,
6,796,1.401663064956665,,,,
6,797,1.470051884651184,,,,
6,798,1.2948412895202637,,,,
6,799,1.3570053577423096,,,,
6,800,1.503831148147583,,,,
6,801,1.513355016708374,,,,
6,802,1.2240122556686401,,,,
6,803,1.3842175006866455,,,,
6,804,1.3216220140457153,,,,
6,805,1.2037245035171509,,,,
6,806,1.4222334623336792,,,,
6,807,1.2646989822387695,,,,
6,808,1.3313403129577637,,,,
6,809,1.489387035369873,,,,
6,810,1.2333464622497559,,,,
6,811,1.443332552909851,,,,
6,812,1.3532193899154663,,,,
6,813,1.2875882387161255,,,,
6,814,1.366607904434204,,,,
6,815,1.514748454093933,,,,
6,816,1.3676992654800415,,,,
6,817,1.3567184209823608,,,,
6,818,1.4406439065933228,,,,
6,819,1.3240444660186768,,,,
6,820,1.4832844734191895,,,,
6,821,1.392627477645874,,,,
6,822,1.2669881582260132,,,,
6,823,1.5035187005996704,,,,
6,824,1.251360297203064,,,,
6,825,1.4454010725021362,,,,
6,826,1.4371676445007324,,,,
6,827,1.3105067014694214,,,,
6,828,1.5078675746917725,,,,
6,829,1.3740856647491455,,,,
6,830,1.4018436670303345,,,,
6,831,1.3127254247665405,,,,
6,832,1.4725630283355713,,,,
6,833,1.3954799175262451,,,,
6,834,1.4571367502212524,,,,
6,835,1.368605375289917,,,,
6,836,1.3336553573608398,,,,
6,837,1.2494685649871826,,,,
6,838,1.191312551498413,,,,
6,839,1.3945060968399048,,,,
6,840,1.4225457906723022,,,,
6,841,1.3552926778793335,,,,
6,842,1.3084909915924072,,,,
6,843,1.4149037599563599,,,,
6,844,1.4118151664733887,,,,
6,845,1.4584414958953857,,,,
6,846,1.533698558807373,,,,
6,847,1.412424921989441,,,,
6,848,1.2601988315582275,,,,
6,849,1.4247033596038818,,,,
6,850,1.4933695793151855,,,,
6,851,1.4468088150024414,,,,
6,852,1.3473707437515259,,,,
6,853,1.3595136404037476,,,,
6,854,1.2368392944335938,,,,
6,855,1.4046608209609985,,,,
6,856,1.3610951900482178,,,,
6,857,1.4951281547546387,,,,
6,858,1.4740281105041504,,,,
6,859,1.3872771263122559,,,,
6,860,1.325087308883667,,,,
6,861,1.3895022869110107,,,,
6,862,1.1726953983306885,,,,
6,863,1.3549749851226807,,,,
6,864,1.1557399034500122,,,,
6,865,1.309593677520752,,,,
6,866,1.3130640983581543,,,,
6,867,1.2214748859405518,,,,
6,868,1.1295512914657593,,,,
6,869,1.3951314687728882,,,,
6,870,1.2978689670562744,,,,
6,871,1.395667552947998,,,,
6,872,1.362022042274475,,,,
6,873,1.367762804031372,,,,
6,874,1.3109652996063232,,,,
,96,,1.4627246856689453,,,
,97,,1.2480521202087402,,,
,98,,1.3818365335464478,,,
,99,,1.2153047323226929,,,
,100,,1.2804771661758423,,,
,101,,1.3345578908920288,,,
,102,,1.4860713481903076,,,
,103,,1.419978141784668,,,
,104,,1.2073568105697632,,,
,105,,1.502503514289856,,,
,106,,1.1947598457336426,,,
,107,,1.1393227577209473,,,
,108,,1.3441197872161865,,,
,109,,1.2287193536758423,,,
,110,,1.2492848634719849,,,
,111,,1.2530919313430786,,,
6,874,,,1.3106080293655396,,
6,874,,,,0.3095703125,1.3609684705734253
7,875,1.2595868110656738,,,,
7,876,1.3492822647094727,,,,
7,877,1.4282196760177612,,,,
7,878,1.2618316411972046,,,,
7,879,1.375138759613037,,,,
7,880,1.3490080833435059,,,,
7,881,1.3293442726135254,,,,
7,882,1.2744767665863037,,,,
7,883,1.4372637271881104,,,,
7,884,1.2746944427490234,,,,
7,885,1.253583550453186,,,,
7,886,1.2539474964141846,,,,
7,887,1.3719656467437744,,,,
7,888,1.310027837753296,,,,
7,889,1.2505015134811401,,,,
7,890,1.3880105018615723,,,,
7,891,1.4049687385559082,,,,
7,892,1.404115915298462,,,,
7,893,1.2562732696533203,,,,
7,894,1.283295750617981,,,,
7,895,1.2523908615112305,,,,
7,896,1.2757076025009155,,,,
7,897,1.4190232753753662,,,,
7,898,1.4859670400619507,,,,
7,899,1.3816487789154053,,,,
7,900,1.4381513595581055,,,,
7,901,1.392396092414856,,,,
7,902,1.3324389457702637,,,,
7,903,1.3116625547409058,,,,
7,904,1.2452319860458374,,,,
7,905,1.4162484407424927,,,,
7,906,1.459180235862732,,,,
7,907,1.4097187519073486,,,,
7,908,1.2020471096038818,,,,
7,909,1.3799641132354736,,,,
7,910,1.421021580696106,,,,
7,911,1.3585997819900513,,,,
7,912,1.3512561321258545,,,,
7,913,1.4946563243865967,,,,
7,914,1.2891265153884888,,,,
7,915,1.369333267211914,,,,
7,916,1.3541103601455688,,,,
7,917,1.4356282949447632,,,,
7,918,1.4866026639938354,,,,
7,919,1.4570451974868774,,,,
7,920,1.3727433681488037,,,,
7,921,1.3783235549926758,,,,
7,922,1.3230565786361694,,,,
7,923,1.3240816593170166,,,,
7,924,1.433038592338562,,,,
7,925,1.31879723072052,,,,
7,926,1.3275108337402344,,,,
7,927,1.3731422424316406,,,,
7,928,1.1103076934814453,,,,
7,929,1.3792887926101685,,,,
7,930,1.3214820623397827,,,,
7,931,1.3377015590667725,,,,
7,932,1.257601022720337,,,,
7,933,1.385210633277893,,,,
7,934,1.280738353729248,,,,
7,935,1.2529616355895996,,,,
7,936,1.307317852973938,,,,
7,937,1.3378174304962158,,,,
7,938,1.4499903917312622,,,,
7,939,1.351726770401001,,,,
7,940,1.1915545463562012,,,,
7,941,1.528080940246582,,,,
7,942,1.3692574501037598,,,,
7,943,1.268662691116333,,,,
7,944,1.1525756120681763,,,,
7,945,1.3983757495880127,,,,
7,946,1.3851226568222046,,,,
7,947,1.2624090909957886,,,,
7,948,1.4335741996765137,,,,
7,949,1.3548015356063843,,,,
7,950,1.3885446786880493,,,,
7,951,1.2609251737594604,,,,
7,952,1.3103646039962769,,,,
7,953,1.3799197673797607,,,,
7,954,1.4777833223342896,,,,
7,955,1.4575402736663818,,,,
7,956,1.2014790773391724,,,,
7,957,1.4948914051055908,,,,
7,958,1.4047030210494995,,,,
7,959,1.409765362739563,,,,
7,960,1.4333571195602417,,,,
7,961,1.264410376548767,,,,
7,962,1.1280534267425537,,,,
7,963,1.2389518022537231,,,,
7,964,1.2455697059631348,,,,
7,965,1.1739510297775269,,,,
7,966,1.2758301496505737,,,,
7,967,1.2616952657699585,,,,
7,968,1.3472425937652588,,,,
7,969,1.278045654296875,,,,
7,970,1.3353991508483887,,,,
7,971,1.3617312908172607,,,,
7,972,1.1100308895111084,,,,
7,973,1.067841649055481,,,,
7,974,1.3606616258621216,,,,
7,975,1.3395010232925415,,,,
7,976,1.4625812768936157,,,,
7,977,1.4379287958145142,,,,
7,978,1.2404131889343262,,,,
7,979,1.2718982696533203,,,,
7,980,1.363447904586792,,,,
7,981,1.3175123929977417,,,,
7,982,1.4779083728790283,,,,
7,983,1.3854265213012695,,,,
7,984,1.3344292640686035,,,,
7,985,1.3706363439559937,,,,
7,986,1.3334275484085083,,,,
7,987,1.2755762338638306,,,,
7,988,1.3489032983779907,,,,
7,989,1.3834697008132935,,,,
7,990,1.209228277206421,,,,
7,991,1.230046033859253,,,,
7,992,1.1266443729400635,,,,
7,993,1.3910396099090576,,,,
7,994,1.3444510698318481,,,,
7,995,1.295523762702942,,,,
7,996,1.3668642044067383,,,,
7,997,1.3292641639709473,,,,
7,998,1.239120364189148,,,,
7,999,1.3143514394760132,,,,
,112,,1.444064974784851,,,
,113,,1.219719648361206,,,
,114,,1.360772728919983,,,
,115,,1.2001190185546875,,,
,116,,1.2740099430084229,,,
,117,,1.3243238925933838,,,
,118,,1.4693737030029297,,,
,119,,1.4100457429885864,,,
,120,,1.19895601272583,,,
,121,,1.4869743585586548,,,
,122,,1.1811127662658691,,,
,123,,1.1277769804000854,,,
,124,,1.3404399156570435,,,
,125,,1.2016396522521973,,,
,126,,1.236151099205017,,,
,127,,1.2305712699890137,,,
7,999,,,1.2956535816192627,,
7,999,,,,0.32402342557907104,1.334081768989563
8,1000,1.3510292768478394,,,,
8,1001,1.3013954162597656,,,,
8,1002,1.3076571226119995,,,,
8,1003,1.3273932933807373,,,,
8,1004,1.2477226257324219,,,,
8,1005,1.3088628053665161,,,,
8,1006,1.4201258420944214,,,,
8,1007,1.2821733951568604,,,,
8,1008,1.0977892875671387,,,,
8,1009,1.2826735973358154,,,,
8,1010,1.3778613805770874,,,,
8,1011,1.2485103607177734,,,,
8,1012,1.3494058847427368,,,,
8,1013,1.315748691558838,,,,
8,1014,1.4556307792663574,,,,
8,1015,1.450089931488037,,,,
8,1016,1.3157132863998413,,,,
8,1017,1.0995903015136719,,,,
8,1018,1.280313491821289,,,,
8,1019,1.4193724393844604,,,,
8,1020,1.227891206741333,,,,
8,1021,1.3059360980987549,,,,
8,1022,1.352182388305664,,,,
8,1023,1.4633731842041016,,,,
8,1024,1.3715243339538574,,,,
8,1025,1.2870334386825562,,,,
8,1026,1.3697142601013184,,,,
8,1027,1.3991472721099854,,,,
8,1028,1.30989670753479,,,,
8,1029,1.269820213317871,,,,
8,1030,1.4503082036972046,,,,
8,1031,1.3112008571624756,,,,
8,1032,1.2984843254089355,,,,
8,1033,1.2682665586471558,,,,
8,1034,1.2396944761276245,,,,
8,1035,1.275105357170105,,,,
8,1036,1.3628796339035034,,,,
8,1037,1.3793845176696777,,,,
8,1038,1.4118704795837402,,,,
8,1039,1.107438087463379,,,,
8,1040,1.2172049283981323,,,,
8,1041,1.1544520854949951,,,,
8,1042,1.2813822031021118,,,,
8,1043,1.124550700187683,,,,
8,1044,1.403838872909546,,,,
8,1045,1.4365050792694092,,,,
8,1046,1.430377721786499,,,,
8,1047,1.5026808977127075,,,,
8,1048,1.2833994626998901,,,,
8,1049,1.3940479755401611,,,,
8,1050,1.2715421915054321,,,,
8,1051,1.3902456760406494,,,,
8,1052,1.3993895053863525,,,,
8,1053,1.251946210861206,,,,
8,1054,1.3129770755767822,,,,
8,1055,1.3870124816894531,,,,
8,1056,1.2526932954788208,,,,
8,1057,1.2469371557235718,,,,
8,1058,1.2943944931030273,,,,
8,1059,1.381227970123291,,,,
8,1060,1.1313611268997192,,,,
8,1061,1.3555554151535034,,,,
8,1062,1.243033528327942,,,,
8,1063,1.2326641082763672,,,,
8,1064,1.3065135478973389,,,,
8,1065,1.2406299114227295,,,,
8,1066,1.2870721817016602,,,,
8,1067,1.289166808128357,,,,
8,1068,1.4068820476531982,,,,
8,1069,1.2197083234786987,,,,
8,1070,1.3994632959365845,,,,
8,1071,1.3541910648345947,,,,
8,1072,1.366904377937317,,,,
8,1073,1.6027432680130005,,,,
8,1074,1.2100905179977417,,,,
8,1075,1.201892614364624,,,,
8,1076,1.243676781654358,,,,
8,1077,1.3561104536056519,,,,
8,1078,1.2073969841003418,,,,
8,1079,1.1067533493041992,,,,
8,1080,1.3810027837753296,,,,
8,1081,1.2709474563598633,,,,
8,1082,1.253090739250183,,,,
8,1083,1.343100905418396,,,,
8,1084,1.0605542659759521,,,,
8,1085,1.2886455059051514,,,,
8,1086,1.263241171836853,,,,
8,1087,1.4109386205673218,,,,
8,1088,1.11301851272583,,,,
8,1089,1.2021108865737915,,,,
8,1090,1.3703234195709229,,,,
8,1091,1.3774360418319702,,,,
8,1092,1.4087188243865967,,,,
8,1093,1.294102668762207,,,,
8,1094,1.341681718826294,,,,
8,1095,1.1560182571411133,,,,
8,1096,1.3605326414108276,,,,
8,1097,1.4252912998199463,,,,
8,1098,1.4195396900177002,,,,
8,1099,1.1840559244155884,,,,
8,1100,1.2395551204681396,,,,
8,1101,1.2382006645202637,,,,
8,1102,1.2065293788909912,,,,
8,1103,1.2921037673950195,,,,
8,1104,1.2824143171310425,,,,
8,1105,1.3000109195709229,,,,
8,1106,1.3249610662460327,,,,
8,1107,1.2958298921585083,,,,
8,1108,1.2683368921279907,,,,
8,1109,1.3846931457519531,,,,
8,1110,1.3994213342666626,,,,
8,1111,1.366940975189209,,,,
8,1112,1.3178369998931885,,,,
8,1113,1.1657403707504272,,,,
8,1114,1.2457870244979858,,,,
8,1115,1.3892898559570312,,,,
8,1116,1.3050564527511597,,,,
8,1117,1.1686245203018188,,,,
8,1118,1.4401767253875732,,,,
8,1119,1.4177303314208984,,,,
8,1120,1.3224546909332275,,,,
8,1121,1.327523112297058,,,,
8,1122,1.2185254096984863,,,,
8,1123,1.2923860549926758,,,,
8,1124,1.2855732440948486,,,,
,128,,1.4121836423873901,,,
,129,,1.192345380783081,,,
,130,,1.3386684656143188,,,
,131,,1.1691882610321045,,,
,132,,1.2636514902114868,,,
,133,,1.2970819473266602,,,
,134,,1.4418346881866455,,,
,135,,1.3847784996032715,,,
,136,,1.1699180603027344,,,
,137,,1.471287727355957,,,
,138,,1.1597708463668823,,,
,139,,1.0903890132904053,,,
,140,,1.3103548288345337,,,
,141,,1.1855555772781372,,,
,142,,1.2064409255981445,,,
,143,,1.1911879777908325,,,
8,1124,,,1.2696281671524048,,
8,1124,,,,0.33769530057907104,1.3063911199569702
9,1125,1.3609362840652466,,,,
9,1126,1.3162928819656372,,,,
9,1127,1.3249949216842651,,,,
9,1128,1.325648307800293,,,,
9,1129,1.331634759902954,,,,
9,1130,1.392615556716919,,,,
9,1131,1.3827297687530518,,,,
9,1132,1.374106764793396,,,,
9,1133,1.5251866579055786,,,,
9,1134,1.2827953100204468,,,,
9,1135,1.1755893230438232,,,,
9,1136,1.2384024858474731,,,,
9,1137,1.3429369926452637,,,,
9,1138,1.3099949359893799,,,,
9,1139,1.4167697429656982,,,,
9,1140,1.3106319904327393,,,,
9,1141,1.2289279699325562,,,,
9,1142,1.2470248937606812,,,,
9,1143,1.3571510314941406,,,,
9,1144,1.2111492156982422,,,,
9,1145,1.429363489151001,,,,
9,1146,1.123184084892273,,,,
9,1147,1.3897984027862549,,,,
9,1148,1.1501317024230957,,,,
9,1149,1.072845220565796,,,,
9,1150,1.1491665840148926,,,,
9,1151,1.3767129182815552,,,,
9,1152,1.4225211143493652,,,,
9,1153,1.336617350578308,,,,
9,1154,1.1238181591033936,,,,
9,1155,1.2933562994003296,,,,
9,1156,1.1289968490600586,,,,
9,1157,1.0442954301834106,,,,
9,1158,1.2460554838180542,,,,
9,1159,1.2469955682754517,,,,
9,1160,1.3136305809020996,,,,
9,1161,1.3642826080322266,,,,
9,1162,1.3430370092391968,,,,
9,1163,1.2654106616973877,,,,
9,1164,1.2416819334030151,,,,
9,1165,1.2213666439056396,,,,
9,1166,1.13742196559906,,,,
9,1167,1.0614086389541626,,,,
9,1168,1.2073893547058105,,,,
9,1169,1.2790075540542603,,,,
9,1170,1.3974859714508057,,,,
9,1171,1.2906492948532104,,,,
9,1172,1.2895587682724,,,,
9,1173,1.3512897491455078,,,,
9,1174,1.4107617139816284,,,,
9,1175,1.3083752393722534,,,,
9,1176,1.5123279094696045,,,,
9,1177,1.474255919456482,,,,
9,1178,1.4069619178771973,,,,
9,1179,1.1422969102859497,,,,
9,1180,1.2595349550247192,,,,
9,1181,1.2072336673736572,,,,
9,1182,1.2034833431243896,,,,
9,1183,1.2921708822250366,,,,
9,1184,1.4478604793548584,,,,
9,1185,1.5077623128890991,,,,
9,1186,1.2616221904754639,,,,
9,1187,1.26265549659729,,,,
9,1188,1.3711634874343872,,,,
9,1189,1.2607754468917847,,,,
9,1190,1.3696786165237427,,,,
9,1191,1.2711429595947266,,,,
9,1192,1.2255942821502686,,,,
9,1193,1.2381612062454224,,,,
9,1194,1.1420996189117432,,,,
9,1195,1.1409318447113037,,,,
9,1196,1.3249537944793701,,,,
9,1197,1.3085895776748657,,,,
9,1198,1.3275070190429688,,,,
9,1199,1.1281875371932983,,,,
9,1200,1.2239683866500854,,,,
9,1201,1.276352047920227,,,,
9,1202,1.2776374816894531,,,,
9,1203,1.2720891237258911,,,,
9,1204,1.1772080659866333,,,,
9,1205,1.2225277423858643,,,,
9,1206,1.2739683389663696,,,,
9,1207,1.2653138637542725,,,,
9,1208,1.1430555582046509,,,,
9,1209,1.3902360200881958,,,,
9,1210,1.2164497375488281,,,,
9,1211,1.3126345872879028,,,,
9,1212,1.2259459495544434,,,,
9,1213,1.2955653667449951,,,,
9,1214,1.382480502128601,,,,
9,1215,1.3141775131225586,,,,
9,1216,1.3903635740280151,,,,
9,1217,1.354943037033081,,,,
9,1218,1.4003818035125732,,,,
9,1219,1.2445074319839478,,,,
9,1220,1.0605703592300415,,,,
9,1221,1.2589589357376099,,,,
9,1222,1.2755588293075562,,,,
9,1223,1.1808804273605347,,,,
9,1224,1.3616223335266113,,,,
9,1225,1.240725040435791,,,,
9,1226,1.344547986984253,,,,
9,1227,1.1936659812927246,,,,
9,1228,1.3813636302947998,,,,
9,1229,1.2201777696609497,,,,
9,1230,1.3004202842712402,,,,
9,1231,1.2049860954284668,,,,
9,1232,1.2502809762954712,,,,
9,1233,1.4210618734359741,,,,
9,1234,1.251540184020996,,,,
9,1235,1.2531452178955078,,,,
9,1236,1.3778733015060425,,,,
9,1237,1.348972201347351,,,,
9,1238,1.2685176134109497,,,,
9,1239,1.1484856605529785,,,,
9,1240,1.2398700714111328,,,,
9,1241,1.3255596160888672,,,,
9,1242,1.2256356477737427,,,,
9,1243,1.4491993188858032,,,,
9,1244,1.2446205615997314,,,,
9,1245,1.3045800924301147,,,,
9,1246,1.1388605833053589,,,,
9,1247,1.3481533527374268,,,,
9,1248,1.2705250978469849,,,,
9,1249,1.1794148683547974,,,,
,144,,1.3975803852081299,,,
,145,,1.1800868511199951,,,
,146,,1.323474645614624,,,
,147,,1.1547589302062988,,,
,148,,1.2576171159744263,,,
,149,,1.282220482826233,,,
,150,,1.424164891242981,,,
,151,,1.3614097833633423,,,
,152,,1.1531381607055664,,,
,153,,1.463906168937683,,,
,154,,1.1374272108078003,,,
,155,,1.073689579963684,,,
,156,,1.299882173538208,,,
,157,,1.1531860828399658,,,
,158,,1.192491054534912,,,
,159,,1.164271354675293,,,
9,1249,,,1.2532930374145508,,
9,1249,,,,0.34062498807907104,1.2823092937469482
10,1250,1.1734063625335693,,,,
10,1251,1.2163722515106201,,,,
10,1252,1.2293603420257568,,,,
10,1253,1.322003722190857,,,,
10,1254,1.3196449279785156,,,,
10,1255,1.290261149406433,,,,
10,1256,1.418485164642334,,,,
10,1257,1.1634427309036255,,,,
10,1258,1.368510127067566,,,,
10,1259,1.194201946258545,,,,
10,1260,1.2470066547393799,,,,
10,1261,1.2788054943084717,,,,
10,1262,1.3240628242492676,,,,
10,1263,1.2059276103973389,,,,
10,1264,1.223230242729187,,,,
10,1265,1.4422008991241455,,,,
10,1266,1.2400809526443481,,,,
10,1267,1.1926519870758057,,,,
10,1268,1.3130555152893066,,,,
10,1269,1.2371817827224731,,,,
10,1270,1.2519097328186035,,,,
10,1271,1.2572970390319824,,,,
10,1272,1.3496630191802979,,,,
10,1273,1.2477129697799683,,,,
10,1274,1.3228689432144165,,,,
10,1275,1.3079677820205688,,,,
10,1276,1.21826171875,,,,
10,1277,1.2432342767715454,,,,
10,1278,1.3242565393447876,,,,
10,1279,1.1054434776306152,,,,
10,1280,1.344995379447937,,,,
10,1281,1.380051851272583,,,,
10,1282,1.2590243816375732,,,,
10,1283,1.3050897121429443,,,,
10,1284,1.292726993560791,,,,
10,1285,1.386579990386963,,,,
10,1286,1.11801278591156,,,,
10,1287,1.3507708311080933,,,,
10,1288,1.2053501605987549,,,,
10,1289,1.2187306880950928,,,,
10,1290,1.144880771636963,,,,
10,1291,1.265587568283081,,,,
10,1292,1.1826990842819214,,,,
10,1293,1.3347448110580444,,,,
10,1294,1.0387837886810303,,,,
10,1295,1.189060926437378,,,,
10,1296,1.2620140314102173,,,,
10,1297,1.2237435579299927,,,,
10,1298,1.3040916919708252,,,,
10,1299,1.2538682222366333,,,,
10,1300,1.1909306049346924,,,,
10,1301,1.2907500267028809,,,,
10,1302,1.3651326894760132,,,,
10,1303,1.1814953088760376,,,,
10,1304,1.2493698596954346,,,,
10,1305,1.2956063747406006,,,,
10,1306,1.4316853284835815,,,,
10,1307,1.210998773574829,,,,
10,1308,1.1982479095458984,,,,
10,1309,1.247307538986206,,,,
10,1310,1.2794181108474731,,,,
10,1311,1.3120105266571045,,,,
10,1312,1.2785946130752563,,,,
10,1313,1.315354585647583,,,,
10,1314,1.2824077606201172,,,,
10,1315,1.3624889850616455,,,,
10,1316,1.2308061122894287,,,,
10,1317,1.0502501726150513,,,,
10,1318,1.1325836181640625,,,,
10,1319,1.2194173336029053,,,,
10,1320,1.2283061742782593,,,,
10,1321,1.373956322669983,,,,
10,1322,1.3302898406982422,,,,
10,1323,1.287473440170288,,,,
10,1324,1.2605502605438232,,,,
10,1325,1.2428193092346191,,,,
10,1326,1.1322424411773682,,,,
10,1327,1.3519171476364136,,,,
10,1328,1.1512237787246704,,,,
10,1329,1.304375410079956,,,,
10,1330,1.2777279615402222,,,,
10,1331,1.2493020296096802,,,,
10,1332,1.3202216625213623,,,,
10,1333,1.367866039276123,,,,
10,1334,1.4193528890609741,,,,
10,1335,1.4142942428588867,,,,
10,1336,1.3314977884292603,,,,
10,1337,1.2956416606903076,,,,
10,1338,1.0642495155334473,,,,
10,1339,1.2685624361038208,,,,
10,1340,1.3026539087295532,,,,
10,1341,1.4128543138504028,,,,
10,1342,1.3809776306152344,,,,
10,1343,1.2681641578674316,,,,
10,1344,1.2365227937698364,,,,
10,1345,1.3315367698669434,,,,
10,1346,1.2839628458023071,,,,
10,1347,1.2751213312149048,,,,
10,1348,1.278127670288086,,,,
10,1349,1.3141388893127441,,,,
10,1350,1.3337619304656982,,,,
10,1351,1.1689376831054688,,,,
10,1352,1.241917610168457,,,,
10,1353,1.2950096130371094,,,,
10,1354,1.1812349557876587,,,,
10,1355,1.3240128755569458,,,,
10,1356,1.2680890560150146,,,,
10,1357,1.3939744234085083,,,,
10,1358,1.2397229671478271,,,,
10,1359,1.336144208908081,,,,
10,1360,1.3198752403259277,,,,
10,1361,1.28154718875885,,,,
10,1362,1.1301510334014893,,,,
10,1363,1.2193934917449951,,,,
10,1364,1.1688600778579712,,,,
10,1365,1.2315369844436646,,,,
10,1366,1.1817151308059692,,,,
10,1367,1.1765886545181274,,,,
10,1368,1.2848880290985107,,,,
10,1369,1.1403950452804565,,,,
10,1370,1.2814363241195679,,,,
10,1371,1.1699869632720947,,,,
10,1372,1.1859002113342285,,,,
10,1373,1.291885495185852,,,,
10,1374,1.2498568296432495,,,,
,160,,1.3475172519683838,,,
,161,,1.1420533657073975,,,
,162,,1.2768266201019287,,,
,163,,1.1115288734436035,,,
,164,,1.1879260540008545,,,
,165,,1.236397385597229,,,
,166,,1.3712847232818604,,,
,167,,1.3196581602096558,,,
,168,,1.129217505455017,,,
,169,,1.418232798576355,,,
,170,,1.094522476196289,,,
,171,,1.0349929332733154,,,
,172,,1.2582035064697266,,,
,173,,1.1212602853775024,,,
,174,,1.1603186130523682,,,
,175,,1.1458940505981445,,,
10,1374,,,1.2112720012664795,,
10,1374,,,,0.3490234315395355,1.2645354270935059
11,1375,1.3028496503829956,,,,
11,1376,1.1787900924682617,,,,
11,1377,1.232805609703064,,,,
11,1378,1.3588292598724365,,,,
11,1379,1.1266249418258667,,,,
11,1380,1.229448676109314,,,,
11,1381,1.031909465789795,,,,
11,1382,1.175452470779419,,,,
11,1383,1.4612722396850586,,,,
11,1384,1.3816593885421753,,,,
11,1385,1.2253196239471436,,,,
11,1386,1.1868091821670532,,,,
11,1387,1.1945061683654785,,,,
11,1388,1.257896900177002,,,,
11,1389,1.3037629127502441,,,,
11,1390,1.352738857269287,,,,
11,1391,1.092957854270935,,,,
11,1392,1.425775408744812,,,,
11,1393,1.2618588209152222,,,,
11,1394,1.3869941234588623,,,,
11,1395,1.2565172910690308,,,,
11,1396,1.2270493507385254,,,,
11,1397,1.302934169769287,,,,
11,1398,1.3063019514083862,,,,
11,1399,1.29058837890625,,,,
11,1400,1.222633719444275,,,,
11,1401,1.130138874053955,,,,
11,1402,1.0111908912658691,,,,
11,1403,1.2919920682907104,,,,
11,1404,1.36705482006073,,,,
11,1405,1.3224260807037354,,,,
11,1406,1.3387737274169922,,,,
11,1407,1.1719759702682495,,,,
11,1408,1.4055978059768677,,,,
11,1409,1.2251931428909302,,,,
11,1410,1.2213609218597412,,,,
11,1411,1.2254455089569092,,,,
11,1412,1.212810754776001,,,,
11,1413,1.2416863441467285,,,,
11,1414,1.1058845520019531,,,,
11,1415,1.0096064805984497,,,,
11,1416,1.2768064737319946,,,,
11,1417,1.2830121517181396,,,,
11,1418,1.238008975982666,,,,
11,1419,1.1828618049621582,,,,
11,1420,1.1441230773925781,,,,
11,1421,1.1894521713256836,,,,
11,1422,1.2468633651733398,,,,
11,1423,1.2502367496490479,,,,
11,1424,1.3693166971206665,,,,
11,1425,1.366260051727295,,,,
11,1426,1.217108964920044,,,,
11,1427,1.2965785264968872,,,,
11,1428,1.335315227508545,,,,
11,1429,1.312061071395874,,,,
11,1430,1.2360373735427856,,,,
11,1431,1.2366172075271606,,,,
11,1432,1.2358287572860718,,,,
11,1433,1.1785876750946045,,,,
11,1434,1.3365061283111572,,,,
11,1435,1.3107553720474243,,,,
11,1436,1.2893452644348145,,,,
11,1437,1.150029182434082,,,,
11,1438,1.0072739124298096,,,,
11,1439,1.1786952018737793,,,,
11,1440,1.269661784172058,,,,
11,1441,1.3330003023147583,,,,
11,1442,1.1662392616271973,,,,
11,1443,1.23318612575531,,,,
11,1444,1.2368274927139282,,,,
11,1445,1.0517531633377075,,,,
11,1446,1.309658169746399,,,,
11,1447,1.2714308500289917,,,,
11,1448,1.133673071861267,,,,
11,1449,1.165681004524231,,,,
11,1450,1.1847103834152222,,,,
11,1451,1.197432041168213,,,,
11,1452,1.2854174375534058,,,,
11,1453,1.2227598428726196,,,,
11,1454,1.13367760181427,,,,
11,1455,1.287556767463684,,,,
11,1456,1.2848968505859375,,,,
11,1457,1.3872652053833008,,,,
11,1458,1.194819450378418,,,,
11,1459,1.1364840269088745,,,,
11,1460,1.283570647239685,,,,
11,1461,1.2236847877502441,,,,
11,1462,1.1746580600738525,,,,
11,1463,1.199575662612915,,,,
11,1464,1.2906349897384644,,,,
11,1465,1.2084749937057495,,,,
11,1466,1.4205411672592163,,,,
11,1467,1.1615415811538696,,,,
11,1468,1.2364377975463867,,,,
11,1469,1.279966115951538,,,,
11,1470,1.1938501596450806,,,,
11,1471,1.2239116430282593,,,,
11,1472,1.2481062412261963,,,,
11,1473,1.0607706308364868,,,,
11,1474,1.1612670421600342,,,,
11,1475,1.1665987968444824,,,,
11,1476,1.200581431388855,,,,
11,1477,1.3379402160644531,,,,
11,1478,1.3128101825714111,,,,
11,1479,1.1747643947601318,,,,
11,1480,1.1649551391601562,,,,
11,1481,1.253791332244873,,,,
11,1482,1.0976067781448364,,,,
11,1483,1.3108007907867432,,,,
11,1484,1.3061177730560303,,,,
11,1485,1.1730090379714966,,,,
11,1486,1.231497883796692,,,,
11,1487,1.431931495666504,,,,
11,1488,1.2664698362350464,,,,
11,1489,1.2400262355804443,,,,
11,1490,1.2932555675506592,,,,
11,1491,1.0511513948440552,,,,
11,1492,1.1969702243804932,,,,
11,1493,1.214231252670288,,,,
11,1494,1.3996156454086304,,,,
11,1495,1.1391352415084839,,,,
11,1496,1.3496747016906738,,,,
11,1497,1.2316480875015259,,,,
11,1498,1.2041548490524292,,,,
11,1499,1.1098005771636963,,,,
,176,,1.3325691223144531,,,
,177,,1.1145944595336914,,,
,178,,1.2522826194763184,,,
,179,,1.1067339181900024,,,
,180,,1.171529769897461,,,
,181,,1.2227098941802979,,,
,182,,1.3445158004760742,,,
,183,,1.300687551498413,,,
,184,,1.1255598068237305,,,
,185,,1.4126580953598022,,,
,186,,1.0722315311431885,,,
,187,,1.02173912525177,,,
,188,,1.2348841428756714,,,
,189,,1.106310486793518,,,
,190,,1.126259684562683,,,
,191,,1.112955093383789,,,
11,1499,,,1.193015217781067,,
11,1499,,,,0.35429686307907104,1.237078070640564
12,1500,1.0827738046646118,,,,
12,1501,1.1198382377624512,,,,
12,1502,1.0058857202529907,,,,
12,1503,1.2853950262069702,,,,
12,1504,1.222391128540039,,,,
12,1505,1.3008373975753784,,,,
12,1506,1.2733856439590454,,,,
12,1507,1.2669318914413452,,,,
12,1508,1.2279480695724487,,,,
12,1509,1.1442352533340454,,,,
12,1510,1.2323038578033447,,,,
12,1511,1.2381954193115234,,,,
12,1512,1.3668153285980225,,,,
12,1513,1.382226586341858,,,,
12,1514,1.1975404024124146,,,,
12,1515,1.1593515872955322,,,,
12,1516,1.2578144073486328,,,,
12,1517,1.21753990650177,,,,
12,1518,1.1041401624679565,,,,
12,1519,1.070882797241211,,,,
12,1520,1.2649726867675781,,,,
12,1521,1.1795958280563354,,,,
12,1522,1.1981666088104248,,,,
12,1523,1.2686891555786133,,,,
12,1524,1.1028263568878174,,,,
12,1525,1.215198040008545,,,,
12,1526,1.1775150299072266,,,,
12,1527,1.1968296766281128,,,,
12,1528,1.212862491607666,,,,
12,1529,1.1803061962127686,,,,
12,1530,1.1392147541046143,,,,
12,1531,1.309396505355835,,,,
12,1532,1.0934841632843018,,,,
12,1533,1.0715889930725098,,,,
12,1534,1.2866379022598267,,,,
12,1535,1.209665060043335,,,,
12,1536,1.056130290031433,,,,
12,1537,1.2763668298721313,,,,
12,1538,1.3512332439422607,,,,
12,1539,1.3367574214935303,,,,
12,1540,1.1938620805740356,,,,
12,1541,1.2317924499511719,,,,
12,1542,1.3254128694534302,,,,
12,1543,1.3126757144927979,,,,
12,1544,1.1661427021026611,,,,
12,1545,1.0620999336242676,,,,
12,1546,1.3757476806640625,,,,
12,1547,1.2496483325958252,,,,
12,1548,1.337251901626587,,,,
12,1549,1.263352394104004,,,,
12,1550,1.0242185592651367,,,,
12,1551,1.293241024017334,,,,
12,1552,1.2654262781143188,,,,
12,1553,1.1326020956039429,,,,
12,1554,1.2754179239273071,,,,
12,1555,1.2803415060043335,,,,
12,1556,1.3572384119033813,,,,
12,1557,1.2811731100082397,,,,
12,1558,1.15972900390625,,,,
12,1559,1.1564733982086182,,,,
12,1560,1.1490687131881714,,,,
12,1561,1.4078898429870605,,,,
12,1562,1.276234745979309,,,,
12,1563,1.2070672512054443,,,,
12,1564,1.2852998971939087,,,,
12,1565,1.049172282218933,,,,
12,1566,1.3088023662567139,,,,
12,1567,1.2714762687683105,,,,
12,1568,1.14702308177948,,,,
12,1569,1.2326081991195679,,,,
12,1570,1.1522504091262817,,,,
12,1571,1.2292492389678955,,,,
12,1572,1.1273196935653687,,,,
12,1573,1.2622509002685547,,,,
12,1574,1.2372723817825317,,,,
12,1575,1.1771537065505981,,,,
12,1576,1.285799264907837,,,,
12,1577,1.1402138471603394,,,,
12,1578,1.2270481586456299,,,,
12,1579,1.1946136951446533,,,,
12,1580,1.3501176834106445,,,,
12,1581,1.3451887369155884,,,,
12,1582,1.145066499710083,,,,
12,1583,1.276747226715088,,,,
12,1584,1.2190067768096924,,,,
12,1585,1.2282114028930664,,,,
12,1586,1.269384741783142,,,,
12,1587,1.1695960760116577,,,,
12,1588,1.300205945968628,,,,
12,1589,1.2487024068832397,,,,
12,1590,1.2158194780349731,,,,
12,1591,1.051840901374817,,,,
12,1592,1.3046518564224243,,,,
12,1593,1.2166250944137573,,,,
12,1594,1.3205461502075195,,,,
12,1595,1.321748971939087,,,,
12,1596,1.3323049545288086,,,,
12,1597,1.1393309831619263,,,,
12,1598,1.2005293369293213,,,,
12,1599,1.1789896488189697,,,,
12,1600,1.0403591394424438,,,,
12,1601,1.1151316165924072,,,,
12,1602,1.2063905000686646,,,,
12,1603,1.3023029565811157,,,,
12,1604,1.1654974222183228,,,,
12,1605,1.1894185543060303,,,,
12,1606,1.1936272382736206,,,,
12,1607,1.2011103630065918,,,,
12,1608,1.2095876932144165,,,,
12,1609,1.415610432624817,,,,
12,1610,1.2054872512817383,,,,
12,1611,1.1922037601470947,,,,
12,1612,1.3236440420150757,,,,
12,1613,1.0256823301315308,,,,
12,1614,1.1577403545379639,,,,
12,1615,1.2220255136489868,,,,
12,1616,1.2630479335784912,,,,
12,1617,1.364140510559082,,,,
12,1618,1.1875437498092651,,,,
12,1619,1.3001644611358643,,,,
12,1620,1.217950701713562,,,,
12,1621,1.2024126052856445,,,,
12,1622,1.2326583862304688,,,,
12,1623,1.143143892288208,,,,
12,1624,1.1346851587295532,,,,
,192,,1.3268632888793945,,,
,193,,1.112319827079773,,,
,194,,1.2487164735794067,,,
,195,,1.0998562574386597,,,
,196,,1.1683378219604492,,,
,197,,1.204574465751648,,,
,198,,1.3464381694793701,,,
,199,,1.2943339347839355,,,
,200,,1.1278226375579834,,,
,201,,1.408664584159851,,,
,202,,1.0571173429489136,,,
,203,,1.0140800476074219,,,
,204,,1.2298498153686523,,,
,205,,1.1048178672790527,,,
,206,,1.1082512140274048,,,
,207,,1.1085678339004517,,,
12,1624,,,1.186873435974121,,
12,1624,,,,0.35332030057907104,1.2195335626602173
13,1625,1.1084145307540894,,,,
13,1626,1.352980375289917,,,,
13,1627,1.2477353811264038,,,,
13,1628,1.2003885507583618,,,,
13,1629,1.1913729906082153,,,,
13,1630,1.287359356880188,,,,
13,1631,1.3976759910583496,,,,
13,1632,1.2405941486358643,,,,
13,1633,1.3347055912017822,,,,
13,1634,1.266007423400879,,,,
13,1635,1.1379129886627197,,,,
13,1636,1.2534129619598389,,,,
13,1637,1.287782073020935,,,,
13,1638,1.1660692691802979,,,,
13,1639,1.155888557434082,,,,
13,1640,1.2960366010665894,,,,
13,1641,1.1725016832351685,,,,
13,1642,1.184204339981079,,,,
13,1643,1.2393101453781128,,,,
13,1644,1.2188524007797241,,,,
13,1645,1.1820780038833618,,,,
13,1646,1.3025280237197876,,,,
13,1647,1.2328424453735352,,,,
13,1648,1.0541660785675049,,,,
13,1649,1.075089693069458,,,,
13,1650,1.2980010509490967,,,,
13,1651,1.3074756860733032,,,,
13,1652,1.2332210540771484,,,,
13,1653,0.9063368439674377,,,,
13,1654,1.4145400524139404,,,,
13,1655,1.1067737340927124,,,,
13,1656,1.2887781858444214,,,,
13,1657,1.2337028980255127,,,,
13,1658,1.1309614181518555,,,,
13,1659,1.1991453170776367,,,,
13,1660,1.0792734622955322,,,,
13,1661,1.2621732950210571,,,,
13,1662,1.184990406036377,,,,
13,1663,1.099013090133667,,,,
13,1664,1.2876341342926025,,,,
13,1665,1.3150643110275269,,,,
13,1666,1.2224730253219604,,,,
13,1667,1.3424251079559326,,,,
13,1668,1.0936681032180786,,,,
13,1669,1.2459194660186768,,,,
13,1670,1.0398292541503906,,,,
13,1671,1.1547633409500122,,,,
13,1672,1.3089598417282104,,,,
13,1673,1.180129051208496,,,,
13,1674,1.2926980257034302,,,,
13,1675,1.2651348114013672,,,,
13,1676,1.045297384262085,,,,
13,1677,1.03474760055542,,,,
13,1678,1.1585121154785156,,,,
13,1679,1.0811469554901123,,,,
13,1680,1.1042388677597046,,,,
13,1681,1.0038106441497803,,,,
13,1682,1.2757548093795776,,,,
13,1683,1.1577166318893433,,,,
13,1684,1.2310010194778442,,,,
13,1685,1.0907680988311768,,,,
13,1686,1.3297536373138428,,,,
13,1687,1.2235904932022095,,,,
13,1688,1.052143931388855,,,,
13,1689,1.2346394062042236,,,,
13,1690,0.9995730519294739,,,,
13,1691,1.2218273878097534,,,,
13,1692,1.1629105806350708,,,,
13,1693,1.3092392683029175,,,,
13,1694,1.0612857341766357,,,,
13,1695,1.2412571907043457,,,,
13,1696,1.2481740713119507,,,,
13,1697,1.152830719947815,,,,
13,1698,1.1921257972717285,,,,
13,1699,1.3022514581680298,,,,
13,1700,1.118220567703247,,,,
13,1701,1.20034921169281,,,,
13,1702,1.0713262557983398,,,,
13,1703,1.1231300830841064,,,,
13,1704,1.2588729858398438,,,,
13,1705,0.9835635423660278,,,,
13,1706,1.108238697052002,,,,
13,1707,1.0996747016906738,,,,
13,1708,1.2469205856323242,,,,
13,1709,1.209802508354187,,,,
13,1710,1.2327492237091064,,,,
13,1711,1.3434451818466187,,,,
13,1712,1.0610990524291992,,,,
13,1713,1.323265790939331,,,,
13,1714,1.0437034368515015,,,,
13,1715,1.17202627658844,,,,
13,1716,1.2835869789123535,,,,
13,1717,1.284609317779541,,,,
13,1718,1.2381012439727783,,,,
13,1719,1.1676722764968872,,,,
13,1720,1.3673256635665894,,,,
13,1721,1.0591492652893066,,,,
13,1722,1.236232876777649,,,,
13,1723,1.0229003429412842,,,,
13,1724,1.324503779411316,,,,
13,1725,1.2114206552505493,,,,
13,1726,1.059737205505371,,,,
13,1727,1.1466116905212402,,,,
13,1728,1.1617261171340942,,,,
13,1729,1.3137646913528442,,,,
13,1730,1.2348790168762207,,,,
13,1731,1.226913332939148,,,,
13,1732,1.1624070405960083,,,,
13,1733,1.1201988458633423,,,,
13,1734,1.2084598541259766,,,,
13,1735,1.2526801824569702,,,,
13,1736,0.9726707935333252,,,,
13,1737,1.1780060529708862,,,,
13,1738,1.0494903326034546,,,,
13,1739,1.3109019994735718,,,,
13,1740,1.284340739250183,,,,
13,1741,1.251061201095581,,,,
13,1742,1.2657065391540527,,,,
13,1743,1.2200658321380615,,,,
13,1744,1.2604589462280273,,,,
13,1745,1.1194190979003906,,,,
13,1746,1.2639631032943726,,,,
13,1747,1.3477400541305542,,,,
13,1748,1.175416111946106,,,,
13,1749,1.1925987005233765,,,,
,208,,1.3119523525238037,,,
,209,,1.0889995098114014,,,
,210,,1.2406281232833862,,,
,211,,1.0953153371810913,,,
,212,,1.1393539905548096,,,
,213,,1.2043826580047607,,,
,214,,1.3252615928649902,,,
,215,,1.277038335800171,,,
,216,,1.0880606174468994,,,
,217,,1.4090962409973145,,,
,218,,1.0470834970474243,,,
,219,,0.9954228401184082,,,
,220,,1.212064266204834,,,
,221,,1.0899221897125244,,,
,222,,1.0918617248535156,,,
,223,,1.0919272899627686,,,
13,1749,,,1.1711293458938599,,
13,1749,,,,0.3568359315395355,1.1965175867080688
14,1750,1.1990798711776733,,,,
14,1751,1.1723966598510742,,,,
14,1752,1.0742876529693604,,,,
14,1753,1.0833466053009033,,,,
14,1754,1.235213279724121,,,,
14,1755,0.99455326795578,,,,
14,1756,1.1476329565048218,,,,
14,1757,1.1937220096588135,,,,
14,1758,1.1872749328613281,,,,
14,1759,1.1483253240585327,,,,
14,1760,1.246837854385376,,,,
14,1761,1.1396886110305786,,,,
14,1762,1.066030740737915,,,,
14,1763,1.1957297325134277,,,,
14,1764,1.420929193496704,,,,
14,1765,1.2564160823822021,,,,
14,1766,1.0795682668685913,,,,
14,1767,1.1835734844207764,,,,
14,1768,1.3093668222427368,,,,
14,1769,1.2741929292678833,,,,
14,1770,1.0758774280548096,,,,
14,1771,1.1938132047653198,,,,
14,1772,1.1907596588134766,,,,
14,1773,1.2190145254135132,,,,
14,1774,1.061124324798584,,,,
14,1775,1.2224853038787842,,,,
14,1776,1.094113826751709,,,,
14,1777,1.2616376876831055,,,,
14,1778,1.3297334909439087,,,,
14,1779,1.3055616617202759,,,,
14,1780,1.108203411102295,,,,
14,1781,1.2060168981552124,,,,
14,1782,1.174292802810669,,,,
14,1783,1.1231659650802612,,,,
14,1784,1.1054043769836426,,,,
14,1785,1.2843998670578003,,,,
14,1786,1.2622207403182983,,,,
14,1787,1.1458897590637207,,,,
14,1788,1.2600619792938232,,,,
14,1789,1.1195170879364014,,,,
14,1790,1.1230766773223877,,,,
14,1791,1.1738766431808472,,,,
14,1792,1.2117507457733154,,,,
14,1793,1.2772958278656006,,,,
14,1794,1.1485846042633057,,,,
14,1795,1.1126950979232788,,,,
14,1796,1.1546099185943604,,,,
14,1797,1.2221565246582031,,,,
14,1798,1.2151516675949097,,,,
14,1799,1.0347785949707031,,,,
14,1800,1.3330060243606567,,,,
14,1801,1.1448378562927246,,,,
14,1802,1.1274163722991943,,,,
14,1803,1.0780575275421143,,,,
14,1804,1.2626001834869385,,,,
14,1805,1.3039827346801758,,,,
14,1806,1.2431317567825317,,,,
14,1807,1.2032763957977295,,,,
14,1808,1.20722234249115,,,,
14,1809,1.166506052017212,,,,
14,1810,1.1836439371109009,,,,
14,1811,1.2362556457519531,,,,
14,1812,1.1190425157546997,,,,
14,1813,1.3172847032546997,,,,
14,1814,1.2538602352142334,,,,
14,1815,1.268466830253601,,,,
14,1816,1.2434849739074707,,,,
14,1817,1.1057968139648438,,,,
14,1818,1.3006997108459473,,,,
14,1819,1.21298348903656,,,,
14,1820,1.1883832216262817,,,,
14,1821,1.2132678031921387,,,,
14,1822,1.0989168882369995,,,,
14,1823,1.2846323251724243,,,,
14,1824,1.181236743927002,,,,
14,1825,1.2094700336456299,,,,
14,1826,1.3234868049621582,,,,
14,1827,1.2446510791778564,,,,
14,1828,1.1674901247024536,,,,
14,1829,0.9227673411369324,,,,
14,1830,1.1673974990844727,,,,
14,1831,1.0462298393249512,,,,
14,1832,1.2073791027069092,,,,
14,1833,1.2079212665557861,,,,
14,1834,1.186523675918579,,,,
14,1835,1.2936608791351318,,,,
14,1836,1.2596631050109863,,,,
14,1837,1.2306851148605347,,,,
14,1838,1.1821794509887695,,,,
14,1839,1.1552581787109375,,,,
14,1840,1.1929851770401,,,,
14,1841,1.0855358839035034,,,,
14,1842,1.164783239364624,,,,
14,1843,1.1505796909332275,,,,
14,1844,1.084876537322998,,,,
14,1845,1.1749842166900635,,,,
14,1846,1.1628936529159546,,,,
14,1847,1.14726722240448,,,,
14,1848,1.1235514879226685,,,,
14,1849,1.1396371126174927,,,,
14,1850,1.1096045970916748,,,,
14,1851,1.279305338859558,,,,
14,1852,1.0690293312072754,,,,
14,1853,1.268689751625061,,,,
14,1854,1.2331187725067139,,,,
14,1855,1.0828659534454346,,,,
14,1856,1.076286792755127,,,,
14,1857,1.252131700515747,,,,
14,1858,1.2255746126174927,,,,
14,1859,1.0783087015151978,,,,
14,1860,1.1079151630401611,,,,
14,1861,1.1979365348815918,,,,
14,1862,1.1566126346588135,,,,
14,1863,0.9365662336349487,,,,
14,1864,1.3529025316238403,,,,
14,1865,1.204589605331421,,,,
14,1866,1.1887633800506592,,,,
14,1867,1.2712236642837524,,,,
14,1868,1.0673279762268066,,,,
14,1869,1.128087043762207,,,,
14,1870,1.1954365968704224,,,,
14,1871,1.2501604557037354,,,,
14,1872,1.295030951499939,,,,
14,1873,1.1222223043441772,,,,
14,1874,1.2943830490112305,,,,
,224,,1.3000503778457642,,,
,225,,1.0939244031906128,,,
,226,,1.232109785079956,,,
,227,,1.0883573293685913,,,
,228,,1.1359232664108276,,,
,229,,1.1870228052139282,,,
,230,,1.3164066076278687,,,
,231,,1.2680782079696655,,,
,232,,1.071549654006958,,,
,233,,1.4027856588363647,,,
,234,,1.0397632122039795,,,
,235,,0.9895951747894287,,,
,236,,1.2072179317474365,,,
,237,,1.0822272300720215,,,
,238,,1.0836268663406372,,,
,239,,1.0867336988449097,,,
14,1874,,,1.1633822917938232,,
14,1874,,,,0.35624998807907104,1.1838347911834717
15,1875,0.9680107235908508,,,,
15,1876,1.1013033390045166,,,,
15,1877,1.1141068935394287,,,,
15,1878,1.1885080337524414,,,,
15,1879,1.2847284078598022,,,,
15,1880,1.1881582736968994,,,,
15,1881,1.1874598264694214,,,,
15,1882,1.109107255935669,,,,
15,1883,1.2613182067871094,,,,
15,1884,1.1912176609039307,,,,
15,1885,1.2428359985351562,,,,
15,1886,1.0442415475845337,,,,
15,1887,1.0348774194717407,,,,
15,1888,1.1666258573532104,,,,
15,1889,1.203827142715454,,,,
15,1890,1.134214997291565,,,,
15,1891,1.2582957744598389,,,,
15,1892,1.0870496034622192,,,,
15,1893,1.2027305364608765,,,,
15,1894,1.1678518056869507,,,,
15,1895,1.3368760347366333,,,,
15,1896,1.0340951681137085,,,,
15,1897,1.1263179779052734,,,,
15,1898,1.0704143047332764,,,,
15,1899,1.1751658916473389,,,,
15,1900,1.1504504680633545,,,,
15,1901,1.053356647491455,,,,
15,1902,1.127005934715271,,,,
15,1903,1.2094978094100952,,,,
15,1904,1.3092529773712158,,,,
15,1905,1.161549687385559,,,,
15,1906,1.2448114156723022,,,,
15,1907,1.2327730655670166,,,,
15,1908,1.055133581161499,,,,
15,1909,1.2124689817428589,,,,
15,1910,1.0820343494415283,,,,
15,1911,1.1716504096984863,,,,
15,1912,1.2425001859664917,,,,
15,1913,1.3140497207641602,,,,
15,1914,1.1892770528793335,,,,
15,1915,1.1025127172470093,,,,
15,1916,1.1536275148391724,,,,
15,1917,1.1355106830596924,,,,
15,1918,1.3599448204040527,,,,
15,1919,1.1856212615966797,,,,
15,1920,1.243121862411499,,,,
15,1921,1.2367063760757446,,,,
15,1922,1.06825590133667,,,,
15,1923,1.0060216188430786,,,,
15,1924,1.331583857536316,,,,
15,1925,1.2086453437805176,,,,
15,1926,1.1860074996948242,,,,
15,1927,1.1549954414367676,,,,
15,1928,1.3343397378921509,,,,
15,1929,1.1461153030395508,,,,
15,1930,1.100549578666687,,,,
15,1931,1.1234983205795288,,,,
15,1932,1.118055820465088,,,,
15,1933,1.241445541381836,,,,
15,1934,1.2926819324493408,,,,
15,1935,1.2225592136383057,,,,
15,1936,1.1664718389511108,,,,
15,1937,1.1454191207885742,,,,
15,1938,1.3110597133636475,,,,
15,1939,1.2307896614074707,,,,
15,1940,1.1381406784057617,,,,
15,1941,1.2448831796646118,,,,
15,1942,1.104768991470337,,,,
15,1943,1.2165782451629639,,,,
15,1944,1.1933174133300781,,,,
15,1945,0.9907346963882446,,,,
15,1946,1.187830924987793,,,,
15,1947,1.2354099750518799,,,,
15,1948,1.2264949083328247,,,,
15,1949,1.1052882671356201,,,,
15,1950,1.062638521194458,,,,
15,1951,1.1682430505752563,,,,
15,1952,1.1344023942947388,,,,
15,1953,1.0513780117034912,,,,
15,1954,1.1188284158706665,,,,
15,1955,0.9659773707389832,,,,
15,1956,0.9978321194648743,,,,
15,1957,1.2347288131713867,,,,
15,1958,1.2756184339523315,,,,
15,1959,1.0631167888641357,,,,
15,1960,1.1311500072479248,,,,
15,1961,1.2666455507278442,,,,
15,1962,1.1918880939483643,,,,
15,1963,1.2447478771209717,,,,
15,1964,1.1888935565948486,,,,
15,1965,1.2399046421051025,,,,
15,1966,1.2505395412445068,,,,
15,1967,1.3596575260162354,,,,
15,1968,1.09834885597229,,,,
15,1969,1.204329252243042,,,,
15,1970,1.080196499824524,,,,
15,1971,1.3048824071884155,,,,
15,1972,1.190425157546997,,,,
15,1973,1.144226312637329,,,,
15,1974,1.136162281036377,,,,
15,1975,1.3097000122070312,,,,
15,1976,1.2109061479568481,,,,
15,1977,1.1421701908111572,,,,
15,1978,1.124804139137268,,,,
15,1979,1.285011887550354,,,,
15,1980,1.1707520484924316,,,,
15,1981,1.1596565246582031,,,,
15,1982,1.0663869380950928,,,,
15,1983,1.2561405897140503,,,,
15,1984,1.173887014389038,,,,
15,1985,1.182404637336731,,,,
15,1986,1.020914912223816,,,,
15,1987,1.1337530612945557,,,,
15,1988,1.222576379776001,,,,
15,1989,1.0969642400741577,,,,
15,1990,1.289320468902588,,,,
15,1991,1.24570894241333,,,,
15,1992,1.2928470373153687,,,,
15,1993,1.041227102279663,,,,
15,1994,1.2163771390914917,,,,
15,1995,1.0990012884140015,,,,
15,1996,1.1416220664978027,,,,
15,1997,1.0776031017303467,,,,
15,1998,1.1324162483215332,,,,
15,1999,1.1436651945114136,,,,
,240,,1.3063851594924927,,,
,241,,1.100827693939209,,,
,242,,1.2296969890594482,,,
,243,,1.085917353630066,,,
,244,,1.1381263732910156,,,
,245,,1.1780263185501099,,,
,246,,1.3194934129714966,,,
,247,,1.2651686668395996,,,
,248,,1.0906825065612793,,,
,249,,1.4042680263519287,,,
,250,,1.0313785076141357,,,
,251,,0.9824148416519165,,,
,252,,1.1990448236465454,,,
,253,,1.071671962738037,,,
,254,,1.0719983577728271,,,
,255,,1.079221487045288,,,
15,1999,,,1.1615753173828125,,
15,1999,,,,0.3617187440395355,1.1713976860046387
16,2000,1.2202348709106445,,,,
16,2001,1.0536935329437256,,,,
16,2002,1.2329107522964478,,,,
16,2003,1.0864934921264648,,,,
16,2004,1.2288341522216797,,,,
16,2005,1.12129545211792,,,,
16,2006,1.2670748233795166,,,,
16,2007,0.9473555088043213,,,,
16,2008,1.1312001943588257,,,,
16,2009,1.1362898349761963,,,,
16,2010,1.195070743560791,,,,
16,2011,1.1938579082489014,,,,
16,2012,1.474515438079834,,,,
16,2013,0.923895001411438,,,,
16,2014,1.3642042875289917,,,,
16,2015,1.106035590171814,,,,
16,2016,1.1745421886444092,,,,
16,2017,1.1402559280395508,,,,
16,2018,1.0247317552566528,,,,
16,2019,1.2866206169128418,,,,
16,2020,1.110693097114563,,,,
16,2021,1.2506909370422363,,,,
16,2022,1.1937297582626343,,,,
16,2023,1.1584128141403198,,,,
16,2024,1.1226084232330322,,,,
16,2025,1.1265869140625,,,,
16,2026,1.312882900238037,,,,
16,2027,1.1590166091918945,,,,
16,2028,1.1947513818740845,,,,
16,2029,1.2376270294189453,,,,
16,2030,1.1633117198944092,,,,
16,2031,1.0699079036712646,,,,
16,2032,1.0918914079666138,,,,
16,2033,1.1774669885635376,,,,
16,2034,0.9885666370391846,,,,
16,2035,1.1971826553344727,,,,
16,2036,1.2701257467269897,,,,
16,2037,1.1877384185791016,,,,
16,2038,1.24912691116333,,,,
16,2039,1.1648728847503662,,,,
16,2040,1.1602705717086792,,,,
16,2041,1.1191734075546265,,,,
16,2042,1.0978878736495972,,,,
16,2043,1.254702091217041,,,,
16,2044,1.053168773651123,,,,
16,2045,1.1570484638214111,,,,
16,2046,1.1568148136138916,,,,
16,2047,1.2350378036499023,,,,
16,2048,1.1334764957427979,,,,
16,2049,1.122473955154419,,,,
16,2050,1.2530213594436646,,,,
16,2051,1.1131434440612793,,,,
16,2052,1.2568433284759521,,,,
16,2053,1.1821184158325195,,,,
16,2054,1.1433185338974,,,,
16,2055,1.0351227521896362,,,,
16,2056,1.1599042415618896,,,,
16,2057,1.1909981966018677,,,,
16,2058,0.9589583277702332,,,,
16,2059,1.1885374784469604,,,,
16,2060,1.3468291759490967,,,,
16,2061,1.2074909210205078,,,,
16,2062,1.2151439189910889,,,,
16,2063,1.1582236289978027,,,,
16,2064,1.0695452690124512,,,,
16,2065,1.1194173097610474,,,,
16,2066,1.1853723526000977,,,,
16,2067,1.3001949787139893,,,,
16,2068,1.1716902256011963,,,,
16,2069,1.1576625108718872,,,,
16,2070,1.304686427116394,,,,
16,2071,1.1736421585083008,,,,
16,2072,1.0401971340179443,,,,
16,2073,1.1431515216827393,,,,
16,2074,1.145057201385498,,,,
16,2075,0.9043375849723816,,,,
16,2076,1.2516840696334839,,,,
16,2077,1.1890177726745605,,,,
16,2078,1.1857542991638184,,,,
16,2079,1.1363574266433716,,,,
16,2080,1.152552843093872,,,,
16,2081,1.1812485456466675,,,,
16,2082,1.1185177564620972,,,,
16,2083,1.1531537771224976,,,,
16,2084,1.1948683261871338,,,,
16,2085,1.2235472202301025,,,,
16,2086,1.2535051107406616,,,,
16,2087,1.2021757364273071,,,,
16,2088,1.2119418382644653,,,,
16,2089,1.122225284576416,,,,
16,2090,1.158104419708252,,,,
16,2091,1.1672544479370117,,,,
16,2092,1.1862635612487793,,,,
16,2093,1.0564918518066406,,,,
16,2094,1.3298664093017578,,,,
16,2095,1.0438190698623657,,,,
16,2096,0.987464964389801,,,,
16,2097,1.094539999961853,,,,
16,2098,0.9691363573074341,,,,
16,2099,1.212389349937439,,,,
16,2100,1.0736517906188965,,,,
16,2101,1.1929025650024414,,,,
16,2102,1.2187830209732056,,,,
16,2103,0.9704294800758362,,,,
16,2104,1.0580143928527832,,,,
16,2105,1.2606197595596313,,,,
16,2106,1.197946548461914,,,,
16,2107,1.3033130168914795,,,,
16,2108,1.1276746988296509,,,,
16,2109,1.1918120384216309,,,,
16,2110,1.295297384262085,,,,
16,2111,1.0473321676254272,,,,
16,2112,1.1274957656860352,,,,
16,2113,1.1819676160812378,,,,
16,2114,1.174006700515747,,,,
16,2115,1.0722880363464355,,,,
16,2116,1.2201220989227295,,,,
16,2117,1.1828608512878418,,,,
16,2118,1.1836622953414917,,,,
16,2119,1.0350127220153809,,,,
16,2120,1.1554479598999023,,,,
16,2121,1.1972997188568115,,,,
16,2122,1.1537978649139404,,,,
16,2123,1.1120879650115967,,,,
16,2124,1.1835757493972778,,,,
,256,,1.2832802534103394,,,
,257,,1.0674878358840942,,,
,258,,1.1990864276885986,,,
,259,,1.0714284181594849,,,
,260,,1.1115998029708862,,,
,261,,1.1745712757110596,,,
,262,,1.2897909879684448,,,
,263,,1.2537240982055664,,,
,264,,1.066676139831543,,,
,265,,1.3593543767929077,,,
,266,,1.0219902992248535,,,
,267,,0.9724255204200745,,,
,268,,1.1798769235610962,,,
,269,,1.0616801977157593,,,
,270,,1.0644387006759644,,,
,271,,1.0700609683990479,,,
16,2124,,,1.142156720161438,,
16,2124,,,,0.36015623807907104,1.1604018211364746
17,2125,1.321047306060791,,,,
17,2126,1.3468995094299316,,,,
17,2127,1.0066293478012085,,,,
17,2128,1.0728189945220947,,,,
17,2129,1.1642369031906128,,,,
17,2130,1.0226205587387085,,,,
17,2131,1.16395902633667,,,,
17,2132,1.2671483755111694,,,,
17,2133,1.0500582456588745,,,,
17,2134,1.1371980905532837,,,,
17,2135,1.1774979829788208,,,,
17,2136,1.1002894639968872,,,,
17,2137,1.1587594747543335,,,,
17,2138,1.2539650201797485,,,,
17,2139,1.047866940498352,,,,
17,2140,1.259945273399353,,,,
17,2141,1.0308990478515625,,,,
17,2142,1.3615829944610596,,,,
17,2143,1.0664713382720947,,,,
17,2144,1.1401666402816772,,,,
17,2145,1.3036521673202515,,,,
17,2146,1.1405335664749146,,,,
17,2147,1.2471715211868286,,,,
17,2148,1.159165859222412,,,,
17,2149,1.2269419431686401,,,,
17,2150,1.2734726667404175,,,,
17,2151,1.1843090057373047,,,,
17,2152,1.1135622262954712,,,,
17,2153,1.0393965244293213,,,,
17,2154,1.0739554166793823,,,,
17,2155,1.0339778661727905,,,,
17,2156,1.249687910079956,,,,
17,2157,1.1397769451141357,,,,
17,2158,1.1072403192520142,,,,
17,2159,0.9462729692459106,,,,
17,2160,1.175844669342041,,,,
17,2161,1.2598365545272827,,,,
17,2162,1.2261366844177246,,,,
17,2163,0.9071449637413025,,,,
17,2164,1.2370198965072632,,,,
17,2165,1.135330319404602,,,,
17,2166,1.1003037691116333,,,,
17,2167,0.8715994954109192,,,,
17,2168,1.12660813331604,,,,
17,2169,1.110120415687561,,,,
17,2170,1.1892919540405273,,,,
17,2171,1.2457261085510254,,,,
17,2172,1.0203471183776855,,,,
17,2173,1.1353611946105957,,,,
17,2174,1.1177455186843872,,,,
17,2175,1.1192584037780762,,,,
17,2176,1.2137383222579956,,,,
17,2177,1.165261149406433,,,,
17,2178,1.2810896635055542,,,,
17,2179,1.085037112236023,,,,
17,2180,1.1849726438522339,,,,
17,2181,1.2505249977111816,,,,
17,2182,1.2845399379730225,,,,
17,2183,1.171139121055603,,,,
17,2184,1.2217519283294678,,,,
17,2185,1.1859798431396484,,,,
17,2186,1.120712399482727,,,,
17,2187,1.0907940864562988,,,,
17,2188,1.0662788152694702,,,,
17,2189,1.1391149759292603,,,,
17,2190,1.1721163988113403,,,,
17,2191,1.1601217985153198,,,,
17,2192,1.2570546865463257,,,,
17,2193,1.2741588354110718,,,,
17,2194,1.1228708028793335,,,,
17,2195,1.1721670627593994,,,,
17,2196,1.178745150566101,,,,
17,2197,1.1319963932037354,,,,
17,2198,1.1862770318984985,,,,
17,2199,1.2098983526229858,,,,
17,2200,1.218971610069275,,,,
17,2201,1.301771879196167,,,,
17,2202,1.2065337896347046,,,,
17,2203,1.1745431423187256,,,,
17,2204,1.1397616863250732,,,,
17,2205,1.2152302265167236,,,,
17,2206,1.1851776838302612,,,,
17,2207,1.1177929639816284,,,,
17,2208,1.0091912746429443,,,,
17,2209,1.2861961126327515,,,,
17,2210,1.1672258377075195,,,,
17,2211,1.1574510335922241,,,,
17,2212,1.1469420194625854,,,,
17,2213,1.0729081630706787,,,,
17,2214,1.147568941116333,,,,
17,2215,1.101035475730896,,,,
17,2216,1.1976467370986938,,,,
17,2217,1.013336181640625,,,,
17,2218,1.24729585647583,,,,
17,2219,0.9572743773460388,,,,
17,2220,1.0512677431106567,,,,
17,2221,1.1133371591567993,,,,
17,2222,1.2978123426437378,,,,
17,2223,1.1483410596847534,,,,
17,2224,0.9659430384635925,,,,
17,2225,1.2848016023635864,,,,
17,2226,1.18929123878479,,,,
17,2227,1.1246838569641113,,,,
17,2228,1.187794804573059,,,,
17,2229,1.0404125452041626,,,,
17,2230,1.1824498176574707,,,,
17,2231,0.9873144626617432,,,,
17,2232,1.164656400680542,,,,
17,2233,1.2551705837249756,,,,
17,2234,1.033949613571167,,,,
17,2235,1.0792534351348877,,,,
17,2236,1.1174982786178589,,,,
17,2237,1.110158920288086,,,,
17,2238,1.0999878644943237,,,,
17,2239,1.0430686473846436,,,,
17,2240,1.2303706407546997,,,,
17,2241,1.072056770324707,,,,
17,2242,1.223859190940857,,,,
17,2243,1.1748055219650269,,,,
17,2244,1.1414506435394287,,,,
17,2245,1.318555474281311,,,,
17,2246,0.9510641098022461,,,,
17,2247,1.2093642950057983,,,,
17,2248,1.116799235343933,,,,
17,2249,1.130242943763733,,,,
,272,,1.3261754512786865,,,
,273,,1.0882608890533447,,,
,274,,1.2071363925933838,,,
,275,,1.0696176290512085,,,
,276,,1.1407318115234375,,,
,277,,1.1797670125961304,,,
,278,,1.3004343509674072,,,
,279,,1.2722939252853394,,,
,280,,1.0654942989349365,,,
,281,,1.3850383758544922,,,
,282,,1.033854365348816,,,
,283,,0.9739499092102051,,,
,284,,1.186091423034668,,,
,285,,1.0696972608566284,,,
,286,,1.0687675476074219,,,
,287,,1.0633480548858643,,,
17,2249,,,1.1540417671203613,,
17,2249,,,,0.3656249940395355,1.15042245388031
18,2250,1.0091685056686401,,,,
18,2251,1.2129440307617188,,,,
18,2252,1.1427721977233887,,,,
18,2253,1.1152033805847168,,,,
18,2254,1.3011587858200073,,,,
18,2255,1.286475419998169,,,,
18,2256,1.3429056406021118,,,,
18,2257,1.1285752058029175,,,,
18,2258,1.2373262643814087,,,,
18,2259,0.9782925844192505,,,,
18,2260,1.1011550426483154,,,,
18,2261,0.8793087005615234,,,,
18,2262,1.0950210094451904,,,,
18,2263,0.9126013517379761,,,,
18,2264,1.2392232418060303,,,,
18,2265,1.275136947631836,,,,
18,2266,1.2263132333755493,,,,
18,2267,1.0909956693649292,,,,
18,2268,1.0757426023483276,,,,
18,2269,1.1902060508728027,,,,
18,2270,1.103403091430664,,,,
18,2271,1.1155391931533813,,,,
18,2272,0.9729518294334412,,,,
18,2273,1.059055209159851,,,,
18,2274,1.1983132362365723,,,,
18,2275,1.252547264099121,,,,
18,2276,1.1914420127868652,,,,
18,2277,1.1639556884765625,,,,
18,2278,0.9958847761154175,,,,
18,2279,1.120173692703247,,,,
18,2280,1.05079984664917,,,,
18,2281,1.206990122795105,,,,
18,2282,1.1534030437469482,,,,
18,2283,1.223375678062439,,,,
18,2284,1.1585417985916138,,,,
18,2285,1.237061858177185,,,,
18,2286,1.2169419527053833,,,,
18,2287,1.0763788223266602,,,,
18,2288,1.1258530616760254,,,,
18,2289,1.0536904335021973,,,,
18,2290,1.1354172229766846,,,,
18,2291,1.1770424842834473,,,,
18,2292,1.110845685005188,,,,
18,2293,1.2172589302062988,,,,
18,2294,1.2619903087615967,,,,
18,2295,1.0008599758148193,,,,
18,2296,1.1944057941436768,,,,
18,2297,1.0289124250411987,,,,
18,2298,1.2724521160125732,,,,
18,2299,1.168093204498291,,,,
18,2300,1.1030737161636353,,,,
18,2301,1.0027064085006714,,,,
18,2302,1.110906720161438,,,,
18,2303,1.2320935726165771,,,,
18,2304,1.2147893905639648,,,,
18,2305,1.268263339996338,,,,
18,2306,1.209523320198059,,,,
18,2307,1.1323548555374146,,,,
18,2308,1.1803196668624878,,,,
18,2309,1.0923789739608765,,,,
18,2310,1.150993824005127,,,,
18,2311,1.2090808153152466,,,,
18,2312,1.0205762386322021,,,,
18,2313,1.034483790397644,,,,
18,2314,1.2179756164550781,,,,
18,2315,1.2061913013458252,,,,
18,2316,1.1580148935317993,,,,
18,2317,1.1338529586791992,,,,
18,2318,1.171247959136963,,,,
18,2319,1.033828854560852,,,,
18,2320,1.2436044216156006,,,,
18,2321,1.1005630493164062,,,,
18,2322,1.2050166130065918,,,,
18,2323,1.2396531105041504,,,,
18,2324,1.0234676599502563,,,,
18,2325,1.146321415901184,,,,
18,2326,1.0211584568023682,,,,
18,2327,1.1911653280258179,,,,
18,2328,1.0375299453735352,,,,
18,2329,1.1666628122329712,,,,
18,2330,1.058525562286377,,,,
18,2331,1.018151044845581,,,,
18,2332,1.2215418815612793,,,,
18,2333,1.1631536483764648,,,,
18,2334,1.027907371520996,,,,
18,2335,1.2223248481750488,,,,
18,2336,1.3298414945602417,,,,
18,2337,1.140794277191162,,,,
18,2338,1.1199907064437866,,,,
18,2339,1.149482250213623,,,,
18,2340,0.9689435958862305,,,,
18,2341,1.135048747062683,,,,
18,2342,0.9735111594200134,,,,
18,2343,1.0632696151733398,,,,
18,2344,1.1061443090438843,,,,
18,2345,1.213573932647705,,,,
18,2346,1.129112958908081,,,,
18,2347,1.0777232646942139,,,,
18,2348,1.2272576093673706,,,,
18,2349,1.321515440940857,,,,
18,2350,1.2857061624526978,,,,
18,2351,1.053254246711731,,,,
18,2352,1.045624017715454,,,,
18,2353,1.019267201423645,,,,
18,2354,0.9713582992553711,,,,
18,2355,1.012094497680664,,,,
18,2356,1.2100930213928223,,,,
18,2357,1.2052923440933228,,,,
18,2358,1.260023832321167,,,,
18,2359,1.2366456985473633,,,,
18,2360,1.0889068841934204,,,,
18,2361,1.0539766550064087,,,,
18,2362,1.170987606048584,,,,
18,2363,1.0828973054885864,,,,
18,2364,1.1318281888961792,,,,
18,2365,1.107690691947937,,,,
18,2366,1.1951431035995483,,,,
18,2367,1.2814006805419922,,,,
18,2368,1.0966044664382935,,,,
18,2369,1.125496506690979,,,,
18,2370,1.2222390174865723,,,,
18,2371,1.206908941268921,,,,
18,2372,1.1646418571472168,,,,
18,2373,1.1619879007339478,,,,
18,2374,1.198222279548645,,,,
,288,,1.2937378883361816,,,
,289,,1.0606473684310913,,,
,290,,1.224696397781372,,,
,291,,1.0517069101333618,,,
,292,,1.114477276802063,,,
,293,,1.155597448348999,,,
,294,,1.2795324325561523,,,
,295,,1.2460381984710693,,,
,296,,1.0459426641464233,,,
,297,,1.3557963371276855,,,
,298,,1.0092219114303589,,,
,299,,0.9679383039474487,,,
,300,,1.1568304300308228,,,
,301,,1.0468944311141968,,,
,302,,1.0543564558029175,,,
,303,,1.054792881011963,,,
18,2374,,,1.134250283241272,,
